id,created,superceded_id,valid,connection_score,cleft_score,gaba,ach,glut,oct,ser,da,valid_nt,pre_pt_supervoxel_id,pre_pt_root_id,post_pt_supervoxel_id,post_pt_root_id,pre_pt_position,post_pt_position
241342472,2021-03-09 20:14:58.183080+00:00,,True,380.1056,137.0,0.0010230875,0.04229296,0.0011706603,4.0787967e-05,0.9455528,0.009919642,True,80153985818265283,720575940617330107,80153985818259027,720575940642027464,[554540 263044 157000],[554456 263104 157000]
211178820,2021-03-09 20:14:58.183080+00:00,,True,130.32797,135.0,9.349987e-05,0.9551629,7.742405e-09,1.7577766e-10,0.021692963,0.023050629,True,79943154329219521,720575940617330107,79943154329225096,720575940642027464,[542772 280720 109640],[542880 280760 109680]
211178872,2021-03-09 20:14:58.183080+00:00,,True,583.71747,153.0,0.0005556576,0.9720248,7.154619e-07,6.166165e-06,0.023642356,0.0037702865,True,79943223048693150,720575940617330107,79943223048688092,720575940642027464,[542836 281100 109920],[542980 281128 109880]
144444040,2021-03-09 20:14:58.183080+00:00,,True,31.689754,18.0,0.015322297,0.96898055,0.00023688424,9.350257e-07,0.012454516,0.003004746,True,80153985818233338,720575940617330107,80153985818230633,720575940642027464,[555272 262992 156280],[555232 263024 156200]
351994,2021-03-09 20:14:58.183080+00:00,,True,431.81638,127.0,0.0015678676,0.6125439,0.06787524,2.8177075e-11,0.30963182,0.008381221,True,80365641538180991,720575940612664273,80365641538189649,720575940615899622,[566436 294276  75440],[566536 294344  75440]
351774,2021-03-09 20:14:58.183080+00:00,,True,24.955477,2.0,0.12576634,0.25754097,0.59630924,4.3204383e-07,0.014934127,0.0054488364,True,80365641538129032,720575940612921571,80365641538124998,720575940615899622,[567008 295112  74200],[567052 295064  74120]
3301168,2021-03-09 20:14:58.183080+00:00,,True,23.137735,0.0,0.053329796,0.46959993,0.36412674,0.009014475,0.024471063,0.079458036,True,78746748507927746,720575940628032768,78746748507925033,720575940653053601,[474108 272284 198720],[474128 272188 198720]
6635605,2021-03-09 20:14:58.183080+00:00,,True,23.023983,160.0,0.03456469,0.8866291,0.055362925,0.0045119543,0.011762612,0.007168711,True,80013591926923157,720575940617330107,80013591926928725,720575940623222712,[545940 282772 145800],[546048 282740 145880]
209081481,2021-03-09 20:14:58.183080+00:00,,True,17.238142,24.0,0.013943449,0.8836545,0.003371733,0.008813408,0.005032144,0.08518478,True,80013248262842206,720575940623992317,80013248262835759,720575940615899622,[546264 262552 138720],[546256 262648 138760]
99238332,2021-03-09 20:14:58.183080+00:00,,True,52.302612,2.0,0.014036975,0.9125193,0.0012814313,0.002846049,0.00043992526,0.06887643,True,79099072929247815,720575940624535554,79099072929255360,720575940628800207,[495152 300680  85960],[495144 300664  86080]
99238275,2021-03-09 20:14:58.183080+00:00,,True,27.00704,135.0,0.0024734247,0.69783556,0.00022125914,8.301226e-06,0.0011286773,0.2983328,True,79169441673411437,720575940624535554,79169441673412853,720575940628800207,[495488 301180  85640],[495528 301232  85720]
124907596,2021-03-09 20:14:58.183080+00:00,,True,476.68036,147.0,0.01813179,0.78739804,0.00023492122,0.001550475,0.0039359727,0.18874885,True,79169441673411437,720575940624535554,79169441673400358,720575940628800207,[495920 301248  85360],[495880 301408  85320]
124913195,2021-03-09 20:14:58.183080+00:00,,True,420.211,144.0,0.005872792,0.8382571,0.0002981727,2.443608e-06,0.0020871263,0.15348233,True,79169441673411437,720575940624535554,79169441673412853,720575940628800207,[495520 301208  85560],[495592 301288  85560]
2923382,2021-03-09 20:14:58.183080+00:00,,True,8.631372,0.0,0.0024081555,0.00938461,0.0021206043,0.00042943752,0.9677548,0.017902397,True,81350529481458171,720575940494908340,81350529481460706,720575940615899622,[625548 279960 199720],[625668 279960 199760]
2813040,2021-03-09 20:14:58.183080+00:00,,True,32.926765,0.0,0.06237081,0.023226516,0.38973895,0.081778124,0.15156543,0.29132017,True,77831954833630336,720575940631157329,77902323577820059,720575940632409130,[421500 268904 199680],[421688 268944 199680]
54397804,2021-03-09 20:14:58.183080+00:00,,True,20.114748,154.0,0.01331538,0.54505163,0.00058006827,2.6384838e-05,0.015065311,0.42596123,True,79309904217042797,720575940624535554,79309904217040133,720575940653053601,[507424 284784  73960],[507408 284612  73920]
24681201,2021-03-09 20:14:58.183080+00:00,,True,1086.6046,145.0,0.00010768235,0.99938786,2.6248598e-10,1.9591382e-05,1.1720392e-05,0.0004731751,True,79379517315608536,720575940615378700,79379517315615343,720575940653053601,[508172 238200 161560],[508288 238184 161520]
178355,2021-03-09 20:14:58.183080+00:00,,True,240.44438,164.0,0.01764164,0.76532286,0.0011808036,9.4983254e-05,0.022959072,0.19280055,True,79309904217044018,720575940624535554,79309904217040139,720575940653053601,[507452 284780  73960],[507512 284632  73960]
34823393,2021-03-09 20:14:58.183080+00:00,,True,238.08449,8.0,0.0012847325,0.36399648,0.61133635,2.2736816e-05,0.0070920824,0.016267568,True,78533786648131169,720575940616865025,78533786648130112,720575940653053601,[462196 160064 135920],[462136 160136 135880]
217872665,2021-03-09 20:14:58.183080+00:00,,True,181.97919,146.0,0.0019189019,0.99500555,6.6286543e-06,1.0029574e-06,0.002187152,0.0008808629,True,79943291768505585,720575940615378700,79943291768532624,720575940615899622,[542132 285328 121120],[542236 285352 121120]
192466051,2021-03-09 20:14:58.183080+00:00,,True,19.199923,0.0,0.1864392,0.4330256,0.069595195,0.014118386,0.22913347,0.06768815,True,78603880514536440,720575940606745790,78603880514531626,720575940653053601,[464716 144116 140240],[464624 144004 140280]
137933093,2021-03-09 20:14:58.183080+00:00,,True,178.97339,126.0,0.06896007,0.017171074,0.8968505,0.00035497654,0.0037466348,0.012916679,True,80223873526195571,720575940612346408,80223873526185329,720575940623222712,[559424 233104 160080],[559348 233216 160080]
6518988,2021-03-09 20:14:58.183080+00:00,,True,42.523544,0.0,0.3497982,0.12944612,0.19960229,0.0035979815,0.07971975,0.23783562,True,79801180024287638,720575940626727301,79801180024283175,720575940628800207,[533120 205288 144720],[533048 205196 144720]
44221471,2021-03-09 20:14:58.183080+00:00,,True,613.26953,148.0,0.00010246103,0.99881953,1.7927597e-09,1.539877e-05,4.807663e-07,0.0010620789,True,79097561302282866,720575940605777841,79097561302289683,720575940620328828,[494408 208372 154200],[494320 208388 154200]
179350621,2021-03-09 20:14:58.183080+00:00,,True,206.39578,139.0,3.1757205e-05,0.00040968604,0.9995523,7.171258e-09,6.1640053e-06,4.8153836e-08,True,79239398034186315,720575940610708430,79239398034189103,720575940653053601,[502488 276612  81640],[502528 276504  81640]
69709029,2021-03-09 20:14:58.183080+00:00,,True,102.31389,0.0,0.21971634,0.21590912,0.32425106,0.006655906,0.081315964,0.15215169,True,78745373983849709,720575940628236554,78745373983852332,720575940620328828,[474240 189620 148920],[474156 189512 148920]
7618441,2021-03-09 20:14:58.183080+00:00,,True,330.3534,154.0,0.04967254,0.92105854,0.016886283,0.0019428272,0.005907949,0.004531804,True,80013385768424693,720575940623992317,80013385768451885,720575940623222712,[547652 271776 144480],[547648 271880 144560]
7991009,2021-03-09 20:14:58.183080+00:00,,True,181.69269,97.0,0.019273369,0.02717922,0.16695166,4.197425e-05,0.21828514,0.56826866,True,78815536569502476,720575940629749308,78815536569498424,720575940620328828,[476532 175348 145840],[476556 175440 145800]
47457825,2021-03-09 20:14:58.183080+00:00,,True,7.634472,7.0,0.022076264,0.8495669,0.01778875,0.0016281221,0.022495603,0.08644442,True,80504936185730236,720575940612423208,80504936185721771,720575940625963432,[575264 207864 149920],[575388 207892 149960]
8783208,2021-03-09 20:14:58.183080+00:00,,True,49.551773,0.0,0.00068116596,0.00013092106,0.00015219397,0.5464983,0.42350528,0.02903218,True,80083960671072898,720575940625264457,80083960671069621,720575940623222712,[549216 281352 144920],[549284 281320 144880]
127494786,2021-03-09 20:14:58.183080+00:00,,True,68.29742,148.0,0.0021965455,0.9849296,1.2272623e-05,4.7611678e-07,0.009039195,0.003821983,True,79309904351120040,720575940624402173,79309904351121442,720575940628800207,[504696 282764 111400],[504780 282828 111360]
8093702,2021-03-09 20:14:58.183080+00:00,,True,20.223278,2.0,0.29351947,0.023055054,0.0062211165,0.016926851,0.25662997,0.40364754,True,80645536234950057,720575940623222712,80645536234965411,720575940625963432,[583688 202252 144840],[583800 202312 144840]
8783162,2021-03-09 20:14:58.183080+00:00,,True,217.02676,49.0,0.006723068,0.99053454,0.00024051848,0.00028074015,0.00020855396,0.002012533,True,80083891951594691,720575940621031006,80083960671057352,720575940623222712,[549296 281048 144680],[549284 281164 144720]
109611436,2021-03-09 20:14:58.183080+00:00,,True,150.59467,143.0,0.009526852,0.65661937,0.0016627366,4.6677164e-06,0.0055507715,0.32663557,True,80012148885426558,720575940633640493,80012148885438334,720575940615899622,[548064 195328 179280],[547944 195244 179280]
8817790,2021-03-09 20:14:58.183080+00:00,,True,110.25574,177.0,0.009749188,0.9788891,0.005568618,0.00013814135,7.703176e-05,0.0055778744,True,79309904485121029,720575940609695683,79309904485116131,720575940628800207,[505804 281192 145600],[505908 281164 145560]
8093726,2021-03-09 20:14:58.183080+00:00,,True,11.466528,0.0,0.04169821,0.45357287,0.011664072,0.009324443,0.4276483,0.056092132,True,80645536234973858,720575940603017132,80645536234976183,720575940625963432,[583484 202080 145680],[583516 202212 145600]
227945426,2021-03-09 20:14:58.183080+00:00,,True,60.68434,146.0,0.0007584846,0.9969241,1.926899e-06,6.1689825e-06,0.0009237418,0.0013855757,True,80083617006993211,720575940624402173,80083617007003043,720575940623222712,[551028 261256 137160],[551064 261392 137200]
8821299,2021-03-09 20:14:58.183080+00:00,,True,221.58252,3.0,0.84791416,0.13617708,0.0026777845,2.3379338e-05,0.0013972969,0.011810299,True,80083891951565458,720575940634605920,80083891951598710,720575940623222712,[550848 280848 144880],[550760 280804 144840]
160043984,2021-03-09 20:14:58.183080+00:00,,True,275.43277,0.0,0.5283626,0.18093634,0.092343986,0.0045851003,0.010233866,0.18353814,True,79239054771654206,720575940622712979,79309423515864684,720575940653053601,[503452 254900 164920],[503532 254936 164920]
211193528,2021-03-09 20:14:58.183080+00:00,,True,16.379066,0.0,0.054427404,0.065701336,0.0033936687,0.0052360496,0.8173654,0.053876143,True,79380204375808076,720575940623925173,79380204375806787,720575940620328828,[510656 280704 110600],[510584 280636 110640]
47469103,2021-03-09 20:14:58.183080+00:00,,True,237.10306,1.0,0.10014517,0.014836891,0.024258725,0.22454764,0.10673544,0.52947617,True,80434567441541137,720575940613588246,80434567441536396,720575940625963432,[569596 210152 150360],[569532 209960 150320]
9282421,2021-03-09 20:14:58.183080+00:00,,True,63.173203,0.0,0.3926907,0.3131866,0.07384745,0.0036081884,0.062409516,0.15425757,True,80083823232114381,720575940442706462,80083823232106593,720575940615899622,[551268 274916 144720],[551364 274852 144720]
11351855,2021-03-09 20:14:58.183080+00:00,,True,17.2753,0.0,0.14721403,0.09719684,0.121437535,0.022047289,0.5176167,0.09448765,True,78817323477292406,720575940614611643,78817323477300979,720575940628800207,[475260 283124 209160],[475272 283012 209160]
110107135,2021-03-09 20:14:58.183080+00:00,,True,215.94986,150.0,0.93317765,0.001808697,0.06348713,1.5581387e-05,0.0002135205,0.0012974861,True,79308736321557279,720575940634258146,79308736321590452,720575940632409130,[506376 215388 179480],[506248 215336 179520]
110107119,2021-03-09 20:14:58.183080+00:00,,True,283.93915,154.0,0.6900976,0.0058771176,0.29872537,6.534584e-05,0.0022986177,0.0029360235,True,79308736321587640,720575940634258146,79308736321581214,720575940632409130,[506356 215464 179480],[506252 215456 179480]
8817818,2021-03-09 20:14:58.183080+00:00,,True,23.08497,0.0,0.027918817,0.0029626843,0.0024944046,0.6015515,0.1208403,0.24423227,True,79309835765643595,720575940635075738,79309835765653462,720575940628800207,[505240 279940 145840],[505292 280112 145800]
208865450,2021-03-09 20:14:58.183080+00:00,,True,114.76318,0.0,0.041924194,0.69426215,0.12518369,0.03371771,0.010011194,0.094901,True,78674524136520000,720575940625184782,78674524136553714,720575940653053601,[467224 161704 137880],[467156 161756 137920]
82636468,2021-03-09 20:14:58.183080+00:00,,True,225.1974,89.0,0.014647952,0.887348,0.0005163618,5.6731962e-05,0.017691465,0.079739474,True,79450092016572628,720575940627555590,79450092016578474,720575940620328828,[514440 249080  90960],[514184 249356  91000]
84171982,2021-03-09 20:14:58.183080+00:00,,True,12.436795,73.0,0.009626662,0.29553866,0.008744911,0.00015779458,0.643883,0.042048976,True,79379242437590311,720575940618111889,79379242437590258,720575940653053601,[510664 220864 158720],[510624 220736 158760]
82507351,2021-03-09 20:14:58.183080+00:00,,True,27.972515,145.0,0.0158816,0.0077766315,0.96199036,0.0011605844,0.007675381,0.0055153603,True,80083891750514751,720575940643325581,80083891750523606,720575940642027464,[548880 278856  91200],[548696 278836  91200]
14477360,2021-03-09 20:14:58.183080+00:00,,True,31.6492,0.0,0.051578704,0.10287867,0.097264275,0.10245342,0.35953644,0.28628844,True,80154604561698675,720575940585254182,80154604561702006,720575940615899622,[554300 297648 232440],[554116 297664 232400]
86484798,2021-03-09 20:14:58.183080+00:00,,True,6.708313,0.0,0.5036189,0.14007725,0.045675993,0.026007282,0.2213676,0.063253015,True,81772741812292273,720575940626119524,81772741812309049,720575940615899622,[647392 280904 159040],[647348 280796 159040]
115369150,2021-03-09 20:14:58.183080+00:00,,True,590.28723,145.0,0.00029850498,0.9985191,2.0736323e-07,0.0001414226,7.4673015e-05,0.0009660965,True,80645398729473585,720575940619896711,80645398729463315,720575940625963432,[582156 192872 142280],[582244 192836 142280]
53950134,2021-03-09 20:14:58.183080+00:00,,True,16.313053,141.0,0.17577907,0.18615368,0.22977893,0.0021429579,0.27999038,0.12615494,True,79802554213124613,720575940643325581,79802554213119617,720575940642027464,[535768 287448 102560],[535772 287308 102560]
120659275,2021-03-09 20:14:58.183080+00:00,,True,59.90798,12.0,0.9918595,0.0060605193,0.0020656567,9.38321e-10,2.5524766e-06,1.1840706e-05,True,80013591726153353,720575940629509948,80013591726154600,720575940642027464,[545816 281688 101960],[545712 281704 102000]
19105617,2021-03-09 20:14:58.183080+00:00,,True,172.30252,147.0,0.014466807,0.73267853,0.12383466,5.332871e-05,0.057128914,0.07183786,True,81632004390650824,720575940626740938,81632004390655829,720575940615899622,[641280 278136 166800],[641420 278080 166800]
18901076,2021-03-09 20:14:58.183080+00:00,,True,96.18626,1.0,0.17624687,0.65422136,0.0119472,0.08314753,0.047009133,0.027427958,True,80224492068170346,720575940632847661,80224492068162555,720575940613998860,[557488 272184 167520],[557520 272112 167520]
19327613,2021-03-09 20:14:58.183080+00:00,,True,21.07416,59.0,0.20417383,0.009765812,0.7829937,0.00014598978,0.00040827206,0.0025124552,True,80294448495456126,720575940627798910,80294448495458696,720575940623222712,[561388 246680 166360],[561368 246608 166360]
89762350,2021-03-09 20:14:58.183080+00:00,,True,11.470809,0.0,0.11854036,0.32333627,0.33196837,0.0022900386,0.12137903,0.10248591,True,80224148404311037,720575940608593347,80224148404247059,720575940625963432,[560348 252044 163840],[560396 252008 163840]
18989051,2021-03-09 20:14:58.183080+00:00,,True,177.43648,0.0,3.2210094e-06,2.026861e-08,1.0420082e-08,0.986503,8.6702465e-05,0.013407071,True,79237405504305161,720575940623804307,79237405504301710,720575940632409130,[500476 156704 166520],[500588 156684 166520]
241342497,2021-03-09 20:14:58.183080+00:00,,True,211.06583,153.0,0.0022130706,0.212904,0.1597534,6.137618e-05,0.56622684,0.0588413,True,80224354562419023,720575940609695683,80153985818257828,720575940625963432,[556812 263544 157000],[556704 263480 157040]
228869781,2021-03-09 20:14:58.183080+00:00,,True,207.3591,146.0,0.021397779,0.740814,0.0063158358,8.7500994e-05,0.11729135,0.11409354,True,79168479869318145,720575940620322497,79168479869309484,720575940628800207,[496260 240872 171800],[496404 240932 171840]
19852271,2021-03-09 20:14:58.183080+00:00,,True,54.96186,73.0,0.016467687,0.009193984,0.83625484,0.0015713999,0.011770409,0.124741696,True,80364885959173047,720575940631016588,80364885959165827,720575940613998860,[565424 250816 168040],[565456 250952 168000]
19852111,2021-03-09 20:14:58.183080+00:00,,True,465.125,146.0,0.012966056,0.9188819,0.014757562,0.0011452193,0.00670279,0.045546405,True,80294517214926881,720575940625965374,80294517214939179,720575940613998860,[564832 250232 166440],[564756 250292 166440]
166126251,2021-03-09 20:14:58.183080+00:00,,True,192.72107,13.0,0.0039044144,0.9515129,0.026229834,6.1492046e-06,0.00788231,0.010464406,True,79519430237445420,720575940627683588,79519430237432619,720575940632409130,[519200 187332 184680],[519104 187276 184600]
20262938,2021-03-09 20:14:58.183080+00:00,,True,12.447981,0.0,0.08642263,0.1679614,0.64844656,3.44958e-05,0.016275357,0.08085958,True,79239054771751571,720575940630546489,79239054771740825,720575940653053601,[501640 254860 166560],[501756 254836 166560]
94349331,2021-03-09 20:14:58.183080+00:00,,True,136.11443,152.0,0.0044990387,0.9896758,0.0002328218,0.002051494,6.7126e-05,0.0034735848,True,80013591860094764,720575940627683588,80013591860096118,720575940642027464,[544824 284536 133320],[544968 284532 133320]
20262958,2021-03-09 20:14:58.183080+00:00,,True,14.405252,7.0,0.009702023,0.08205173,0.880133,3.806727e-05,0.010727778,0.017347448,True,79239054771758716,720575940630546489,79239054771762847,720575940653053601,[501632 254616 166600],[501684 254544 166680]
144632688,2021-03-09 20:14:58.183080+00:00,,True,36.928158,63.0,0.009903751,0.13994461,0.017503088,8.614655e-06,0.8325475,9.252719e-05,True,79379860912789981,720575940605708478,79379860912786738,720575940628800207,[510460 258068 154720],[510576 257992 154720]
20265047,2021-03-09 20:14:58.183080+00:00,,True,28.998257,0.0,0.04683974,0.026912322,0.16909136,0.058893282,0.17668192,0.5215814,True,80364954678646535,720575940624587046,80364954678634798,720575940613998860,[568408 254444 167880],[568444 254340 167840]
45897820,2021-03-09 20:14:58.183080+00:00,,True,15.248174,162.0,0.008894732,0.9529841,0.0031760118,0.0008787287,0.0011148213,0.03295164,True,80083685793318194,720575940624323110,80083685793320939,720575940615899622,[551444 265720 149960],[551520 265628 149960]
164035564,2021-03-09 20:14:58.183080+00:00,,True,8.585147,0.0,0.004717656,0.079356395,0.00027917605,5.87306e-05,0.9110091,0.004578954,True,79379791992115391,720575940624402173,79379791992115341,720575940620328828,[510820 255928  98160],[510740 256000  98160]
178561,2021-03-09 20:14:58.183080+00:00,,True,439.04724,147.0,0.0006174728,0.9857157,0.010139328,6.730733e-07,0.00024701914,0.0032797938,True,79309904217103315,720575940624580390,79309904217096237,720575940653053601,[505520 283188  75440],[505484 283296  75440]
82507396,2021-03-09 20:14:58.183080+00:00,,True,22.143068,0.0,0.011123863,0.04925433,0.0045989957,0.0018552921,0.8312821,0.10188547,True,80013523006353885,720575940614572542,80013523006340427,720575940642027464,[548364 279000  91680],[548468 278992  91680]
20992064,2021-03-09 20:14:58.183080+00:00,,True,18.205965,0.0,0.05099774,0.19054456,0.27983263,0.049540527,0.019796593,0.40928793,True,79941917580150718,720575940618332757,79941917580153163,720575940615899622,[543328 207096 176440],[543388 206732 176440]
103156155,2021-03-09 20:14:58.183080+00:00,,True,424.29877,149.0,0.021291345,0.6540587,0.21793115,0.0043341476,0.0028072235,0.09957743,True,80154054537580769,720575940624323110,80154054537577017,720575940615899622,[553416 266432 152000],[553312 266272 152000]
102608191,2021-03-09 20:14:58.183080+00:00,,True,23.092777,0.0,0.021706775,0.0038871511,0.01456924,0.113401346,0.44169858,0.40473694,True,78886386350242277,720575940624323110,78886386350260146,720575940620328828,[479780 203888 152800],[479716 203968 152800]
84172051,2021-03-09 20:14:58.183080+00:00,,True,409.7085,140.0,0.012092958,0.00089569564,0.029218836,0.7455743,0.058090944,0.15412727,True,79379242437598230,720575940628236554,79379242437606879,720575940653053601,[511212 222312 159240],[511200 222168 159240]
7671458,2021-03-09 20:14:58.183080+00:00,,True,67.33953,129.0,0.097360015,0.0071056713,0.16252095,8.7637956e-05,0.4886112,0.24431454,True,78815467849991751,720575940628236554,78815467849986929,720575940653053601,[477656 170824 144840],[477608 170912 144840]
7357336,2021-03-09 20:14:58.183080+00:00,,True,449.90872,144.0,0.020174425,0.016249016,0.753887,0.006861179,0.10437531,0.098452985,True,78815467850001197,720575940628236554,78815467850001265,720575940653053601,[477676 171584 145080],[477568 171640 145080]
21837097,2021-03-09 20:14:58.183080+00:00,,True,18.15837,0.0,0.04961858,0.310496,0.016157238,0.0013996392,0.17472136,0.4476072,True,79238711174692681,720575940636111935,79238711174696450,720575940632409130,[500680 232304 176400],[500552 232112 176440]
41641792,2021-03-09 20:14:58.183080+00:00,,True,7.6564727,2.0,0.3311942,0.018786633,0.55326015,0.011632718,0.026047079,0.05907917,True,78745511422948801,720575940628236554,78745511422935655,720575940620328828,[474212 198116 152920],[474236 198256 152920]
34154277,2021-03-09 20:14:58.183080+00:00,,True,303.0455,124.0,0.0482145,0.014796848,0.9291215,0.002274141,0.004223402,0.0013695188,True,80574823826615762,720575940628236554,80574823826647268,720575940623222712,[578816 182664 135480],[578764 182712 135480]
52607743,2021-03-09 20:14:58.183080+00:00,,True,59.23032,4.0,0.0327087,0.5646656,0.27996707,0.0023190554,0.0068981517,0.11344146,True,79943223048434571,720575940627436554,79943223048435014,720575940642027464,[543400 284956 103280],[543352 284872 103320]
136594174,2021-03-09 20:14:58.183080+00:00,,True,9.56491,148.0,0.051088337,0.07280753,0.85202044,0.00091004925,0.009558816,0.013614786,True,79590348670142635,720575940628236554,79590348670146280,720575940636254810,[520332 220516 159640],[520328 220440 159640]
102746980,2021-03-09 20:14:58.183080+00:00,,True,16.237373,165.0,0.010250477,0.91990256,0.020311313,0.010560549,0.0011719023,0.0378032,True,80153229903845081,720575940614619282,80153229903832360,720575940625963432,[554856 217084 151840],[554768 217036 151720]
46586844,2021-03-09 20:14:58.183080+00:00,,True,466.6484,64.0,0.2691312,0.06315978,0.6399025,0.0018967413,0.010986153,0.0149237085,True,80153229903791475,720575940628236554,80153161184309392,720575940625963432,[555724 215616 150440],[555744 215500 150400]
23934498,2021-03-09 20:14:58.183080+00:00,,True,895.8975,152.0,0.0026493075,0.9632408,1.6904642e-06,2.8490018e-05,0.0023000774,0.03177955,True,80294448428861406,720575940618770671,80294448428877730,720575940625963432,[561232 245040 162280],[561316 244984 162280]
144739452,2021-03-09 20:14:58.183080+00:00,,True,41.522346,11.0,0.48010957,0.06487967,0.12732594,0.20876344,0.041366015,0.0775554,True,80223736087071461,720575940630610169,80223736087102265,720575940623222712,[557848 226404 154760],[557940 226508 154800]
22565707,2021-03-09 20:14:58.183080+00:00,,True,146.32066,1.0,0.00010595858,0.00010399758,0.0010579198,0.09285439,0.8631996,0.042678177,True,80575992192013628,720575940616259814,80575992191976970,720575940625963432,[578708 252176 176600],[578624 252268 176600]
23945845,2021-03-09 20:14:58.183080+00:00,,True,133.61226,149.0,0.006991882,0.8624445,0.09280224,3.137826e-05,0.022725608,0.015004272,True,80224079684705805,720575940629026174,80224079684705786,720575940613998860,[558520 245108 162320],[558456 245180 162320]
44433542,2021-03-09 20:14:58.183080+00:00,,True,8.617552,25.0,0.0050874404,0.9859562,0.000617266,0.0038443531,0.0005728673,0.003921967,True,79450229656901213,720575940615378700,79450229656898454,720575940628800207,[511940 258180 154120],[511856 258252 154120]
24680981,2021-03-09 20:14:58.183080+00:00,,True,160.81194,63.0,0.0051702578,0.0020355578,0.9826062,0.0001230606,0.009156062,0.00090888597,True,80223942245763568,720575940628236554,80223942245751733,720575940615899622,[559592 238120 162840],[559604 238216 162840]
24771130,2021-03-09 20:14:58.183080+00:00,,True,437.3971,152.0,0.0019539474,0.5845274,0.2392293,4.5706824e-07,0.16698602,0.00730291,True,80223942245729151,720575940613235865,80223942245709475,720575940625963432,[558960 239940 161440],[558940 240060 161400]
206633110,2021-03-09 20:14:58.183080+00:00,,True,27.042881,147.0,0.99791855,0.0003131816,0.0017545603,7.11209e-09,1.0412177e-06,1.2708604e-05,True,78744961600202085,720575940606218528,78744961600207304,720575940653053601,[471284 164112 138240],[471360 164160 138240]
124190030,2021-03-09 20:14:58.183080+00:00,,True,82.69389,128.0,7.8376124e-13,1.2796923e-16,1.4289839e-16,0.99998856,1.1481451e-05,1.4095151e-09,True,79169510392846170,720575940625489160,79169510392840186,720575940628800207,[496560 302148  84320],[496504 302176  84280]
24495619,2021-03-09 20:14:58.183080+00:00,,True,21.122791,144.0,0.96986324,0.020875214,0.0078851385,5.9919472e-05,0.00045840078,0.0008580981,True,79166967974075819,720575940619637056,79166967974080147,720575940632409130,[499056 153136 162240],[499128 153064 162280]
24829773,2021-03-09 20:14:58.183080+00:00,,True,6.688549,2.0,0.0029981472,0.02393161,0.005990941,0.00012154023,0.68294775,0.28401008,True,81351147822683194,720575940633264888,81351147822663361,720575940625963432,[625672 317464 162760],[625680 317608 162760]
148034337,2021-03-09 20:14:58.183080+00:00,,True,106.22867,0.0,0.03802645,0.0029603338,0.00055275025,0.26808307,0.6542897,0.03608763,True,80647116917731026,720575940607384242,80647116917723568,720575940613998860,[584928 294044 204520],[584856 293972 204440]
25395818,2021-03-09 20:14:58.183080+00:00,,True,337.399,149.0,0.014768805,0.8698435,0.0023352848,0.021223983,0.00029425076,0.0915341,True,80153436062600942,720575940609004920,80153436062613042,720575940625963432,[553296 230592 162520],[553348 230488 162520]
26062877,2021-03-09 20:14:58.183080+00:00,,True,122.12053,147.0,0.096799605,0.06296405,0.8379549,1.6915412e-05,0.0008811271,0.0013833873,True,78885699155748011,720575940618369659,78885699155757325,720575940632409130,[480104 165364 161400],[480148 165512 161400]
26359542,2021-03-09 20:14:58.183080+00:00,,True,121.61036,0.0,0.0068407166,0.010702288,0.014526427,0.009539687,0.8286726,0.12971832,True,81702373068239063,720575940607968523,81702373068244544,720575940615899622,[645056 279260 162040],[645172 279280 162080]
26892149,2021-03-09 20:14:58.183080+00:00,,True,27.852894,0.0,5.540804e-07,1.5117993e-06,3.1946317e-09,0.16600655,0.8339902,1.1455231e-06,True,79309423449366170,720575940612528269,79309423449367505,720575940653053601,[505536 255680 162240],[505472 255760 162280]
26871024,2021-03-09 20:14:58.183080+00:00,,True,131.57057,129.0,0.010155037,0.74758387,0.0074060084,2.2365699e-05,0.049424384,0.1854083,True,80224217123642839,720575940624940800,80224217123641509,720575940623222712,[556780 252832 161800],[556760 252960 161800]
26947516,2021-03-09 20:14:58.183080+00:00,,True,80.1365,0.0,0.060588196,0.091365814,0.03410563,0.038016096,0.7099638,0.065960445,True,79309423449363744,720575940506150859,79309423449346592,720575940632409130,[506980 256324 161920],[506960 256232 161840]
20267336,2021-03-09 20:14:58.183080+00:00,,True,88.67106,16.0,0.030857606,0.70011204,0.099544235,0.009860412,0.017430186,0.14219555,True,80364954678602871,720575940623682195,80364954678611063,720575940613998860,[566672 252596 167040],[566584 252568 167040]
171191470,2021-03-09 20:14:58.183080+00:00,,True,18.260082,8.0,0.14459813,0.5272674,0.12824923,0.00018615783,0.15568165,0.044017445,True,78817185971633197,720575940623682195,78817185971637072,720575940636254810,[475380 274800 200440],[475288 274800 200440]
242463355,2021-03-09 20:14:58.183080+00:00,,True,5.740437,133.0,0.012584288,0.9801925,0.0030823818,0.0006070183,0.00018482486,0.0033490306,True,79309629607627365,720575940623682195,79309629607615318,720575940636254810,[504528 268704 157200],[504608 268756 157200]
28518019,2021-03-09 20:14:58.183080+00:00,,True,603.7458,145.0,0.012356442,0.8608515,0.0040769246,0.0027227257,0.0015743688,0.118418,True,80225041488894523,720575940612238632,80225041488886270,720575940615899622,[560288 304268  79160],[560296 304168  79160]
28518031,2021-03-09 20:14:58.183080+00:00,,True,63.942436,150.0,0.016108895,0.7109411,0.0050132824,0.00032529145,0.0057700486,0.26184136,True,80225041488894523,720575940612238632,80225041488886270,720575940615899622,[560256 304272  79240],[560148 304180  79240]
29191991,2021-03-09 20:14:58.183080+00:00,,True,89.509964,47.0,0.01769718,0.38353723,0.010072841,0.00025977928,0.41164035,0.17679264,True,79309835497769436,720575940532043742,79309835497730230,720575940653053601,[506008 280176  79080],[506012 280128  79040]
146014046,2021-03-09 20:14:58.183080+00:00,,True,263.24054,97.0,0.0026635313,0.9604597,0.00057125813,2.0912536e-07,0.00018288234,0.03612248,True,78463349117466116,720575940627827450,78463349117459803,720575940620328828,[455260 156520 119240],[455340 156604 119240]
226484016,2021-03-09 20:14:58.183080+00:00,,True,98.92494,78.0,0.108431764,0.6234982,0.10105739,0.005618932,0.07307551,0.08831826,True,80013248262784863,720575940630311383,80013248262798558,720575940615899622,[546036 263800 137280],[545944 263704 137320]
99465891,2021-03-09 20:14:58.183080+00:00,,True,271.26718,90.0,0.0032650125,0.74974185,0.21618754,1.2799441e-05,0.00018702219,0.030605746,True,79942810664622618,720575940625622530,79942810664616773,720575940642027464,[543924 260124  86400],[543932 260236  86400]
29191989,2021-03-09 20:14:58.183080+00:00,,True,91.99677,173.0,0.01831744,0.87011826,0.00020297525,5.9954178e-05,0.019611549,0.09168994,True,79309835497741286,720575940532043742,79309835497727503,720575940653053601,[506244 280464  79120],[506176 280472  79000]
230173967,2021-03-09 20:14:58.183080+00:00,,True,212.86134,150.0,0.0009809062,0.621086,0.0019210286,2.7156328e-05,0.0011606201,0.37482435,True,79168617308300497,720575940609695683,79168617308297021,720575940632409130,[496476 250592 172640],[496392 250476 172640]
209706083,2021-03-09 20:14:58.183080+00:00,,True,276.46063,7.0,0.03634738,0.25884664,0.3575813,0.017704755,0.063846275,0.26567364,True,80013591792897836,720575940628669545,80013591792893827,720575940615899622,[545832 282384 110720],[545760 282464 110720]
31737994,2021-03-09 20:14:58.183080+00:00,,True,5.7223144,0.0,0.19540851,0.33666378,0.09249395,0.0356666,0.30016643,0.039600708,True,78817254757728271,720575940630361088,78817254757727016,720575940636254810,[475136 279508 206320],[475072 279600 206320]
33584239,2021-03-09 20:14:58.183080+00:00,,True,11.500325,145.0,0.024497043,0.021648785,0.94573605,7.220129e-05,0.0020444044,0.0060015027,True,80083617006948878,720575940553356532,80083617006947991,720575940623222712,[550480 264552 135480],[550536 264668 135480]
227596701,2021-03-09 20:14:58.183080+00:00,,True,36.665047,44.0,7.1712697e-07,5.0937214e-08,7.083569e-08,0.89997226,0.099243425,0.0007833932,True,79943223116037982,720575940611108676,79943223116036443,720575940615899622,[543688 282652 137160],[543708 282528 137160]
162415277,2021-03-09 20:14:58.183080+00:00,,True,278.33124,54.0,0.024670234,0.74028105,0.053607397,0.0022690673,0.012196578,0.16697574,True,79098317283518707,720575940604167712,79098317283537612,720575940628800207,[492696 255504 170520],[492736 255636 170560]
34177789,2021-03-09 20:14:58.183080+00:00,,True,29.627768,7.0,0.00042401254,0.00053829857,0.95725405,2.4360288e-05,0.018398792,0.02336045,True,80574823826638909,720575940516757453,80574823826638942,720575940623222712,[580080 182092 135400],[579984 182120 135360]
164035555,2021-03-09 20:14:58.183080+00:00,,True,5.7119913,0.0,0.019069664,0.2284602,0.00041994522,5.5903532e-05,0.7430777,0.00891666,True,79379791992115391,720575940624402173,79379791992115370,720575940620328828,[510884 255968  98160],[510784 256080  98120]
6635336,2021-03-09 20:14:58.183080+00:00,,True,21.156271,0.0,0.0074667595,0.0049512223,0.0072677135,0.05185392,0.53167975,0.39678064,True,79943223182742450,720575940644745120,79943223182728493,720575940623222712,[542976 283556 145600],[543032 283456 145640]
89149285,2021-03-09 20:14:58.183080+00:00,,True,569.4671,147.0,0.008923367,0.9410086,0.0018932718,0.024048053,0.0028291491,0.021297533,True,80294517214808071,720575940617569931,80294517214850187,720575940625963432,[561304 248480 164640],[561364 248584 164640]
89149282,2021-03-09 20:14:58.183080+00:00,,True,168.78384,74.0,0.0100898985,0.8386554,0.002148085,0.0016890736,0.04144919,0.105968386,True,80294448495378193,720575940617569931,80294448495407841,720575940613998860,[560920 247844 164600],[561008 247800 164600]
47481257,2021-03-09 20:14:58.183080+00:00,,True,38.70281,0.0,0.16734663,0.013573206,0.01203606,0.032196473,0.25554577,0.51930195,True,80434567441546121,720575940613588246,80434567441550668,720575940625963432,[570280 209696 150680],[570308 209536 150640]
37419082,2021-03-09 20:14:58.183080+00:00,,True,30.027044,0.0,0.00928653,0.00834219,0.0037853268,0.24778838,0.70032895,0.030468691,True,80717210783784101,720575940610792290,80717210783797193,720575940613998860,[588888 278904 197000],[589016 278856 197040]
86874334,2021-03-09 20:14:58.183080+00:00,,True,13.400184,145.0,0.030321369,0.7608547,0.014919121,0.005841385,0.0057137646,0.18234965,True,80153985818315446,720575940617569931,80153985818307851,720575940615899622,[553976 261808 158640],[554140 261796 158720]
209081474,2021-03-09 20:14:58.183080+00:00,,True,526.7211,142.0,0.0011936444,0.9874657,3.1475417e-07,2.7598437e-05,1.8886485e-05,0.011293921,True,80013248262838264,720575940623992317,80013248262835759,720575940615899622,[546280 262644 138600],[546248 262744 138600]
81866820,2021-03-09 20:14:58.183080+00:00,,True,15.3815155,168.0,0.03239407,0.68850744,0.21372244,0.003910133,0.0054988065,0.05596716,True,80154329214202764,720575940634923700,80154329214196143,720575940615899622,[554960 282740  92280],[554860 282852  92240]
103155971,2021-03-09 20:14:58.183080+00:00,,True,100.286934,142.0,0.0055478895,0.8698092,0.005801626,0.00064497744,0.0012405878,0.116955765,True,80154054537543043,720575940623992317,80154054537560569,720575940615899622,[552656 267280 151320],[552764 267312 151280]
98592811,2021-03-09 20:14:58.183080+00:00,,True,93.37391,147.0,0.90265536,0.044974018,0.04340269,2.2223132e-05,0.0005270479,0.008418713,True,79099004209826056,720575940629548107,79099004209808044,720575940628800207,[494024 293616  87240],[494068 293712  87240]
205236639,2021-03-09 20:14:58.183080+00:00,,True,915.667,139.0,2.5390003e-05,0.0009333854,0.9990294,1.957915e-08,5.3578137e-06,6.5620143e-06,True,80224697958039579,720575940610708430,80224697958015352,720575940615899622,[556924 282468  82760],[556872 282368  82800]
186651280,2021-03-09 20:14:58.183080+00:00,,True,19.170795,0.0,0.16035892,0.030499266,0.022116655,0.043710705,0.0803444,0.66297,True,80647391795613599,720575940618658974,80647391795609576,720575940613998860,[583584 313408 203000],[583592 313232 203000]
38981372,2021-03-09 20:14:58.183080+00:00,,True,49.682228,34.0,0.00047930313,0.9969093,5.3939598e-08,0.000340277,2.1472344e-05,0.0022495924,True,79450641906553621,720575940393760713,79450641906552316,720575940628800207,[514308 283668 130640],[514388 283592 130600]
38981375,2021-03-09 20:14:58.183080+00:00,,True,18.227934,57.0,0.00046016678,0.99776495,9.6942735e-08,0.00023172812,5.0578823e-05,0.0014925252,True,79450641906553621,720575940393760713,79450641906552316,720575940628800207,[514296 283700 130640],[514392 283624 130640]
103155961,2021-03-09 20:14:58.183080+00:00,,True,43.391457,141.0,0.0050864764,0.8735274,0.013173665,0.00028436532,0.0016275608,0.106300466,True,80154054537543043,720575940623992317,80154054537548196,720575940615899622,[552640 267308 151280],[552736 267364 151240]
7979461,2021-03-09 20:14:58.183080+00:00,,True,138.98898,148.0,0.016498446,0.93936,0.005362433,0.0016882247,0.006737608,0.03035323,True,80083823232090471,720575940623122125,80083823232113492,720575940625963432,[552540 276928 144600],[552408 276808 144560]
116160919,2021-03-09 20:14:58.183080+00:00,,True,259.28625,0.0,0.0573725,0.16502807,0.25972784,0.14999306,0.1445142,0.22336432,True,80645467448950114,720575940623122125,80645467448942630,720575940625963432,[582436 197028 142760],[582376 196940 142680]
7979477,2021-03-09 20:14:58.183080+00:00,,True,597.281,148.0,0.022521582,0.88747567,0.0047060666,0.0007393355,0.032762565,0.051794734,True,80083823232098462,720575940623122125,80083823232112341,720575940625963432,[552568 276880 144680],[552428 276856 144680]
42619885,2021-03-09 20:14:58.183080+00:00,,True,861.10596,150.0,0.022923833,0.9295593,0.015360535,0.004817006,0.0009573025,0.026382063,True,80224423281811079,720575940623682195,80224423281833142,720575940625963432,[557040 265752 154320],[557040 265660 154320]
42654039,2021-03-09 20:14:58.183080+00:00,,True,333.19315,143.0,0.015890462,0.91859174,0.0048919255,0.002149691,0.0016142655,0.056861993,True,80153985818169104,720575940625587642,80153985818173979,720575940623222712,[552852 262660 154360],[552748 262732 154360]
42542333,2021-03-09 20:14:58.183080+00:00,,True,171.73788,3.0,0.012339007,0.98737466,9.041465e-06,1.0346046e-06,0.00027460727,1.6516688e-06,True,81280710358763758,720575940632624292,81280710358747977,720575940625963432,[618468 310720 154360],[618488 310840 154320]
42542255,2021-03-09 20:14:58.183080+00:00,,True,188.72452,0.0,0.032018106,0.68790746,0.053218994,0.07225245,0.03332751,0.12127552,True,81210341614552748,720575940627331560,81210341614548944,720575940625963432,[617856 311408 153880],[617824 311280 153920]
44221377,2021-03-09 20:14:58.183080+00:00,,True,89.77388,3.0,3.0759063e-06,5.7880643e-06,0.00015508503,4.3099946e-05,0.9314482,0.06834463,True,79097561302259626,720575940603538566,79097561302273390,720575940620328828,[494612 208504 153560],[494736 208544 153600]
42763353,2021-03-09 20:14:58.183080+00:00,,True,9.542515,0.0,2.2979442e-05,2.6368268e-06,1.6340578e-06,0.13655946,0.8618192,0.0015941443,True,79380067071159086,720575940591635338,79380067071157542,720575940628800207,[511172 270316 154040],[511016 270292 154040]
44433539,2021-03-09 20:14:58.183080+00:00,,True,19.21509,99.0,0.0060304287,0.9766766,0.0009765,0.0060268696,0.0017621176,0.008527518,True,79450229656901213,720575940615378700,79450229656898454,720575940628800207,[511912 258180 154120],[511792 258252 154080]
84146649,2021-03-09 20:14:58.183080+00:00,,True,41.66109,0.0,0.43005013,0.3167811,0.13523008,0.00064538134,0.02574023,0.09155314,True,80082929879384100,720575940614935859,80082929879396122,720575940625963432,[548776 221516 159480],[548672 221428 159560]
44342955,2021-03-09 20:14:58.183080+00:00,,True,90.02417,0.0,0.011140089,0.005366968,0.00014260957,0.29121682,0.6726289,0.019504588,True,79380067071142216,720575940613501337,79380067071145052,720575940628800207,[509464 272108 153640],[509376 272028 153680]
44353707,2021-03-09 20:14:58.183080+00:00,,True,38.714645,0.0,0.06789732,0.21209581,0.61768985,0.03154065,0.029802987,0.040973388,True,79380135790622844,720575940630894299,79380135790630353,720575940628800207,[508392 273812 153520],[508320 273760 153520]
154212301,2021-03-09 20:14:58.183080+00:00,,True,29.725819,131.0,0.019970058,0.6541564,0.010089832,0.00040151,0.025783848,0.2895984,True,79450092016727904,720575940630439471,79450092016729275,720575940620328828,[513096 250080  95360],[512964 250112  95360]
154212286,2021-03-09 20:14:58.183080+00:00,,True,135.5094,135.0,0.14023086,0.53727186,0.07001307,0.0046531404,0.012859362,0.2349717,True,79450092016717322,720575940630439471,79450092016717299,720575940620328828,[513232 250052  95200],[513084 250076  95160]
47480662,2021-03-09 20:14:58.183080+00:00,,True,189.67743,0.0,0.07346638,0.3811982,0.01584483,0.00015691303,0.5145204,0.014813276,True,79730879999774602,720575940630439471,79730879999767029,720575940632409130,[528172 208164 150520],[528112 208236 150520]
44186200,2021-03-09 20:14:58.183080+00:00,,True,40.73746,24.0,0.15379989,0.046557706,0.76942426,0.021117302,0.0030393407,0.0060614254,True,79027192558117607,720575940608118283,79027192558116383,720575940620328828,[491100 210252 154040],[491056 210304 154040]
45099799,2021-03-09 20:14:58.183080+00:00,,True,23.058907,2.0,0.29481614,0.05575212,0.008576098,0.13074279,0.3245933,0.18551955,True,78745442703355833,720575940630210375,78745442703371046,720575940620328828,[473932 193368 150480],[473864 193276 150480]
45099796,2021-03-09 20:14:58.183080+00:00,,True,28.784853,1.0,0.29851934,0.43296686,0.039526217,0.0017185413,0.034463387,0.19280571,True,78745442703366896,720575940625613555,78745442703364549,720575940620328828,[473824 192164 150520],[473760 192056 150440]
44545149,2021-03-09 20:14:58.183080+00:00,,True,58.01465,0.0,0.0117193125,0.02046707,0.008240078,0.27640823,0.093374275,0.58979106,True,80223736087053689,720575940610394840,80223736087062592,720575940623222712,[558496 225652 154320],[558612 225628 154320]
45973581,2021-03-09 20:14:58.183080+00:00,,True,237.58505,0.0,0.026494652,0.11759779,0.015227373,0.044508375,0.7084313,0.08774047,True,78745511422844465,720575940615310604,78745511422832215,720575940653053601,[474560 196080 149560],[474440 196120 149560]
46608693,2021-03-09 20:14:58.183080+00:00,,True,345.16113,1.0,0.22749142,0.009208934,0.0007981339,0.009940784,0.70254385,0.050016902,True,80293898672668439,720575940620274870,80293898672669650,720575940623222712,[562164 214784 150600],[562052 214696 150560]
45973588,2021-03-09 20:14:58.183080+00:00,,True,50.947594,0.0,0.03292504,0.1693422,0.013277578,0.07855115,0.6201088,0.08579521,True,78745511422826223,720575940615310604,78745511422832215,720575940653053601,[474548 195992 149600],[474456 196176 149600]
46842479,2021-03-09 20:14:58.183080+00:00,,True,48.38517,0.0,0.1475797,0.2549113,0.08243899,0.22857927,0.1915941,0.09489665,True,80223529928476553,720575940628236554,80223529928482943,720575940625963432,[560524 213760 149800],[560444 213632 149760]
46842470,2021-03-09 20:14:58.183080+00:00,,True,8.605171,0.0,0.05831762,0.040619414,0.034188036,0.011182943,0.662234,0.19345793,True,80293898672637320,720575940620208489,80293898672640045,720575940625963432,[561304 213412 149760],[561168 213360 149720]
86820750,2021-03-09 20:14:58.183080+00:00,,True,74.38016,36.0,0.0006610515,0.9901556,9.133128e-08,3.141866e-05,8.314691e-06,0.009143601,True,79097561302410169,720575940627716168,79097561302412694,720575940653053601,[491716 209448 158000],[491688 209344 157960]
47013701,2021-03-09 20:14:58.183080+00:00,,True,275.21378,117.0,0.0032294139,0.9933976,7.372074e-05,0.00015389445,0.0003685773,0.002776828,True,79309629607380528,720575940611870349,79309629607369466,720575940636254810,[504136 267600 150000],[504192 267660 149960]
46331449,2021-03-09 20:14:58.183080+00:00,,True,258.87204,150.0,0.12809032,0.2395877,0.6155581,0.0040905876,0.0006463127,0.012026968,True,80504386429940135,720575940621717509,80504386429948965,720575940625963432,[576912 178576 151080],[576792 178472 151040]
8144814,2021-03-09 20:14:58.183080+00:00,,True,326.87274,140.0,0.0088962205,0.86129344,0.0002476796,2.2757224e-06,0.082106896,0.047453456,True,80574892612905091,720575940636633998,80574892612899664,720575940625963432,[577900 183044 146160],[577824 182952 146160]
47028303,2021-03-09 20:14:58.183080+00:00,,True,75.862274,151.0,0.015859805,0.90920126,0.0363044,0.00013820324,0.0038789436,0.034617443,True,80154054537543043,720575940623992317,80154054537539350,720575940615899622,[552656 267476 150920],[552704 267584 150960]
47028313,2021-03-09 20:14:58.183080+00:00,,True,242.2231,12.0,0.025255667,0.26250374,0.62873334,7.117975e-05,0.047037896,0.036398116,True,80154054537541746,720575940623992317,80154054537539350,720575940615899622,[552728 267408 151040],[552784 267496 151040]
47028286,2021-03-09 20:14:58.183080+00:00,,True,95.80484,0.0,0.74857914,0.16158706,0.021232538,0.0317136,0.024213852,0.012673687,True,80154054537521590,720575940613018786,80154054537529050,720575940615899622,[552956 268676 150520],[552820 268528 150600]
47457804,2021-03-09 20:14:58.183080+00:00,,True,173.79927,22.0,0.029218836,0.807343,0.065260105,0.0063942205,0.013511665,0.07827223,True,80504936185713479,720575940389839344,80504936185721771,720575940625963432,[575264 207920 149880],[575420 207864 149880]
46987735,2021-03-09 20:14:58.183080+00:00,,True,189.5958,24.0,0.0016051444,0.99773055,7.997421e-06,8.026188e-06,0.0005187437,0.00012967245,True,80013317049149063,720575940613403890,80013317049161097,720575940623222712,[547296 266576 150280],[547384 266656 150280]
26825972,2021-03-09 20:14:58.183080+00:00,,True,22.109287,0.0,0.07518801,0.055875674,0.000671217,0.11242828,0.63812846,0.1177083,True,80154191976859308,720575940619149595,80154191976864628,720575940613998860,[554664 273376 162480],[554812 273316 162440]
47457824,2021-03-09 20:14:58.183080+00:00,,True,22.956345,6.0,0.10045209,0.1458689,0.054640092,0.017414425,0.3023319,0.37929252,True,80504936185712082,720575940624594154,80504936185711804,720575940625963432,[576444 207568 149920],[576380 207584 149960]
7671486,2021-03-09 20:14:58.183080+00:00,,True,24.953289,141.0,0.046353556,0.022364825,0.67530155,0.01724699,0.11479041,0.123942696,True,78815467850001197,720575940628236554,78815467849998676,720575940653053601,[477664 171524 145080],[477548 171520 145080]
47157357,2021-03-09 20:14:58.183080+00:00,,True,5.7226872,143.0,0.00013727424,0.5597324,4.9452944e-09,4.559607e-10,0.43987057,0.00025977337,True,80154260695918639,720575940617330107,80154260695921619,720575940613998860,[552888 278952 149800],[552832 279116 149800]
227678324,2021-03-09 20:14:58.183080+00:00,,True,264.81793,147.0,0.038167942,0.0067542926,0.95427,7.9366495e-05,0.00019148341,0.0005368265,True,78815261624864245,720575940628236554,78815261624861510,720575940620328828,[476184 160836 136320],[476108 160748 136320]
227678345,2021-03-09 20:14:58.183080+00:00,,True,6.6897063,128.0,0.052331313,0.0076776235,0.9383409,0.00034399956,0.00023790212,0.0010683315,True,78815261624866968,720575940628236554,78815261624861510,720575940620328828,[476196 160808 136360],[476100 160680 136400]
33584254,2021-03-09 20:14:58.183080+00:00,,True,48.05567,145.0,0.0012036234,0.0046765357,0.9939075,2.9843847e-07,3.719756e-05,0.00017488709,True,80083617006942155,720575940628236554,80083617006947991,720575940623222712,[550572 264424 135600],[550624 264528 135600]
50141557,2021-03-09 20:14:58.183080+00:00,,True,10.526771,2.0,0.2822086,0.07573333,0.37891355,0.0013166084,0.14781901,0.11400886,True,79169235515231956,720575940626982165,79169235515214506,720575940628800207,[498272 285480  92720],[498264 285392  92640]
50137342,2021-03-09 20:14:58.183080+00:00,,True,76.17049,148.0,0.30436832,0.34629342,0.29879647,0.002960478,0.0064021195,0.041179202,True,80013660445365954,720575940625320530,80013660445356191,720575940642027464,[546244 285736  92960],[546152 285664  92960]
50137272,2021-03-09 20:14:58.183080+00:00,,True,335.0177,143.0,0.01812723,0.6784435,0.02057742,0.00040028317,0.014204392,0.26824716,True,80013660445341250,720575940625320530,80013660445356191,720575940642027464,[546236 285764  92680],[546120 285704  92680]
50137307,2021-03-09 20:14:58.183080+00:00,,True,38.66028,135.0,0.060550924,0.6033586,0.13018537,0.0018992672,0.015119531,0.18888628,True,80013660445365954,720575940625320530,80013660445356191,720575940642027464,[546276 285736  92800],[546168 285684  92840]
190057526,2021-03-09 20:14:58.183080+00:00,,True,139.8006,2.0,0.12489369,0.060047053,0.14559878,0.012354913,0.17243923,0.48466635,True,78815605289008708,720575940611982997,78815605289015089,720575940620328828,[477080 182356 147080],[477208 182400 147080]
32396973,2021-03-09 20:14:58.183080+00:00,,True,178.99875,142.0,3.60462e-05,0.013665211,0.9831003,2.0112105e-10,0.0018944556,0.001303908,True,78744892880635474,720575940625869331,78744892880619796,720575940653053601,[472368 162072 134920],[472352 162228 134920]
44442543,2021-03-09 20:14:58.183080+00:00,,True,437.58365,31.0,0.0036105984,0.97890395,0.00025072007,0.003019086,0.0006026103,0.013612975,True,79450229656913463,720575940607384242,79450229656903962,720575940628800207,[512208 258212 154160],[512236 258304 154160]
42843792,2021-03-09 20:14:58.183080+00:00,,True,78.28714,131.0,0.030460805,0.015140208,0.9538198,0.00012787776,2.4706731e-05,0.00042651276,True,79379448595871212,720575940633984851,79379448595882594,720575940628800207,[510716 232244 153560],[510644 232304 153600]
139544263,2021-03-09 20:14:58.183080+00:00,,True,12.415521,0.0,0.025531244,0.013268623,0.000606962,0.09320749,0.7382812,0.12910448,True,79309492168777142,720575940619582168,79309492168775880,720575940653053601,[506204 258312 160120],[506268 258208 160120]
38957933,2021-03-09 20:14:58.183080+00:00,,True,205.95085,115.0,0.007755966,0.49371296,0.35712236,2.5946013e-06,0.1305887,0.010817384,True,79943223115776299,720575940635590136,79943223115776313,720575940642027464,[542340 284516 130240],[542376 284548 130280]
52620597,2021-03-09 20:14:58.183080+00:00,,True,27.020863,79.0,0.08042188,0.27718893,0.023188649,0.0049178903,0.55098146,0.0633012,True,79872854237841346,720575940618354267,79872854237819680,720575940642027464,[537608 284820 103000],[537708 284900 102960]
52620612,2021-03-09 20:14:58.183080+00:00,,True,44.7045,141.0,0.00040934145,0.003008915,4.3314398e-05,6.395661e-05,0.99560094,0.000873547,True,79872854304293542,720575940618354267,79872854304255466,720575940642027464,[537784 284820 103280],[537904 284844 103280]
208865506,2021-03-09 20:14:58.183080+00:00,,True,70.488754,161.0,0.030350626,0.8047252,0.03975577,0.0009196923,0.10674004,0.017508732,True,78674524136559269,720575940624395528,78674524136557798,720575940653053601,[468056 161628 138440],[468024 161728 138440]
162415329,2021-03-09 20:14:58.183080+00:00,,True,196.32773,138.0,0.01615432,0.8932241,0.025849106,0.003075393,0.0073534264,0.054343633,True,79027948539362645,720575940630431225,79027948539359998,720575940628800207,[491184 253312 171120],[491172 253216 171080]
162415337,2021-03-09 20:14:58.183080+00:00,,True,209.7938,145.0,0.024188975,0.42792812,0.02625817,0.0017708984,0.14885809,0.37099582,True,79098317283555017,720575940630431225,79098317283539913,720575940628800207,[491976 254136 171240],[491960 254280 171200]
3614071,2021-03-09 20:14:58.183080+00:00,,True,184.94753,92.0,0.036049716,0.86487716,0.024905717,0.00019784512,0.018075466,0.05589415,True,79168548588684112,720575940630431225,79168548588680263,720575940632409130,[498684 246000 168200],[498620 246100 168160]
138363589,2021-03-09 20:14:58.183080+00:00,,True,18.296116,8.0,0.7752036,0.02061524,0.19074835,0.00037653392,0.0071025128,0.00595373,True,79238985985668392,720575940633634785,79238985985681587,720575940620328828,[503400 249316 161240],[503444 249184 161280]
227691070,2021-03-09 20:14:58.183080+00:00,,True,289.8834,143.0,1.9470117e-06,0.0016821845,0.99803156,1.5191298e-09,0.00026301775,2.1326443e-05,True,78533786648128982,720575940616865025,78533786648137110,720575940653053601,[462448 160168 136120],[462484 160084 136120]
88126430,2021-03-09 20:14:58.183080+00:00,,True,576.9417,102.0,0.18601343,0.42521015,0.23147915,0.003973715,0.021485994,0.1318375,True,79238848546827002,720575940633634785,79238848546821402,720575940620328828,[499784 242216 163960],[499892 242176 163960]
46316321,2021-03-09 20:14:58.183080+00:00,,True,6.66727,134.0,0.00037161083,0.9718302,1.22741675e-08,3.1323702e-06,1.1811496e-06,0.027793908,True,80154191976493939,720575940621031006,80154191976498900,720575940613998860,[553024 275960 151200],[553000 276072 151160]
225378049,2021-03-09 20:14:58.183080+00:00,,True,222.03278,59.0,0.0005472643,0.9777959,5.91819e-05,0.00029199274,9.266772e-05,0.021212893,True,78744961600184589,720575940616865025,78744961600188430,720575940653053601,[472692 164400 137440],[472608 164332 137440]
57539205,2021-03-09 20:14:58.183080+00:00,,True,11.443281,0.0,0.34433594,0.049809076,0.053529583,0.14809668,0.11597464,0.2882541,True,80436835318548341,720575940627414887,80436835318554385,720575940623222712,[571820 344308 193120],[571692 344376 193120]
46316322,2021-03-09 20:14:58.183080+00:00,,True,29.828388,143.0,0.0003435709,0.9930132,1.9801667e-09,1.8351534e-06,3.448585e-07,0.006641011,True,80154191976497674,720575940621031006,80154191976498900,720575940613998860,[553044 275968 151160],[553036 276076 151160]
46316316,2021-03-09 20:14:58.183080+00:00,,True,455.41965,78.0,3.2895061e-06,0.9997882,2.6922274e-13,9.1890134e-10,3.1542563e-10,0.00020845918,True,80154191976493939,720575940621031006,80154191976498900,720575940613998860,[552832 275888 151160],[552808 276004 151120]
46316326,2021-03-09 20:14:58.183080+00:00,,True,150.15115,135.0,3.1487794e-05,0.9984819,3.3205869e-10,2.6958027e-08,1.1581823e-07,0.0014863793,True,80154191976497674,720575940621031006,80154191976498900,720575940613998860,[552776 275876 151200],[552724 275952 151200]
34823429,2021-03-09 20:14:58.183080+00:00,,True,118.5652,92.0,0.0072184443,0.8033373,0.17663059,6.3098574e-05,0.0020169208,0.010733665,True,78533786648131169,720575940616865025,78533786648130112,720575940653053601,[462180 160148 135960],[462060 160124 135960]
99324249,2021-03-09 20:14:58.183080+00:00,,True,34.754356,74.0,0.0041299677,0.9739784,4.979934e-05,0.011431593,0.00075172645,0.00965856,True,79520460760619074,720575940621031006,79520460760637196,720575940620328828,[516060 252076  87120],[516024 252076  87160]
6668502,2021-03-09 20:14:58.183080+00:00,,True,71.13783,150.0,0.00051735574,0.9994635,1.3814841e-06,6.170541e-07,6.189236e-07,1.6606456e-05,True,79450641973472908,720575940621031006,79450641973446937,720575940620328828,[512440 282780 144760],[512320 282780 144720]
133886573,2021-03-09 20:14:58.183080+00:00,,True,304.84595,150.0,0.0007652925,0.9987658,2.455402e-06,6.2842315e-05,3.855957e-05,0.00036499742,True,79380135656158119,720575940621031006,79380135656151984,720575940653053601,[510828 273352 104960],[510712 273360 104960]
57579744,2021-03-09 20:14:58.183080+00:00,,True,17.208351,0.0,0.0585507,0.031518918,0.033793487,0.5361059,0.061314333,0.27871668,True,80857879552533326,720575940623438992,80857879552525875,720575940613998860,[595112 276328 192760],[595028 276328 192720]
84153608,2021-03-09 20:14:58.183080+00:00,,True,76.642166,141.0,0.0022100827,0.98830414,5.8459827e-05,0.00030507302,0.0045112306,0.0046109455,True,79519979925993027,720575940621031006,79519979925988906,720575940636254810,[518864 220600 159600],[518840 220704 159600]
133886517,2021-03-09 20:14:58.183080+00:00,,True,201.08493,149.0,1.0578187e-05,0.9999876,1.0919776e-12,1.3818092e-08,2.0781023e-07,1.512647e-06,True,79380135656152840,720575940621031006,79380135656148263,720575940620328828,[509580 273224 104760],[509460 273168 104760]
41648657,2021-03-09 20:14:58.183080+00:00,,True,282.27396,144.0,0.00313117,0.99499136,1.316528e-05,7.284581e-05,0.00041273603,0.0013786606,True,78956755094455794,720575940617952034,78956755094460668,720575940653053601,[483188 206304 153400],[483164 206200 153360]
138126801,2021-03-09 20:14:58.183080+00:00,,True,381.96906,135.0,7.415584e-05,0.99988794,4.1848192e-08,5.5331416e-06,1.800721e-05,1.4341354e-05,True,79309767046685963,720575940617952034,79309767046683183,720575940632409130,[504648 276924 160480],[504564 276940 160400]
57597987,2021-03-09 20:14:58.183080+00:00,,True,147.66559,22.0,0.8437032,0.00858928,0.03379592,7.614231e-05,0.0072352886,0.10660021,True,80646773319976138,720575940628713468,80646773319983002,720575940642027464,[584300 275724 192480],[584248 275660 192480]
186651281,2021-03-09 20:14:58.183080+00:00,,True,61.308144,0.0,0.09179992,0.105068244,0.027867805,0.15931365,0.13702133,0.4789291,True,80647391795608328,720575940618658974,80647391795612099,720575940613998860,[583576 313364 203040],[583572 313200 203040]
187676801,2021-03-09 20:14:58.183080+00:00,,True,5.725662,0.0,0.2631447,0.060079224,0.04671582,0.068259604,0.20055294,0.3612477,True,81139560688000794,720575940631772487,81139560687986969,720575940625963432,[612300 287120 202960],[612320 286960 202960]
158632273,2021-03-09 20:14:58.183080+00:00,,True,48.15142,0.0,0.08563538,0.021415684,0.05123354,0.0434951,0.24863732,0.54958296,True,79379379943204752,720575940617787649,79379379943226307,720575940620328828,[507856 231824 165960],[507772 231896 166000]
142876621,2021-03-09 20:14:58.183080+00:00,,True,58.83113,0.0,0.03208177,0.7242121,0.0184794,0.0017551079,0.1522079,0.07126365,True,79379929632268155,720575940622263066,79379929632263301,720575940628800207,[510616 263340 155560],[510632 263436 155520]
206178251,2021-03-09 20:14:58.183080+00:00,,True,5.7205124,147.0,0.9540379,0.038675528,0.0011226967,1.46464745e-05,0.000375905,0.0057732617,True,80154329213902767,720575940631969325,80154329213909624,720575940615899622,[555504 281124  83120],[555696 281144  83120]
153158182,2021-03-09 20:14:58.183080+00:00,,True,27.935719,140.0,0.00019316954,0.0023350671,3.8371807e-05,6.7662506e-07,0.9971731,0.00025957267,True,79239535539968028,720575940624153528,79239535539990835,720575940628800207,[501304 283624  95160],[501212 283652  95120]
59876935,2021-03-09 20:14:58.183080+00:00,,True,39.546753,8.0,0.0273502,0.06180027,0.013317889,0.11777409,0.5441785,0.23557903,True,80506929184939752,720575940610863310,80506929184941128,720575940625963432,[575868 329048 196280],[575752 328920 196320]
206178254,2021-03-09 20:14:58.183080+00:00,,True,378.95764,154.0,0.9828435,0.009198964,0.0007968404,1.0367469e-06,0.00027006568,0.006889528,True,80154329213881030,720575940631969325,80154260494441029,720575940615899622,[555484 281144  83200],[555652 281080  83160]
206178258,2021-03-09 20:14:58.183080+00:00,,True,342.91052,49.0,0.5196008,0.32038262,0.03814969,0.0066568544,0.041449606,0.07376051,True,80154260494443967,720575940631969325,80154260494454819,720575940615899622,[555364 280976  83200],[555408 280872  83200]
206178262,2021-03-09 20:14:58.183080+00:00,,True,190.18207,131.0,0.6688107,0.04495696,0.033676602,9.614511e-07,0.08568988,0.16686486,True,80154329213881030,720575940631969325,80154329213919291,720575940615899622,[555464 281296  83280],[555576 281356  83280]
206178265,2021-03-09 20:14:58.183080+00:00,,True,41.33734,3.0,0.45982954,0.14682707,0.042013377,0.007955272,0.09201378,0.25136092,True,80154260494443967,720575940631969325,80154260494454819,720575940615899622,[555344 281008  83240],[555368 280968  83280]
43961837,2021-03-09 20:14:58.183080+00:00,,True,503.5943,143.0,0.09838338,0.02597535,0.8726526,0.00016740401,0.00022050405,0.002600688,True,80785586528831719,720575940627447427,80785586528823895,720575940625963432,[591092 160400 153880],[590948 160336 153880]
241781395,2021-03-09 20:14:58.183080+00:00,,True,19.260206,9.0,0.0005754317,0.9962463,4.4679172e-07,5.195586e-06,0.0023380716,0.0008345139,True,80083891951988139,720575940613403890,80083891951989219,720575940613998860,[551620 277148 157480],[551744 277128 157440]
241781400,2021-03-09 20:14:58.183080+00:00,,True,39.473896,1.0,0.027432948,0.055161707,0.09472148,0.0652685,0.48222962,0.2751857,True,80154260696155618,720575940621420660,80154260696164776,720575940613998860,[553544 277088 157480],[553440 277156 157480]
2658423,2021-03-09 20:14:58.183080+00:00,,True,20.106646,9.0,0.5715482,0.39539778,0.0027401433,2.1115744e-05,0.01626998,0.014022777,True,80577229209709077,720575940633178508,80577229209701881,720575940613998860,[578712 323192 198480],[578624 323048 198440]
191231636,2021-03-09 20:14:58.183080+00:00,,True,141.61942,116.0,0.028398741,0.016196413,0.95347506,0.00028525345,0.00031245686,0.0013320716,True,80083823232161669,720575940627447427,80083823232161447,720575940615899622,[552124 273148 146280],[552108 272988 146280]
63339103,2021-03-09 20:14:58.183080+00:00,,True,126.75464,0.0,0.005048671,0.0041796137,0.0020872196,0.028585227,0.8347222,0.125377,True,78887417276505434,720575940626919579,78887417276497614,720575940653053601,[480880 265212 190000],[480784 265168 189960]
194674438,2021-03-09 20:14:58.183080+00:00,,True,28.893715,0.0,0.005638291,0.014075895,0.0035068698,4.6289682e-07,0.84350574,0.13327266,True,81280366895508151,720575940622248453,81280366895508123,720575940625963432,[620496 290684 193440],[620556 290640 193440]
63339115,2021-03-09 20:14:58.183080+00:00,,True,64.01891,12.0,1.41280425e-05,1.1405291e-10,1.5949301e-12,0.9999552,9.706232e-07,2.9619256e-05,True,78887417276523897,720575940635701655,78887417276519645,720575940620328828,[480292 267512 190520],[480396 267504 190520]
117350052,2021-03-09 20:14:58.183080+00:00,,True,30.70187,22.0,0.4015307,0.02607322,0.5668121,7.424423e-05,0.00041985113,0.0050898595,True,78533443050930077,720575940633984851,78603811795100315,720575940653053601,[462404 138732 142160],[462528 138768 142160]
9282757,2021-03-09 20:14:58.183080+00:00,,True,163.85147,33.0,0.00981998,0.0014499307,0.9886755,2.3125378e-05,6.814252e-06,2.466762e-05,True,80083823232161669,720575940627447427,80083823232151781,720575940615899622,[552116 273332 146200],[552008 273276 146120]
64341335,2021-03-09 20:14:58.183080+00:00,,True,98.6379,0.0,0.041173715,0.026540363,0.0020256403,0.17878073,0.63420457,0.11727502,True,80506379496019847,720575940637659749,80506379496012905,720575940613998860,[573520 296564 210200],[573388 296496 210120]
64360814,2021-03-09 20:14:58.183080+00:00,,True,55.76689,0.0,0.00898968,0.005320807,0.00032511953,0.42153072,0.4228268,0.14100683,True,78887898379974922,720575940605656521,78887898379969732,720575940653053601,[480220 295580 211480],[480176 295420 211520]
64360815,2021-03-09 20:14:58.183080+00:00,,True,131.48985,0.0,0.006817074,0.0005870577,0.000108654094,0.35112885,0.46885473,0.17250365,True,78887898379974922,720575940605656521,78887898379969732,720575940653053601,[480156 295652 211440],[480084 295480 211520]
69994686,2021-03-09 20:14:58.183080+00:00,,True,308.75076,0.0,0.025250906,0.93357193,0.0008886046,0.0022531634,0.01767231,0.020363111,True,78815880166989387,720575940617952034,78815880166994526,720575940653053601,[474912 195260 149280],[474880 195376 149280]
138126777,2021-03-09 20:14:58.183080+00:00,,True,535.30884,152.0,0.00078873156,0.99903333,1.4707035e-06,4.3402793e-05,1.755214e-05,0.00011547704,True,79309767046681753,720575940617952034,79309767046673276,720575940632409130,[505144 275992 160040],[505048 275936 160040]
44861804,2021-03-09 20:14:58.183080+00:00,,True,208.90317,0.0,0.13312423,0.28583318,0.25056738,0.14489599,0.121105544,0.06447375,True,78815880167027466,720575940631584876,78815880167030574,720575940653053601,[476000 199128 150520],[475924 199004 150520]
143569730,2021-03-09 20:14:58.183080+00:00,,True,390.44788,148.0,3.2249805e-05,0.99993944,2.5340114e-09,3.6706704e-06,3.7601393e-07,2.4285875e-05,True,79238367510183300,720575940617952034,79238367510188212,720575940653053601,[503076 214784 156000],[503100 214672 156000]
222797412,2021-03-09 20:14:58.183080+00:00,,True,434.72006,146.0,0.00028731304,0.9992693,2.660996e-07,3.3054e-05,0.00014906416,0.0002609905,True,79943223048841332,720575940617952034,79943223048846220,720575940615899622,[542464 282504 114720],[542536 282584 114720]
86907496,2021-03-09 20:14:58.183080+00:00,,True,65.24038,154.0,0.03483119,0.89177924,0.05453084,0.0010208953,0.0039027182,0.013935167,True,80153985818301595,720575940617569931,80153985818291382,720575940623222712,[553196 261784 158200],[553080 261880 158200]
65093723,2021-03-09 20:14:58.183080+00:00,,True,10.521147,0.0,0.064692006,0.07098002,0.08548251,0.042831346,0.558815,0.17719905,True,78746817294196304,720575940623100298,78746817294192344,720575940636254810,[473784 275524 210360],[473772 275640 210360]
86907548,2021-03-09 20:14:58.183080+00:00,,True,1480.1396,141.0,0.0058738603,0.5924081,0.0006286927,0.0001417253,0.01867908,0.38226855,True,80153985818312978,720575940617569931,80153985818306614,720575940615899622,[553912 261656 158600],[553988 261704 158560]
10681269,2021-03-09 20:14:58.183080+00:00,,True,98.72124,152.0,0.013050775,0.79232746,0.0026877504,0.000200505,0.09476086,0.09697257,True,79309904284254407,720575940618725547,79309904284250368,720575940653053601,[505448 281748  97120],[505412 281640  97120]
65462586,2021-03-09 20:14:58.183080+00:00,,True,38.405983,0.0,0.17176706,0.15275402,0.115932085,0.060074456,0.24144398,0.25802845,True,80436010751859536,720575940617498507,80436010751855045,720575940625963432,[571956 297100 211000],[572076 297200 211000]
66871139,2021-03-09 20:14:58.183080+00:00,,True,59.47718,0.0,0.019132137,0.17880318,0.057195622,0.044997472,0.6400073,0.0598643,True,81421104383676490,720575940622168052,81421104383655912,720575940625963432,[627164 293136 187760],[627276 293088 187760]
16352914,2021-03-09 20:14:58.183080+00:00,,True,69.38988,0.0,0.00090617937,3.7048758e-06,1.0951873e-08,0.9750838,0.023787433,0.00021885928,True,80365779446810004,720575940640640061,80365779446806046,720575940615899622,[567908 302672 216680],[568092 302800 216720]
6519008,2021-03-09 20:14:58.183080+00:00,,True,82.41533,0.0,0.10061807,0.48382884,0.37015212,0.022002919,0.014863653,0.008534338,True,79801180024291687,720575940626727301,79801180024291686,720575940628800207,[533960 205540 144800],[534040 205492 144840]
117731691,2021-03-09 20:14:58.183080+00:00,,True,225.38239,15.0,0.10956086,0.5089153,0.008448458,1.5357544e-05,0.008711563,0.36434847,True,79379860845924423,720575940618725547,79379860845918045,720575940636254810,[509008 257952 142000],[509128 257960 141920]
117731710,2021-03-09 20:14:58.183080+00:00,,True,73.06625,168.0,0.06731117,0.79285204,0.009055665,2.9959168e-05,0.004174888,0.12657627,True,79379860845930825,720575940618725547,79379860845918045,720575940636254810,[509140 257992 142080],[509248 258144 142000]
117731831,2021-03-09 20:14:58.183080+00:00,,True,397.86514,156.0,0.03636065,0.5810454,0.016468305,0.00030268004,0.2754874,0.09033558,True,79379860845958669,720575940618725547,79379860845936242,720575940636254810,[508856 258664 142640],[508868 258748 142640]
117731839,2021-03-09 20:14:58.183080+00:00,,True,61.696617,128.0,0.0534587,0.7446725,0.014869382,0.00017457671,0.16121514,0.02560967,True,79379860845961222,720575940618725547,79379860845936242,720575940636254810,[508840 258752 142720],[508720 258900 142720]
209286441,2021-03-09 20:14:58.183080+00:00,,True,314.96893,147.0,0.0017304332,0.0041020922,0.994062,2.2887027e-05,5.6633753e-06,7.6921e-05,True,78604017953405424,720575940633984851,78604017953401973,720575940653053601,[465848 150272 138000],[465928 150336 138000]
44987461,2021-03-09 20:14:58.183080+00:00,,True,25.158102,0.0,6.4437445e-06,8.519036e-07,4.523429e-07,0.4039921,0.5949873,0.0010128233,True,81351010383337434,720575940627299612,81351010383340235,720575940625963432,[622792 309528 151160],[622884 309508 151160]
71029218,2021-03-09 20:14:58.183080+00:00,,True,264.1361,148.0,0.007083286,0.94367963,0.0047072317,0.00032328375,0.0024256946,0.0417808,True,80083685793268187,720575940624323110,80083685793272030,720575940615899622,[550916 266288 148480],[550976 266368 148480]
70337625,2021-03-09 20:14:58.183080+00:00,,True,107.37152,165.0,0.0019098812,0.99746335,2.8888868e-05,1.6254156e-05,0.00010501517,0.0004766379,True,79309835765729764,720575940617952034,79309835765721687,720575940653053601,[507088 277564 148200],[507136 277672 148160]
71151087,2021-03-09 20:14:58.183080+00:00,,True,35.81802,0.0,0.30258858,0.14787017,0.013650578,0.015253233,0.3607477,0.15988977,True,80154260695874765,720575940614581410,80154260695875874,720575940613998860,[552912 278908 148480],[552856 278816 148480]
71407578,2021-03-09 20:14:58.183080+00:00,,True,86.05423,11.0,0.007057588,0.85277927,0.00019926338,0.00017623244,0.023009297,0.116778314,True,80504455149343703,720575940624543013,80504455149341113,720575940625963432,[576464 180436 148920],[576364 180356 148920]
71151082,2021-03-09 20:14:58.183080+00:00,,True,53.51931,1.0,0.3178543,0.17902157,0.03270577,0.026053311,0.2478981,0.19646692,True,80154260695874765,720575940614581410,80154260695875874,720575940613998860,[552892 278920 148440],[552828 278868 148440]
107418307,2021-03-09 20:14:58.183080+00:00,,True,196.99944,172.0,0.01515114,0.9650455,0.0032513165,0.00023273558,0.00049106695,0.015828215,True,80645536234936951,720575940625587642,80645536234875152,720575940623222712,[584356 201076 144200],[584372 201128 144160]
71457268,2021-03-09 20:14:58.183080+00:00,,True,79.90248,0.0,0.6582231,0.26390016,0.0170672,2.817219e-05,0.05281731,0.007964143,True,79660511255548330,720575940633670591,79660511255541799,720575940628800207,[527908 208716 149240],[527968 208648 149240]
71457264,2021-03-09 20:14:58.183080+00:00,,True,860.3202,143.0,0.04654613,0.21676886,0.7171411,3.2723794e-05,0.0013173096,0.01819393,True,79730811280252366,720575940611982997,79730811280261265,720575940632409130,[528508 207152 149480],[528616 207136 149480]
71466008,2021-03-09 20:14:58.183080+00:00,,True,18.22985,0.0,0.18537746,0.6984051,0.011980919,0.00018786735,0.08892194,0.015126675,True,79660511255548330,720575940633670591,79660511255547110,720575940628800207,[527920 208676 149120],[527920 208584 149120]
45099827,2021-03-09 20:14:58.183080+00:00,,True,30.753733,54.0,0.57495445,0.05578866,0.31129482,0.00031305538,0.003910059,0.053739015,True,78745442703406929,720575940633984851,78745442703382617,720575940620328828,[473516 193776 150960],[473648 193840 150960]
75452003,2021-03-09 20:14:58.183080+00:00,,True,535.1599,153.0,9.164258e-05,0.9995504,1.1458473e-09,7.707385e-05,3.2086135e-07,0.00028051375,True,78744755441331398,720575940639242303,78744755441323393,720575940620328828,[471676 153372 124600],[471572 153392 124640]
47469074,2021-03-09 20:14:58.183080+00:00,,True,219.36703,0.0,0.8570161,0.06431257,0.07048844,0.0005815095,0.0022489715,0.005352393,True,80364198697360428,720575940618635072,80364198697367852,720575940642027464,[567364 210400 150120],[567384 210284 150120]
117350121,2021-03-09 20:14:58.183080+00:00,,True,296.63565,147.0,0.016395142,0.004337702,0.978581,0.00010127525,6.228424e-05,0.00052257016,True,78533374331473304,720575940633984851,78533374331466638,720575940653053601,[462220 137624 142560],[462380 137584 142560]
225504951,2021-03-09 20:14:58.183080+00:00,,True,35.644363,144.0,0.019065179,0.015324565,0.9578945,0.001655825,0.0012736093,0.0047863377,True,78603949233937892,720575940633984851,78603949233939136,720575940653053601,[465720 148832 137520],[465712 148688 137560]
3293827,2021-03-09 20:14:58.183080+00:00,,True,49.234146,142.0,0.051383898,0.6103737,0.08692209,0.003136104,0.036779188,0.21140507,True,78606011019594342,720575940617032716,78606011019612430,720575940628800207,[463544 272444 199560],[463584 272352 199600]
47469113,2021-03-09 20:14:58.183080+00:00,,True,7.6292424,0.0,0.7336778,0.04262806,0.024386888,0.003824941,0.035763703,0.15971862,True,80434567441554473,720575940613588246,80434567441539827,720575940625963432,[569984 209832 150400],[569852 209672 150400]
8144611,2021-03-09 20:14:58.183080+00:00,,True,10.504316,75.0,0.047408015,0.5415197,0.06784929,0.003034345,0.05334225,0.28684643,True,80574892612875745,720575940631189817,80574892612881183,720575940625963432,[578636 183180 145240],[578664 183284 145280]
151721181,2021-03-09 20:14:58.183080+00:00,,True,68.05904,2.0,0.015785782,0.93195343,0.0014094606,0.00045122163,0.011840377,0.038559742,True,80013660445265082,720575940606335410,80013660445280008,720575940642027464,[545604 285384  90440],[545604 285404  90480]
137929715,2021-03-09 20:14:58.183080+00:00,,True,29.85718,148.0,0.00032986,0.9295358,3.6179865e-06,1.0980453e-05,0.0005817848,0.06953789,True,79449748620795051,720575940623182847,79449748620806397,720575940653053601,[514840 230644 160840],[514952 230560 160840]
64332998,2021-03-09 20:14:58.183080+00:00,,True,89.7254,0.0,0.041138403,0.02468775,0.006453546,0.022474166,0.7731224,0.1321238,True,78817598355250117,720575940610883704,78817598355252269,720575940628800207,[478152 297596 211160],[478384 297524 211200]
163766175,2021-03-09 20:14:58.183080+00:00,,True,28.863577,146.0,0.037162606,0.1752979,0.7751992,2.2207706e-07,0.007245894,0.005094225,True,79380273028469255,720575940638989219,79380273028476285,720575940653053601,[508832 281532  98960],[508692 281472  98960]
163766182,2021-03-09 20:14:58.183080+00:00,,True,476.78146,30.0,0.33799288,0.0382688,0.6194974,1.229714e-05,0.00054376817,0.0036848732,True,79380273028483553,720575940638989219,79380273028476285,720575940653053601,[508916 281508  99040],[508848 281496  99080]
77562276,2021-03-09 20:14:58.183080+00:00,,True,123.078766,140.0,0.030398559,0.048060436,0.9148429,0.00014325425,0.0047858944,0.0017689674,True,78111436743730249,720575940616429825,78111436743727940,720575940620328828,[437200 151340 124560],[437188 151216 124560]
46844873,2021-03-09 20:14:58.183080+00:00,,True,111.80925,0.0,0.16242622,0.07560297,0.060998745,0.0038254864,0.59169406,0.105452456,True,79660511255595102,720575940636574388,79660511255593831,720575940628800207,[527544 209916 150600],[527628 209900 150560]
79434790,2021-03-09 20:14:58.183080+00:00,,True,128.21896,143.0,0.010319832,0.96327424,0.0075608473,0.0086402865,0.00079952227,0.0094052795,True,80224835330422499,720575940624153528,80224835330430503,720575940615899622,[556824 291872  78080],[556788 291864  78000]
4142455,2021-03-09 20:14:58.183080+00:00,,True,24.03303,140.0,0.0044943723,0.5326295,0.38810527,4.3212658e-05,0.028844044,0.04588356,True,79309079918614996,720575940653346038,79309079918615032,720575940628800207,[504400 235412 168720],[504428 235572 168720]
79434912,2021-03-09 20:14:58.183080+00:00,,True,240.19135,169.0,0.012837582,0.78662306,0.005404043,0.0013620784,0.006676397,0.18709686,True,80154535305744297,720575940623701768,80154535305740573,720575940615899622,[554052 294552  78760],[553976 294532  78720]
81866673,2021-03-09 20:14:58.183080+00:00,,True,376.51694,140.0,0.011052935,0.9567189,0.00027595588,0.004683224,0.019662686,0.007606315,True,80154329214163748,720575940617358552,80154329214172093,720575940615899622,[554480 283176  91520],[554576 283232  91480]
81866817,2021-03-09 20:14:58.183080+00:00,,True,210.73051,136.0,0.001631749,0.99477744,5.710189e-05,0.00034426665,0.00023582569,0.0029535436,True,80154329214178137,720575940629370844,80154329214196426,720575940615899622,[554388 284840  92240],[554340 284920  92240]
81872717,2021-03-09 20:14:58.183080+00:00,,True,237.22589,151.0,0.0736759,0.16000578,0.74751395,0.0033659658,0.002611507,0.012826998,True,79309904284056614,720575940639956643,79309904284083799,720575940653053601,[504532 283380  91920],[504464 283464  91880]
241065004,2021-03-09 20:14:58.183080+00:00,,True,67.86305,36.0,0.10591504,0.40904164,0.4026813,0.00072285044,0.00827257,0.07336658,True,80012492415631955,720575940634989492,80012492415644340,720575940615899622,[545672 219624 157160],[545572 219600 157160]
82636491,2021-03-09 20:14:58.183080+00:00,,True,60.24072,0.0,0.40868497,0.45307747,0.043951564,0.0038244803,0.065922946,0.024538528,True,79450092016586454,720575940533624736,79450092016589171,720575940620328828,[513336 249420  91200],[513428 249384  91240]
81863280,2021-03-09 20:14:58.183080+00:00,,True,361.63867,148.0,0.014787935,0.8664121,0.002963064,0.00047295037,0.007384001,0.107979976,True,80013591725800566,720575940617358552,80013591725801769,720575940642027464,[544628 284184  90880],[544748 284140  90880]
82636519,2021-03-09 20:14:58.183080+00:00,,True,23.0421,0.0,0.71163416,0.2722354,0.00032325447,7.737271e-05,0.014487896,0.0012419437,True,79450092016614808,720575940622160705,79450092016602108,720575940620328828,[513484 248516  91640],[513596 248576  91680]
98355259,2021-03-09 20:14:58.183080+00:00,,True,139.07521,25.0,0.029045947,0.5508784,0.005941681,0.008153532,0.06462992,0.3413506,True,80154329214036667,720575940626391114,80154329214036678,720575940615899622,[553344 282812  87200],[553260 282848  87160]
82948464,2021-03-09 20:14:58.183080+00:00,,True,208.88567,114.0,0.002077518,0.9978042,5.6111844e-06,5.3115946e-06,8.991643e-06,9.830993e-05,True,79450160736079279,720575940621031006,79450092016603108,720575940653053601,[511960 252416  91720],[511784 252412  91720]
69708964,2021-03-09 20:14:58.183080+00:00,,True,350.19928,145.0,0.13952357,0.104035206,0.74934447,0.0038599605,0.0012637648,0.0019729657,True,78745373983832217,720575940628236554,78745373983837031,720575940620328828,[474048 189092 148360],[473980 189032 148360]
241781402,2021-03-09 20:14:58.183080+00:00,,True,229.26093,67.0,0.00064026396,0.99187213,3.7057222e-07,1.1121955e-06,0.006790366,0.0006958296,True,80083891951988139,720575940613403890,80083891951989219,720575940613998860,[551620 277192 157520],[551748 277200 157520]
84188104,2021-03-09 20:14:58.183080+00:00,,True,18.23694,91.0,0.04736151,0.1176374,0.7938301,0.008206564,0.003207392,0.029757075,True,79590348670146261,720575940611982997,79590348670151364,720575940632409130,[522144 220476 159480],[522116 220312 159480]
11351869,2021-03-09 20:14:58.183080+00:00,,True,20.057657,0.0,0.075440206,0.0025500178,6.450551e-05,0.7086546,0.2083075,0.0049831364,True,78746954733138811,720575940606494398,78746954733129547,720575940632409130,[474452 283736 209840],[474504 283624 209880]
50873462,2021-03-09 20:14:58.183080+00:00,,True,112.66756,1.0,0.14642146,7.87282e-06,3.1570619e-06,0.8526837,0.0006137505,0.0002700139,True,79450092016641332,720575940623164515,79450092016654308,720575940620328828,[513252 249536  93000],[513364 249480  93000]
42843805,2021-03-09 20:14:58.183080+00:00,,True,151.88171,65.0,0.17267987,0.039683074,0.78057486,0.00039581285,0.0004281025,0.00623828,True,79379448595866832,720575940633984851,79379448595882594,720575940628800207,[510740 232184 153640],[510688 232268 153640]
85017191,2021-03-09 20:14:58.183080+00:00,,True,10.495129,0.0,0.012202148,0.011842411,0.02719051,0.0016377444,0.65114725,0.29597995,True,79379173718123424,720575940611848874,79379173718118402,720575940653053601,[508176 219184 158320],[508152 219304 158280]
29295881,2021-03-09 20:14:58.183080+00:00,,True,175.92627,146.0,0.42380652,0.059453487,0.4976653,0.0015345381,0.0023579702,0.015182204,True,80224766611009564,720575940632012243,80224766611027683,720575940615899622,[559548 285224  80240],[559656 285276  80240]
165711822,2021-03-09 20:14:58.183080+00:00,,True,8.582718,146.0,0.0032492115,0.9597862,0.002816048,0.0009226076,7.991302e-05,0.033146083,True,78887073612528808,720575940626120008,78887073612534573,720575940636254810,[481828 247528 183400],[481936 247360 183400]
156189072,2021-03-09 20:14:58.183080+00:00,,True,529.4115,151.0,0.02240067,0.80323154,0.008957103,0.0022973507,0.011783089,0.15133023,True,78887073612511964,720575940626120008,78887073612500152,720575940636254810,[480556 247308 182720],[480452 247344 182720]
85426048,2021-03-09 20:14:58.183080+00:00,,True,539.06415,152.0,0.013111742,0.91668767,0.002733836,6.050031e-05,0.020744573,0.046661604,True,80574686454872626,720575940616536669,80574686454870063,720575940625963432,[580196 171680 158000],[580072 171688 158000]
104178528,2021-03-09 20:14:58.183080+00:00,,True,136.38887,21.0,0.0004436856,0.99912375,3.8056646e-07,7.4996256e-06,2.2586795e-05,0.00040211764,True,79943223048571681,720575940613403890,79943223048570315,720575940642027464,[542084 283800 106360],[542092 283700 106400]
85459091,2021-03-09 20:14:58.183080+00:00,,True,30.647709,0.0,0.099748075,0.024595454,0.02395512,0.12800147,0.39120713,0.33249274,True,80223804806698706,720575940610481368,80223804806697383,720575940613998860,[557164 230748 158840],[557120 230680 158760]
85447991,2021-03-09 20:14:58.183080+00:00,,True,258.06686,59.0,0.0063256044,0.98529875,0.0019890724,0.0011323628,0.00048762216,0.004766548,True,80644986479574308,720575940553482989,80644986479573034,720575940625963432,[583648 169036 158680],[583684 168920 158680]
80040576,2021-03-09 20:14:58.183080+00:00,,True,339.5959,144.0,6.6223524e-06,0.012031183,5.9420125e-07,1.1767898e-12,0.9867113,0.0012503396,True,79309835497713272,720575940621138977,79309835497710099,720575940653053601,[505860 280724  78320],[505996 280712  78360]
85377012,2021-03-09 20:14:58.183080+00:00,,True,38.456154,0.0,0.06027771,0.37175727,0.48021573,0.0072602504,0.026087781,0.05440125,True,80154123257260951,720575940621420660,80154123257260952,720575940615899622,[554152 272208 158400],[554228 272200 158360]
85972559,2021-03-09 20:14:58.183080+00:00,,True,303.7207,6.0,0.011733776,0.084337965,0.63068193,0.0034447776,0.25619003,0.013611469,True,79730948719507448,720575940586777890,79730948719510293,720575940625963432,[530920 214332 158080],[530996 214264 158080]
86574614,2021-03-09 20:14:58.183080+00:00,,True,276.30087,146.0,0.016801588,0.10174913,0.19338429,2.8500779e-06,0.056693956,0.6313682,True,78815261692071678,720575940646821252,78815261692060542,720575940632409130,[476816 161200 158960],[476872 161368 158920]
85291505,2021-03-09 20:14:58.183080+00:00,,True,309.33206,142.0,0.048597507,0.027855631,0.28565368,0.012399862,0.097024016,0.52846926,True,80154054537811354,720575940628236554,80154054537813947,720575940623222712,[553360 266048 159480],[553464 266004 159480]
86574546,2021-03-09 20:14:58.183080+00:00,,True,139.63019,0.0,0.2407861,0.05193258,0.07111967,0.03609293,0.11500844,0.48506033,True,78815261692053456,720575940633918304,78815261692041061,720575940632409130,[477048 160636 158400],[476964 160716 158360]
86383620,2021-03-09 20:14:58.183080+00:00,,True,97.89064,4.0,0.01001387,0.18406235,0.030307187,0.0087895775,0.72954595,0.037281144,True,80083685793596116,720575940606384732,80083685793600125,720575940615899622,[552544 268328 158880],[552508 268348 158840]
20803636,2021-03-09 20:14:58.183080+00:00,,True,102.53452,0.0,0.01196396,0.12159506,0.0076690656,0.00011775808,0.85349613,0.0051580775,True,79098179844813537,720575940626462014,79098179844799257,720575940628800207,[492348 244408 177720],[492356 244580 177640]
86893597,2021-03-09 20:14:58.183080+00:00,,True,47.343952,0.0,0.016743608,0.010168318,0.0006821662,0.17086534,0.7797808,0.021759732,True,79379929632360094,720575940614064571,79379929632355954,720575940653053601,[509820 260796 158560],[509668 260792 158560]
86893577,2021-03-09 20:14:58.183080+00:00,,True,7.6785164,50.0,0.01778006,0.73432535,0.00058982783,0.0012758313,0.24153188,0.0044970373,True,79379929632361549,720575940633943136,79379929632342183,720575940653053601,[509104 261348 158200],[509192 261420 158120]
86907490,2021-03-09 20:14:58.183080+00:00,,True,58.071175,172.0,0.02469262,0.89440346,0.051739026,0.0018860475,0.008743986,0.018534767,True,80153985818280516,720575940541792393,80153985818291382,720575940623222712,[553212 261756 158160],[553136 261852 158160]
86904134,2021-03-09 20:14:58.183080+00:00,,True,44.593178,0.0,0.06812033,0.20662874,0.11625399,0.03411556,0.32755968,0.24732168,True,79379929632387075,720575940619985089,79379929632393175,720575940620328828,[508536 262016 159240],[508528 262140 159240]
86904139,2021-03-09 20:14:58.183080+00:00,,True,5.76385,0.0,0.073490925,0.17862861,0.12501928,0.06276536,0.29781547,0.2622804,True,79379929632387075,720575940619985089,79379929632393175,720575940620328828,[508516 262032 159280],[508488 262152 159280]
88126367,2021-03-09 20:14:58.183080+00:00,,True,193.32819,43.0,0.001757834,0.99646324,1.8613993e-05,3.1662687e-05,2.7453038e-05,0.0017013336,True,79238848546799978,720575940609695683,79238848546815225,720575940620328828,[499708 241212 163480],[499680 241336 163480]
88126425,2021-03-09 20:14:58.183080+00:00,,True,45.599163,20.0,0.62312293,0.11909565,0.2086383,0.00047094378,0.010247092,0.038425066,True,79238848546829031,720575940484349487,79238848546821402,720575940620328828,[499856 242160 163800],[499956 242144 163800]
87770893,2021-03-09 20:14:58.183080+00:00,,True,16.337687,150.0,0.0012668199,0.9638156,0.017811274,0.00017076342,3.0496074e-05,0.01690508,True,79309904485681202,720575940637388004,79309904485674137,720575940632409130,[503576 281972 163360],[503488 281944 163320]
86961710,2021-03-09 20:14:58.183080+00:00,,True,99.55232,174.0,0.8751745,0.0037467298,0.11953442,6.217126e-08,0.00059475744,0.00094946794,True,80154191976750630,720575940628755815,80154191976736238,720575940615899622,[554312 273092 158760],[554368 273088 158680]
24101004,2021-03-09 20:14:58.183080+00:00,,True,33.71068,147.0,1.8683614e-06,9.0077316e-07,0.99999714,6.381287e-11,1.5503231e-09,2.935252e-10,True,79590348670223021,720575940618635072,79590348670226647,720575940632409130,[519968 220088 161720],[520012 220220 161720]
68939216,2021-03-09 20:14:58.183080+00:00,,True,23.088104,61.0,0.044581577,0.019615214,0.24850316,0.10931365,0.04484897,0.53313744,True,79801180024393591,720575940618635072,79801180024397226,720575940632409130,[533276 206616 148080],[533208 206664 148080]
47457861,2021-03-09 20:14:58.183080+00:00,,True,13.399307,141.0,0.2514821,0.5756828,0.12338115,0.00092349626,0.009100459,0.039430074,True,80504936185733744,720575940618635072,80504936185721771,720575940625963432,[575480 208120 150240],[575384 208032 150240]
68939201,2021-03-09 20:14:58.183080+00:00,,True,186.77408,134.0,0.03399483,0.013408383,0.06570259,0.08085461,0.03471334,0.77132624,True,79801180024393591,720575940618635072,79801180024397226,720575940632409130,[533256 206624 148040],[533128 206632 148000]
209113842,2021-03-09 20:14:58.183080+00:00,,True,82.528755,144.0,1.5299835e-06,0.00013487026,0.999863,1.7651935e-08,2.1168076e-07,2.7423167e-07,True,80083548287557073,720575940618635072,80083548287563330,720575940623222712,[551652 260324 138160],[551672 260448 138160]
241105572,2021-03-09 20:14:58.183080+00:00,,True,790.98065,145.0,0.011464362,0.0073465314,0.980094,0.000122061814,2.404739e-05,0.0009489359,True,79379173718089699,720575940618635072,79379173718098076,720575940653053601,[507968 219352 157520],[507848 219392 157480]
6543016,2021-03-09 20:14:58.183080+00:00,,True,124.06424,151.0,0.11209237,0.013899365,0.73316234,0.0045796125,0.074447595,0.061818775,True,80645604954492975,720575940618635072,80645604954476714,720575940623222712,[582384 204516 146080],[582496 204600 146000]
89149137,2021-03-09 20:14:58.183080+00:00,,True,91.773895,66.0,0.012385504,0.7613279,0.08389319,0.0028249004,0.028371744,0.11119677,True,80294448428904671,720575940630273444,80294448428917545,720575940625963432,[560924 248044 163720],[561024 248000 163760]
126701896,2021-03-09 20:14:58.183080+00:00,,True,322.3452,57.0,0.03758324,0.85776263,0.0068584825,0.00024633534,0.0110804895,0.08646886,True,80013523006613847,720575940625080862,80013523006604316,720575940642027464,[547392 279272  99760],[547508 279396  99720]
230164228,2021-03-09 20:14:58.183080+00:00,,True,5.7198834,53.0,0.00212888,0.015498313,0.9315013,0.0001646979,0.044076044,0.0066307113,True,80505623447681660,720575940633575575,80505623447677397,720575940625963432,[575964 249580 172440],[575876 249676 172440]
225890845,2021-03-09 20:14:58.183080+00:00,,True,158.56754,139.0,1.7565185e-07,0.00251239,0.9974873,1.8932866e-13,1.7172171e-07,1.1041148e-09,True,78604086672843370,720575940620745200,78604086672844664,720575940653053601,[464040 154112 136680],[464124 154160 136680]
68963623,2021-03-09 20:14:58.183080+00:00,,True,26.79041,0.0,0.068341404,0.019650204,0.012676906,0.022349378,0.54370373,0.33327827,True,80575236210365892,720575940660051073,80575236210355823,720575940625963432,[579544 205900 148000],[579512 205976 147960]
45973776,2021-03-09 20:14:58.183080+00:00,,True,54.81839,2.0,0.008221144,0.0039551663,0.016386759,0.00026429005,0.087061875,0.8841108,True,78745442703382748,720575940626022074,78745442703383901,720575940620328828,[473756 194524 151000],[473760 194364 151000]
89162059,2021-03-09 20:14:58.183080+00:00,,True,136.6751,144.0,0.00022148615,0.99863064,2.6874643e-09,7.617029e-05,4.8545567e-06,0.0010668971,True,79309354729946694,720575940621031006,79309354729941229,720575940628800207,[506096 248580 163600],[506152 248488 163640]
69994682,2021-03-09 20:14:58.183080+00:00,,True,131.21774,144.0,0.010821771,0.9538502,0.014128108,0.0022551045,0.00058019476,0.018364554,True,78745442703331615,720575940624152051,78745442703329161,720575940653053601,[474600 194280 149280],[474488 194276 149280]
44861762,2021-03-09 20:14:58.183080+00:00,,True,142.35144,7.0,0.02477861,0.9517291,0.0008531846,0.00030677687,0.0029074773,0.019424902,True,78815948886505567,720575940624152051,78815948886508029,720575940653053601,[475808 199400 150200],[475792 199468 150280]
7357311,2021-03-09 20:14:58.183080+00:00,,True,290.09833,134.0,0.57753533,0.043929417,0.25582057,0.0031636243,0.010244767,0.10930631,True,78815467849986275,720575940611982997,78815467849993862,720575940620328828,[476376 174344 144960],[476480 174432 144960]
190057549,2021-03-09 20:14:58.183080+00:00,,True,49.55632,144.0,0.029305661,0.1552177,0.5576545,0.004667142,0.042962745,0.21019231,True,78815605289023491,720575940611982997,78815605289020749,720575940620328828,[476716 182396 147320],[476736 182512 147240]
84143980,2021-03-09 20:14:58.183080+00:00,,True,5.7402744,144.0,0.13965298,0.19955663,0.60724664,0.00013486289,0.0042524445,0.049156506,True,80012561135189902,720575940611982997,80012561135192250,720575940615899622,[547284 221112 158640],[547388 221172 158600]
148827938,2021-03-09 20:14:58.183080+00:00,,True,9.539438,0.0,0.016239466,0.004735957,0.0019113037,0.13129224,0.7635878,0.08223329,True,80647323076174715,720575940644666660,80647323076155713,720575940613998860,[584888 308300 203800],[584852 308176 203720]
95262078,2021-03-09 20:14:58.183080+00:00,,True,484.85187,142.0,0.56190765,0.005030477,0.42903587,7.410641e-05,0.00092467555,0.0030272084,True,78744824161091415,720575940610326994,78744824161084691,720575940620328828,[471404 156516 133000],[471456 156648 133000]
208571526,2021-03-09 20:14:58.183080+00:00,,True,114.5968,169.0,0.0011088965,0.9988525,1.591455e-05,1.7910313e-09,1.2984141e-06,2.1451875e-05,True,78603811794984788,720575940627436554,78603811794966295,720575940653053601,[466144 140140 138040],[466120 140196 137960]
184145559,2021-03-09 20:14:58.183080+00:00,,True,181.22626,33.0,0.028484387,0.710635,0.0103780385,0.00021893816,0.0072953743,0.2429883,True,81421173103090575,720575940622696944,81421173103081536,720575940625963432,[628056 295160 185920],[628184 295160 185920]
95285813,2021-03-09 20:14:58.183080+00:00,,True,101.691376,149.0,0.018394276,0.89864945,0.019641818,0.0018629116,0.0032356947,0.058215756,True,78674455416921451,720575940646821252,78674455416915308,720575940620328828,[467588 156544 133280],[467428 156488 133280]
43071725,2021-03-09 20:14:58.183080+00:00,,True,78.74209,150.0,1.1112376e-05,2.7569688e-06,0.9999862,2.1279329e-08,2.0489115e-09,5.965918e-09,True,80083823232379927,720575940627447427,80083823232391203,720575940613998860,[552312 276552 153320],[552208 276592 153320]
95262227,2021-03-09 20:14:58.183080+00:00,,True,38.600082,36.0,0.016441548,0.8796377,0.02737381,0.0031171383,0.001844796,0.0715849,True,78674455416940755,720575940636524777,78674455416926290,720575940620328828,[469824 156500 133920],[469760 156400 133840]
95296560,2021-03-09 20:14:58.183080+00:00,,True,67.71004,0.0,0.082986034,0.024675721,0.18644345,0.0010942305,0.49498266,0.2098179,True,78533786648077989,720575940620769513,78463417903878742,720575940653053601,[458448 158596 134400],[458416 158556 134400]
142855684,2021-03-09 20:14:58.183080+00:00,,True,326.11017,144.0,0.00013954187,0.99781454,5.456102e-07,0.00010663456,2.6503433e-06,0.0019361844,True,80224423281872561,720575940623682195,80224423281848802,720575940625963432,[557280 265480 154840],[557252 265304 154840]
109609108,2021-03-09 20:14:58.183080+00:00,,True,273.04755,143.0,6.7812625e-06,0.0013259593,0.9986628,2.1558977e-10,1.1544852e-06,3.2697956e-06,True,80012148885445800,720575940630539535,80012148885440035,720575940615899622,[545644 198020 179520],[545576 197880 179520]
89136463,2021-03-09 20:14:58.183080+00:00,,True,454.61966,158.0,0.0032899354,0.9250289,5.8408972e-05,2.9834264e-05,0.0032591354,0.06833383,True,79168617241572455,720575940623682195,79168617241584097,720575940653053601,[497908 249032 163760],[498008 249080 163760]
85928240,2021-03-09 20:14:58.183080+00:00,,True,229.59053,146.0,0.008920743,0.888816,0.000396718,0.0007428736,0.0061510815,0.09497254,True,80153710940366751,720575940613235865,80153710940366756,720575940613998860,[554388 246860 157960],[554280 246792 157960]
174304333,2021-03-09 20:14:58.183080+00:00,,True,28.86069,70.0,2.5299556e-05,1.521924e-05,9.702099e-06,0.011970884,0.98378754,0.004191333,True,78606011019237428,720575940636479668,78606011019248302,720575940653053601,[463628 270020 189040],[463756 270004 189080]
208865451,2021-03-09 20:14:58.183080+00:00,,True,29.748016,0.0,0.18427402,0.5260136,0.046587925,0.017577963,0.13204111,0.093505345,True,78674524136553681,720575940625184782,78674524136550989,720575940653053601,[467400 161764 137920],[467392 161864 137920]
5644262,2021-03-09 20:14:58.183080+00:00,,True,74.05209,149.0,0.001327024,0.76314324,0.0380418,2.9180245e-07,0.023918435,0.17356922,True,79168617308140938,720575940617018939,79168617308140698,720575940628800207,[495476 252084 168160],[495364 252008 168160]
135503250,2021-03-09 20:14:58.183080+00:00,,True,236.15228,141.0,0.8469163,0.1175962,0.025225,0.010020181,5.706719e-06,0.00023657538,True,80295410233012201,720575940646088068,80295410233016476,720575940615899622,[561800 303992  77080],[561720 303968  77120]
193116543,2021-03-09 20:14:58.183080+00:00,,True,8.617281,0.0,0.0020524114,0.0009303666,6.530081e-05,0.14352356,0.78495014,0.06847827,True,80083823165550294,720575940644745120,80083823165547696,720575940615899622,[549024 276624 141040],[548956 276532 141040]
97933403,2021-03-09 20:14:58.183080+00:00,,True,217.7482,113.0,0.3130329,0.6222137,0.03204276,0.0024737148,0.0022061376,0.02803073,True,80084029189368193,720575940646088068,80084029189383043,720575940615899622,[549504 288996  88120],[549444 288912  88120]
98130319,2021-03-09 20:14:58.183080+00:00,,True,54.369637,134.0,0.05195066,0.8398969,0.0095113665,0.00047816872,0.04250865,0.05565427,True,79520323321641366,720575940627555590,79520323321632410,720575940620328828,[517552 243768  85760],[517484 243884  85720]
99300922,2021-03-09 20:14:58.183080+00:00,,True,23.875458,25.0,0.0046675494,0.93924475,8.412978e-05,0.00032568295,0.037325956,0.01835186,True,80154329214030602,720575940617358552,80154329214033091,720575940615899622,[552864 282464  86880],[552976 282556  86880]
99289881,2021-03-09 20:14:58.183080+00:00,,True,83.04422,52.0,0.0049984036,0.47241735,0.06400671,2.7294886e-05,0.12003539,0.33851486,True,80083960469848653,720575940617358552,80083960469854990,720575940615899622,[550760 281156  86680],[550616 281156  86640]
9722065,2021-03-09 20:14:58.183080+00:00,,True,751.9866,146.0,0.004300452,0.9729427,4.3637145e-05,7.6085626e-06,0.00033671697,0.022368874,True,79098866771175830,720575940615059240,79098866771172129,720575940653053601,[492612 285232  96560],[492700 285320  96560]
125596397,2021-03-09 20:14:58.183080+00:00,,True,95.49743,0.0,0.4640224,0.28201362,0.058280997,2.1064678e-05,0.09787125,0.0977906,True,79169166795959693,720575940646088068,79169166795955836,720575940628800207,[498636 281744  99360],[498544 281680  99360]
99565407,2021-03-09 20:14:58.183080+00:00,,True,219.91559,146.0,0.00621455,0.61933666,2.0986072e-05,3.0604217e-06,0.002805162,0.37161952,True,79520598199535582,720575940645882420,79520598199553478,720575940620328828,[517036 258736  86160],[517048 258604  86160]
2333745,2021-03-09 20:14:58.183080+00:00,,True,213.59302,133.0,0.15874057,0.0075853616,0.83253783,0.0003920591,5.7043602e-05,0.0006870956,True,77972761041450389,720575940631149532,77972761041449103,720575940632409130,[425760 275956 199400],[425852 275932 199400]
7671430,2021-03-09 20:14:58.183080+00:00,,True,509.7121,7.0,0.39130077,0.013439789,0.5419812,0.0007834324,0.009766265,0.042728517,True,78815467849981151,720575940628236554,78815467849986929,720575940653053601,[477716 170744 144680],[477576 170680 144680]
102746990,2021-03-09 20:14:58.183080+00:00,,True,14.334851,129.0,0.011608384,0.9164082,0.017193558,0.012742222,0.0011222763,0.040925324,True,80153229903845081,720575940614619282,80153229903839544,720575940625963432,[554832 217080 151880],[554728 217032 151760]
100923723,2021-03-09 20:14:58.183080+00:00,,True,506.9685,130.0,0.020374686,0.80413705,0.09865683,0.013670537,0.0031295198,0.060031362,True,80644917759904251,720575940606794037,80644917759901298,720575940625963432,[584360 162992 151840],[584280 163100 151800]
41579872,2021-03-09 20:14:58.183080+00:00,,True,27.033382,0.0,0.027465537,0.8710078,0.018271092,0.036496386,0.0017469325,0.045012236,True,80153298623376837,720575940628236554,80153298623383930,720575940625963432,[552688 220740 153640],[552768 220688 153680]
225825786,2021-03-09 20:14:58.183080+00:00,,True,673.0003,147.0,0.0059989057,0.07804546,0.912446,0.00037072663,0.0002110462,0.0029278605,True,80645398729312603,720575940618635072,80645398729318435,720575940642027464,[581868 193740 137360],[581808 193820 137400]
102209746,2021-03-09 20:14:58.183080+00:00,,True,39.350193,0.0,0.0036547598,0.0029210194,0.015028479,0.12553315,0.57873404,0.27412853,True,79380067071088617,720575940618310328,79380067071091345,720575940653053601,[509824 269492 152200],[509768 269380 152200]
208801240,2021-03-09 20:14:58.183080+00:00,,True,325.57318,95.0,0.066186465,0.10668513,0.005091385,0.101414345,0.54250723,0.17811537,True,79309904418457906,720575940624394790,79309904418460696,720575940653053601,[507524 282872 137840],[507472 282976 137800]
47457866,2021-03-09 20:14:58.183080+00:00,,True,10.498128,144.0,0.26864177,0.5044814,0.11675939,0.0014408326,0.026749535,0.08192713,True,80504936185733744,720575940618635072,80504936185721771,720575940625963432,[575472 208140 150280],[575352 208088 150280]
101851035,2021-03-09 20:14:58.183080+00:00,,True,113.74918,0.0,0.0019231476,0.00050651014,0.00043299037,0.49738106,0.40819243,0.09156392,True,80223598648008775,720575940615160239,80223598648010108,720575940613998860,[557576 218072 151640],[557432 218064 151600]
102069836,2021-03-09 20:14:58.183080+00:00,,True,54.599815,0.0,0.0006931914,3.6201207e-05,2.3401233e-08,0.052291267,0.9454595,0.0015198358,True,80083617073920565,720575940586757108,80083617073946168,720575940623222712,[549412 264144 152600],[549324 264112 152640]
88066057,2021-03-09 20:14:58.183080+00:00,,True,245.05946,139.0,0.07156373,0.11047103,0.7455099,0.0028224336,0.013311975,0.056320973,True,80223942245777346,720575940628236554,80223942245769068,720575940642027464,[559336 237368 163040],[559276 237252 163040]
102496274,2021-03-09 20:14:58.183080+00:00,,True,92.59036,11.0,0.016067374,0.7759149,0.025242995,0.011201324,0.031780787,0.13979258,True,79309835765857274,720575940609695683,79309835765877548,720575940632409130,[506048 277840 152240],[506108 277876 152280]
102608189,2021-03-09 20:14:58.183080+00:00,,True,12.447311,0.0,0.028786138,0.01777595,0.04009822,0.48289797,0.08184263,0.34859902,True,78886386350242277,720575940624323110,78886386350251763,720575940620328828,[479888 203976 152760],[479856 204068 152760]
102979876,2021-03-09 20:14:58.183080+00:00,,True,636.5146,140.0,0.009044257,0.0057894527,0.03060939,0.0124589605,0.060821224,0.8812767,True,79660579975144409,720575940633573836,79660579975135729,720575940636254810,[526800 212296 152200],[526704 212184 152160]
103152413,2021-03-09 20:14:58.183080+00:00,,True,10.528363,138.0,0.017045192,0.65856904,0.14278476,0.00090057135,0.03275949,0.14794093,True,80224492001230162,720575940623101109,80224492001226569,720575940625963432,[559188 268936 151480],[559092 269036 151480]
103351878,2021-03-09 20:14:58.183080+00:00,,True,731.157,152.0,0.0067053135,0.8997641,0.009325161,1.1952172e-06,0.08263632,0.0015679433,True,80644917759884779,720575940606794037,80644917759883400,720575940625963432,[583892 162308 151480],[583788 162416 151480]
102979868,2021-03-09 20:14:58.183080+00:00,,True,20.063477,82.0,0.00027366527,0.0038720346,0.008037547,0.0020410398,0.98555505,0.00022059609,True,79660579975135717,720575940619828095,79660579975135729,720575940636254810,[526584 212072 152080],[526672 212124 152080]
102979862,2021-03-09 20:14:58.183080+00:00,,True,166.6721,154.0,0.035886776,0.3244379,0.34460655,0.00035671348,0.2927448,0.0019672976,True,79660579975135779,720575940619828095,79660579975140812,720575940628800207,[526428 212140 152080],[526464 212240 152080]
102979895,2021-03-09 20:14:58.183080+00:00,,True,22.180588,126.0,0.059263512,0.17160398,0.13833739,0.17348361,0.43039304,0.02691849,True,79660579975135779,720575940619828095,79660579975140812,720575940628800207,[526424 212200 152200],[526408 212328 152200]
103156051,2021-03-09 20:14:58.183080+00:00,,True,29.94793,0.0,0.06116559,0.6587721,0.21635713,0.013424676,0.0074600484,0.042820476,True,80154054537564356,720575940630034127,80154054537568235,720575940615899622,[552884 266456 151680],[552848 266392 151680]
242021372,2021-03-09 20:14:58.183080+00:00,,True,33.875755,19.0,0.03550325,0.552497,0.32174116,8.164877e-05,0.062090732,0.028086111,True,80153710940370670,720575940613235865,80153710940371937,720575940613998860,[554504 247572 157960],[554432 247632 157920]
137284897,2021-03-09 20:14:58.183080+00:00,,True,286.30484,149.0,0.0031105932,0.94003296,0.02664012,1.3254104e-05,0.005917475,0.024285605,True,80223942245698204,720575940613235865,80223942245705311,720575940625963432,[558784 239896 160880],[558644 239888 160880]
164035573,2021-03-09 20:14:58.183080+00:00,,True,68.352135,0.0,0.040932823,0.305071,0.0015687806,0.0008017049,0.62265444,0.02897121,True,79379791992135784,720575940624402173,79379791992119897,720575940620328828,[511024 256028  98320],[510968 256120  98320]
104888905,2021-03-09 20:14:58.183080+00:00,,True,150.9267,104.0,0.00047528563,2.467609e-05,0.00142007,0.00017208947,0.014395317,0.9835126,True,79380135656180926,720575940608368818,79380135656186601,720575940620328828,[508764 276724 106000],[508664 276736 105920]
104179501,2021-03-09 20:14:58.183080+00:00,,True,7.6187468,51.0,0.39387107,0.23953673,0.31531116,0.0019079375,0.011332968,0.038040075,True,80083960536938166,720575940620103595,80083960536921976,720575940615899622,[549580 282128 106480],[549452 282080 106480]
107007964,2021-03-09 20:14:58.183080+00:00,,True,25.01817,0.0,0.060661856,0.29517773,0.003205314,0.0003052302,0.6334154,0.0072344206,True,80013385768382865,720575940611934706,80013385768380104,720575940623222712,[547020 271216 144280],[547224 271240 144360]
106047761,2021-03-09 20:14:58.183080+00:00,,True,25.059252,0.0,0.051644187,0.086905554,0.012832099,0.019314576,0.4431854,0.38611826,True,80645467448976981,720575940623112119,80645467448972502,720575940625963432,[582280 198788 143280],[582408 198744 143280]
6635607,2021-03-09 20:14:58.183080+00:00,,True,124.97463,139.0,0.014834386,0.98109645,0.001546807,0.00011222052,0.0012501613,0.0011599626,True,80013591926915320,720575940617330107,80013591926929898,720575940623222712,[545712 283032 145800],[545748 283096 145880]
108028542,2021-03-09 20:14:58.183080+00:00,,True,68.39223,0.0,0.555395,0.2567781,0.1021802,0.011568933,0.052912805,0.02116501,True,79309835765566150,720575940630460919,79309835765564525,720575940653053601,[507184 280384 144040],[507184 280264 144040]
46316186,2021-03-09 20:14:58.183080+00:00,,True,21.26404,0.0,0.010696442,0.9435846,0.0005897195,0.00011681197,0.010596217,0.034416135,True,80154260695915823,720575940617330107,80154260695935517,720575940613998860,[552736 278824 150080],[552748 278944 150080]
70041515,2021-03-09 20:14:58.183080+00:00,,True,138.26819,16.0,0.0014408273,0.9893835,1.7607061e-06,2.4550302e-06,0.0021912092,0.0069803176,True,79309698326800215,720575940639242303,79309698326813310,720575940620328828,[507160 271848 148800],[507176 271952 148840]
227690877,2021-03-09 20:14:58.183080+00:00,,True,202.62207,142.0,0.0010025572,0.9934263,6.380559e-05,0.0022209175,1.5464475e-05,0.0032709287,True,78674524136503099,720575940621947302,78674524136503088,720575940653053601,[466736 161268 136640],[466672 161176 136640]
108028557,2021-03-09 20:14:58.183080+00:00,,True,91.267914,0.0,0.5474998,0.25789416,0.1016551,0.007245025,0.058902778,0.02680316,True,79309835765566150,720575940630460919,79309835765564525,720575940653053601,[507176 280368 144040],[507172 280216 144080]
108854795,2021-03-09 20:14:58.183080+00:00,,True,37.325684,0.0,0.030058147,0.04172061,0.026705837,0.0060568596,0.6337515,0.261707,True,79590142578843658,720575940624347389,79590142578847588,720575940632409130,[523272 208312 179680],[523168 208152 179720]
107396846,2021-03-09 20:14:58.183080+00:00,,True,32.72637,0.0,0.023726024,0.017536733,0.03538491,0.0007133859,0.16027288,0.7623661,True,79730811280088008,720575940649033593,79730811280032147,720575940636254810,[531840 203620 144360],[531792 203540 144320]
108032381,2021-03-09 20:14:58.183080+00:00,,True,96.29385,133.0,0.018617544,0.7163257,0.0048730187,0.0013799132,0.0045135436,0.25429037,True,80154260629291923,720575940624152051,80154260629297366,720575940623222712,[553056 279840 143520],[553000 279616 143560]
117204439,2021-03-09 20:14:58.183080+00:00,,True,119.42879,145.0,0.0040241126,0.9889776,0.002759884,0.002020379,0.00019805663,0.00201991,True,80574892546309407,720575940619896711,80574892546315050,720575940625963432,[580952 185032 141920],[580872 184972 141880]
107399733,2021-03-09 20:14:58.183080+00:00,,True,36.743652,0.0,0.088638365,0.14532307,0.22713159,0.013463512,0.11580285,0.40964064,True,79871479982502663,720575940644279319,79871479982493535,720575940636254810,[536544 202404 142960],[536544 202484 143000]
84153590,2021-03-09 20:14:58.183080+00:00,,True,15.309152,147.0,0.06942942,0.04860418,0.83724535,0.008724617,0.006654603,0.029341841,True,79590348670136633,720575940611982997,79590348670137814,720575940636254810,[521300 220456 159360],[521296 220416 159400]
241362555,2021-03-09 20:14:58.183080+00:00,,True,129.6796,0.0,0.75834936,0.058052726,0.0006488872,0.103876695,0.044566423,0.034505937,True,79379998351805795,720575940636232932,79379998351803279,720575940620328828,[510900 265020 157360],[510712 265004 157360]
241362556,2021-03-09 20:14:58.183080+00:00,,True,68.63122,0.0,0.6413979,0.06514908,0.0005307807,0.0072903084,0.2066168,0.07901521,True,79379998351805795,720575940636232932,79379998351802073,720575940620328828,[510824 264948 157400],[510668 265008 157440]
101854626,2021-03-09 20:14:58.183080+00:00,,True,27.920696,139.0,0.00052251166,0.99550605,3.9412374e-05,0.0036073222,4.579357e-06,0.00032008576,True,80153229903870186,720575940636821616,80153229903846493,720575940625963432,[554364 217528 152320],[554240 217460 152280]
47481142,2021-03-09 20:14:58.183080+00:00,,True,365.6757,109.0,0.127451,0.047264177,0.80051035,0.00027982178,0.005810558,0.018684048,True,80434567441537535,720575940611982997,80434567441542364,720575940623222712,[572588 209716 150320],[572708 209752 150280]
190057518,2021-03-09 20:14:58.183080+00:00,,True,287.7536,80.0,0.0717981,0.61505806,0.2479927,0.00094629,0.0110701155,0.053134732,True,78815605289007642,720575940611982997,78815674008493523,720575940620328828,[476932 182740 147000],[477012 182784 147000]
42639423,2021-03-09 20:14:58.183080+00:00,,True,772.36127,115.0,0.011377662,0.9884199,2.1794793e-05,1.4314914e-05,2.5722038e-05,0.00014072347,True,79379929632204144,720575940615378700,79379929632179315,720575940636254810,[509972 262784 153240],[509808 262792 153240]
110496958,2021-03-09 20:14:58.183080+00:00,,True,83.30424,0.0,0.0143196555,0.025336007,0.0015388489,0.111767784,0.8084602,0.038577553,True,79027879820154043,720575940616940216,79027879820162688,720575940636254810,[489540 250696 179560],[489596 250592 179600]
110496960,2021-03-09 20:14:58.183080+00:00,,True,51.014984,0.0,0.025808688,0.02907239,0.003301708,0.09304606,0.8184004,0.030370781,True,79027879820157085,720575940616940216,79027879820162688,720575940636254810,[489508 250712 179600],[489536 250624 179640]
33584271,2021-03-09 20:14:58.183080+00:00,,True,53.46567,139.0,0.024589654,0.3631086,0.5970783,1.2555488e-05,0.0012406606,0.013970216,True,80083617006965039,720575940628236554,80083617006949167,720575940623222712,[550632 264412 135800],[550664 264520 135840]
137094507,2021-03-09 20:14:58.183080+00:00,,True,36.76953,147.0,0.020496324,0.84243435,0.04426805,0.0027709464,0.010573212,0.07945717,True,80223942245696173,720575940625750098,80223942245692430,720575940613998860,[559572 236096 160800],[559492 236132 160800]
212237209,2021-03-09 20:14:58.183080+00:00,,True,81.24287,0.0,0.14672568,0.3638522,0.16155015,0.03217841,0.061847717,0.23384584,True,78744755441263819,720575940615378700,78744755441264080,720575940620328828,[471800 153280 123760],[471864 153332 123840]
230164238,2021-03-09 20:14:58.183080+00:00,,True,58.06276,145.0,0.0049864706,0.011669756,0.9667955,0.00012685788,0.0107009495,0.005720482,True,80505623447681699,720575940633575575,80505623447677397,720575940625963432,[576036 249624 172520],[575948 249720 172520]
241362559,2021-03-09 20:14:58.183080+00:00,,True,101.25343,0.0,0.9145037,0.061990134,0.0012181189,0.00088719657,0.0006172397,0.020783564,True,79379998351817345,720575940636232932,79379998351812447,720575940620328828,[510784 265268 157600],[510612 265240 157600]
67218660,2021-03-09 20:14:58.183080+00:00,,True,103.50804,144.0,3.495799e-10,2.0323543e-12,1.27044125e-14,0.35849363,0.6415064,3.5998024e-08,True,78605942299718935,720575940636479668,78605942299710559,720575940653053601,[464556 268464 187760],[464428 268408 187720]
30145826,2021-03-09 20:14:58.183080+00:00,,True,88.62268,0.0,0.044455383,0.03236157,0.02414699,0.009971336,0.63124245,0.25782228,True,78817323477197950,720575940609695683,78817323477207929,720575940632409130,[476008 281628 206360],[476092 281728 206320]
98326153,2021-03-09 20:14:58.183080+00:00,,True,61.8646,0.0,0.00020190404,7.723068e-05,1.3484906e-05,0.003217246,0.9917384,0.0047517642,True,80084097908845547,720575940604458668,80084097908834305,720575940615899622,[551680 292224  87280],[551592 292036  87240]
113565470,2021-03-09 20:14:58.183080+00:00,,True,56.002068,0.0,0.104994185,0.10966993,0.6978284,0.019437468,0.051648024,0.016422002,True,79379448662944432,720575940614373226,79379448662938374,720575940632409130,[510204 233320 173360],[510044 233232 173360]
90202280,2021-03-09 20:14:58.183080+00:00,,True,61.63441,147.0,0.0123933405,0.9064153,0.045676775,3.6722142e-06,0.002416857,0.03309408,True,79309423449433668,720575940609695683,79309423449422336,720575940653053601,[504792 254980 163960],[504664 255004 163920]
208865442,2021-03-09 20:14:58.183080+00:00,,True,47.369488,0.0,0.07212714,0.22890055,0.09794963,0.23826969,0.075129025,0.28762394,True,78674524136553681,720575940625184782,78674524136553714,720575940653053601,[467260 161748 137880],[467208 161836 137880]
42843940,2021-03-09 20:14:58.183080+00:00,,True,10.501678,0.0,0.15714182,0.072266236,0.7540284,0.0010180105,0.01111956,0.0044259517,True,79379379876416918,720575940625489160,79379379876399185,720575940628800207,[511296 230832 154560],[511248 230868 154560]
115897737,2021-03-09 20:14:58.183080+00:00,,True,127.16568,0.0,0.39179558,0.039465986,0.3333366,0.0091955215,0.05145355,0.17475282,True,80574961265770774,720575940624705514,80574961265769395,720575940625963432,[581120 187960 141560],[580944 187912 141520]
115170762,2021-03-09 20:14:58.183080+00:00,,True,42.188404,0.0,0.013112432,0.113520585,0.018678881,0.06584608,0.61288613,0.17595586,True,80575098704752771,720575940607470164,80575098704747803,720575940625963432,[581016 198568 142080],[581084 198500 142080]
87328602,2021-03-09 20:14:58.183080+00:00,,True,276.1954,176.0,0.031804126,0.8817241,0.050079737,0.00070960255,0.011936686,0.02374576,True,79238917266287407,720575940609695683,79238917266275230,720575940653053601,[502140 245244 163240],[502116 245328 163200]
47028279,2021-03-09 20:14:58.183080+00:00,,True,50.236362,0.0,0.82608294,0.11169462,0.006118318,0.0048270673,0.04012259,0.011154477,True,80154054537527839,720575940613635737,80154054537529050,720575940615899622,[553036 268608 150480],[552856 268600 150520]
115291297,2021-03-09 20:14:58.183080+00:00,,True,26.96431,0.0,0.0005746015,0.00019747128,0.00045654833,0.003940641,0.98699737,0.007833388,True,79943223116172130,720575940617469467,80013591860391984,720575940623222712,[544328 283176 141880],[544480 283248 141880]
99565443,2021-03-09 20:14:58.183080+00:00,,True,251.71591,123.0,0.018566016,0.8423747,0.021444665,8.293313e-05,0.027528709,0.09000296,True,79520598199571398,720575940645882420,79520598199562028,720575940620328828,[516744 259372  86520],[516648 259320  86520]
116921678,2021-03-09 20:14:58.183080+00:00,,True,31.020554,5.0,0.0104666725,0.0041695354,0.020258881,0.007535386,0.2323852,0.7251844,True,78815330344487281,720575940614384162,78815330344493527,720575940620328828,[475700 166064 141200],[475784 166112 141240]
99565437,2021-03-09 20:14:58.183080+00:00,,True,136.76152,149.0,0.023661464,0.72256655,0.03244969,0.0006588357,0.02568827,0.19497523,True,79520598199559047,720575940645882420,79520598199562028,720575940620328828,[516700 259336  86400],[516644 259368  86400]
116897565,2021-03-09 20:14:58.183080+00:00,,True,243.15672,141.0,0.6748952,0.0013165266,0.32361835,1.9516683e-05,1.6817212e-05,0.00013360949,True,78674592856139722,720575940611982997,78674592856149342,720575940653053601,[470556 164712 141880],[470668 164736 141880]
117204408,2021-03-09 20:14:58.183080+00:00,,True,7.6306953,0.0,0.1244226,0.10697158,0.60739833,0.018134918,0.033237774,0.10983479,True,80574892546309783,720575940626064060,80574892546316735,720575940625963432,[580696 186596 141560],[580712 186544 141600]
86175052,2021-03-09 20:14:58.183080+00:00,,True,28.957064,139.0,0.22385015,0.03253183,0.7389837,2.4488303e-05,0.002215238,0.0023945752,True,80644986479599191,720575940612291426,80644986479600740,720575940625963432,[584656 166700 159480],[584572 166768 159480]
116165332,2021-03-09 20:14:58.183080+00:00,,True,11.45089,0.0,0.091950186,0.12981534,0.007755222,0.026229396,0.54897285,0.19527702,True,80013385701933621,720575940611934706,80013385701933532,720575940623222712,[546940 269420 142240],[546924 269264 142280]
144632679,2021-03-09 20:14:58.183080+00:00,,True,33.817413,135.0,0.044600237,0.15556654,0.050362546,3.448438e-05,0.7488949,0.0005412705,True,79379860912789981,720575940605708478,79379860912786738,720575940628800207,[510456 258088 154640],[510568 258024 154680]
119420402,2021-03-09 20:14:58.183080+00:00,,True,316.61578,137.0,0.41283703,0.034673505,0.5497428,0.00095842977,0.0013319202,0.00045632053,True,79380341748061221,720575940638989219,79380341748075991,720575940628800207,[508948 289160 101840],[508928 289028 101880]
135565853,2021-03-09 20:14:58.183080+00:00,,True,44.37778,120.0,0.0075564035,0.9089125,9.686641e-05,0.00034994743,0.004826261,0.07825797,True,80365641538198129,720575940612664273,80365641538201779,720575940615899622,[565704 294452  76160],[565832 294492  76200]
124065946,2021-03-09 20:14:58.183080+00:00,,True,159.48479,146.0,6.471332e-05,0.15350197,9.0442074e-07,2.9757064e-13,0.6222014,0.22423102,True,80154535372411340,720575940612664273,80154535372405253,720575940615899622,[556216 296660  85080],[556200 296544  85080]
84837520,2021-03-09 20:14:58.183080+00:00,,True,194.00215,20.0,0.060758207,0.57854575,0.25451759,0.01231085,0.024764596,0.069102906,True,80223942245635522,720575940609695683,80223942245653612,720575940625963432,[558532 239888 159360],[558592 239936 159360]
207128036,2021-03-09 20:14:58.183080+00:00,,True,1223.6549,176.0,0.016394734,0.8989547,0.02752681,0.012462902,0.0047734696,0.03988743,True,78604086672895324,720575940621947302,78604086672907821,720575940653053601,[464156 154284 138480],[464196 154384 138480]
120818285,2021-03-09 20:14:58.183080+00:00,,True,21.101728,0.0,0.016318368,0.041065063,0.023154225,0.17458385,0.5695165,0.17536199,True,79872922957272426,720575940631327021,79872922957289248,720575940642027464,[537096 285316 101760],[537200 285264 101760]
193820138,2021-03-09 20:14:58.183080+00:00,,True,64.88312,138.0,0.020590944,0.025899483,0.0011429416,0.01752979,0.93042564,0.0044111777,True,79309904418565811,720575940634605920,79380273162729298,720575940653053601,[507484 282096 140880],[507656 282132 140880]
90252526,2021-03-09 20:14:58.183080+00:00,,True,144.94824,142.0,0.0051470986,0.95875865,0.0007453675,0.0013822782,0.00026520866,0.033701498,True,80224285843193837,720575940618816054,80224285843208317,720575940615899622,[559724 258916 164400],[559760 258824 164400]
154404210,2021-03-09 20:14:58.183080+00:00,,True,344.185,166.0,0.0053820456,0.65507084,0.23957464,7.7297574e-07,0.096432514,0.0035392551,True,80013454287006261,720575940648652676,80013454287002497,720575940615899622,[545520 273380  95400],[545444 273480  95400]
20278422,2021-03-09 20:14:58.183080+00:00,,True,554.41064,139.0,0.0096209785,0.77356005,0.08650137,0.00060488173,0.015714724,0.113998055,True,80294585934481791,720575940618816054,80294585934477813,720575940615899622,[562056 254900 167880],[562140 254924 167880]
209259239,2021-03-09 20:14:58.183080+00:00,,True,162.13367,145.0,0.0011421879,0.9858349,1.6763714e-06,0.00022222147,1.8914223e-05,0.0127801,True,80153917031761974,720575940620153765,80153917031769336,720575940623222712,[553848 259096 138640],[553924 258988 138640]
209259229,2021-03-09 20:14:58.183080+00:00,,True,56.990246,140.0,0.0014063098,0.9887665,6.518907e-07,1.0733792e-05,2.8912777e-05,0.009786922,True,80153917031761974,720575940620153765,80153917031769336,720575940623222712,[553840 259168 138480],[553892 259088 138480]
209259281,2021-03-09 20:14:58.183080+00:00,,True,28.911594,105.0,0.013958649,0.8885698,0.06770967,0.0004513429,0.023789441,0.005521047,True,80153917031768030,720575940620153765,80153917031777232,720575940623222712,[553396 259348 138960],[553264 259308 138920]
99324127,2021-03-09 20:14:58.183080+00:00,,True,145.26137,24.0,0.05687697,0.76437217,0.040509555,0.00076755194,0.030787187,0.10668648,True,79520460760606134,720575940631295506,79520460760607461,720575940620328828,[516652 252228  86280],[516592 252336  86280]
123431027,2021-03-09 20:14:58.183080+00:00,,True,228.22037,0.0,0.045604434,0.10011172,0.03479868,0.23021875,0.4784992,0.11076709,True,80295410702899272,720575940625806152,80295410702900579,720575940625963432,[561152 302664 225400],[560912 302704 225400]
115369033,2021-03-09 20:14:58.183080+00:00,,True,98.247574,146.0,0.020250803,0.88414496,0.00877887,0.0033011152,0.0026525003,0.08087176,True,80645398729437508,720575940625587642,80645398729422187,720575940625963432,[581912 192736 141320],[581960 192648 141320]
124065936,2021-03-09 20:14:58.183080+00:00,,True,324.919,151.0,1.2056846e-06,0.0016639218,1.1260331e-11,4.8490478e-14,0.9982266,0.000108299224,True,80154535372417168,720575940612664273,80154535372405253,720575940615899622,[556392 296716  85040],[556384 296620  85080]
124605935,2021-03-09 20:14:58.183080+00:00,,True,268.53625,137.0,0.064706944,0.52970886,0.36876047,0.00074751256,0.0017366868,0.034339502,True,79239466820191620,720575940644666660,79239466820200072,720575940653053601,[499760 277968  85400],[499668 277888  85400]
22778346,2021-03-09 20:14:58.183080+00:00,,True,32.897774,156.0,0.23702876,0.0790421,0.68089086,1.9934045e-05,0.00167924,0.0013391421,True,79379036346204331,720575940639112765,79379036346207040,720575940632409130,[509728 211420 176880],[509824 211368 176920]
159678196,2021-03-09 20:14:58.183080+00:00,,True,246.42233,147.0,0.0075504947,0.9111684,0.0029228781,0.00022785607,0.00400395,0.07412645,True,80012629921329237,720575940621405861,80012629921323023,720575940615899622,[544776 226808 165280],[544864 226836 165240]
124907623,2021-03-09 20:14:58.183080+00:00,,True,14.354873,143.0,0.009223855,0.91292447,0.0013491691,0.00014474394,0.0015800078,0.07477776,True,79169441673411437,720575940624535554,79169441673400358,720575940628800207,[495856 301240  85440],[495776 301324  85440]
117204414,2021-03-09 20:14:58.183080+00:00,,True,46.431656,144.0,0.0015477352,0.95406,0.0009709432,0.04198786,2.986856e-05,0.0014035727,True,80574892546310798,720575940619896711,80574892546315050,720575940625963432,[580928 185148 141680],[580768 185084 141680]
124972316,2021-03-09 20:14:58.183080+00:00,,True,24.103947,0.0,0.009420297,0.007813367,0.9223818,0.001262807,0.054111775,0.0050099,True,80154329213983403,720575940612156445,80154329213958442,720575940615899622,[554468 281324  84760],[554384 281224  84760]
44186180,2021-03-09 20:14:58.183080+00:00,,True,220.8517,120.0,0.08846136,0.036565997,0.85496825,0.0109358765,0.0032464273,0.005822167,True,79027192558109563,720575940631405416,79027192558116383,720575940620328828,[491056 210264 153960],[490992 210304 154000]
101854684,2021-03-09 20:14:58.183080+00:00,,True,118.56733,148.0,0.00063286343,0.9812537,8.497112e-05,0.017507415,5.8332506e-07,0.00052053016,True,80153229903870186,720575940636821616,80153229903861815,720575940625963432,[554184 217764 152440],[554016 217732 152440]
73907272,2021-03-09 20:14:58.183080+00:00,,True,6.6783686,0.0,0.7680303,0.20219156,0.0144228805,0.00025249016,0.010054233,0.0050485204,True,79450573120240882,720575940611003602,79380204376033864,720575940653053601,[511688 280872 117520],[511580 280748 117520]
125569720,2021-03-09 20:14:58.183080+00:00,,True,173.56216,148.0,0.0735772,0.13291019,0.12198206,0.19361721,0.31958622,0.15832713,True,79380410467487407,720575940617663537,79380410467487350,720575940628800207,[507924 289668 100640],[507924 289544 100640]
125592286,2021-03-09 20:14:58.183080+00:00,,True,12.453951,0.0,0.0073510087,0.0038497397,0.0067987144,0.009313604,0.8233254,0.14936155,True,80013591726093146,720575940622688765,80013591726084975,720575940642027464,[544636 282588  99680],[544476 282516  99760]
158643680,2021-03-09 20:14:58.183080+00:00,,True,159.60487,26.0,0.010471033,0.9615159,0.0008342362,0.0014417546,0.0010089274,0.024728071,True,79237405504242903,720575940627141509,79237405504261493,720575940632409130,[500348 155828 165080],[500344 155776 165160]
126705741,2021-03-09 20:14:58.183080+00:00,,True,65.2676,102.0,0.005357485,0.9040968,0.0064208386,4.315967e-05,0.001139773,0.08294192,True,79169166795960624,720575940607630805,79169166795956946,720575940628800207,[498516 281352  99440],[498448 281376  99480]
125596424,2021-03-09 20:14:58.183080+00:00,,True,27.942425,4.0,0.23602071,0.45649058,0.2716094,3.4008735e-06,0.028101545,0.007774321,True,79169166795957049,720575940607630805,79169166795955836,720575940628800207,[498672 281584  99440],[498636 281664  99480]
126029703,2021-03-09 20:14:58.183080+00:00,,True,36.729103,0.0,0.016935047,0.64116347,0.0095635075,1.0442645e-05,0.16564041,0.16668716,True,79379929431161252,720575940628358419,79379929431153611,720575940653053601,[509784 263364 100280],[509744 263284 100280]
44861717,2021-03-09 20:14:58.183080+00:00,,True,193.32861,0.0,0.81764793,0.18153267,0.0005486675,4.1693568e-08,0.00023181683,3.8958144e-05,True,78815880167025794,720575940617952034,78815880167021009,720575940653053601,[475116 196744 150200],[475116 196844 150120]
84153563,2021-03-09 20:14:58.183080+00:00,,True,664.53876,140.0,0.0005729767,0.99830866,2.2797417e-06,1.6978827e-05,6.8443965e-06,0.0010922576,True,79519979925975374,720575940617952034,79519979925979340,720575940636254810,[518376 221280 159200],[518292 221280 159160]
20380985,2021-03-09 20:14:58.183080+00:00,,True,439.2633,151.0,0.0007919806,0.9912753,9.769284e-07,0.0004675347,6.51513e-05,0.0073990393,True,79520048712120549,720575940617952034,79520048712118004,720575940632409130,[519348 224392 166520],[519248 224348 166480]
126705719,2021-03-09 20:14:58.183080+00:00,,True,256.25897,129.0,0.003270083,0.9162778,0.001231776,2.5947389e-05,0.0011135259,0.078080915,True,79169166795960624,720575940607630805,79169166795956946,720575940628800207,[498464 281320  99360],[498376 281352  99320]
47024872,2021-03-09 20:14:58.183080+00:00,,True,135.04797,88.0,0.0051800376,0.99066,5.5160832e-05,0.0006225878,0.00075811683,0.0027239877,True,79309629607398767,720575940617952034,79309629607397290,720575940636254810,[504764 268004 150640],[504880 267988 150640]
159016773,2021-03-09 20:14:58.183080+00:00,,True,26.877935,0.0,0.18408039,0.09022465,0.7211492,0.00045902087,0.0004323764,0.0036543692,True,80294517214912838,720575940616374667,80294517214899270,720575940615899622,[561884 248712 165400],[561872 248684 165320]
206300559,2021-03-09 20:14:58.183080+00:00,,True,89.69829,128.0,0.0032106033,0.93532485,2.0754243e-05,4.5015913e-05,0.0529864,0.008412306,True,80224766677558573,720575940619731393,80224766677563840,720575940615899622,[556928 286164  83200],[556928 286284  83200]
127501772,2021-03-09 20:14:58.183080+00:00,,True,236.8961,0.0,0.030761812,0.035619147,0.07765274,0.030476902,0.51957506,0.3059144,True,79309904351108693,720575940618137133,79309904351117465,720575940628800207,[504860 282484 110960],[504980 282496 110920]
159016824,2021-03-09 20:14:58.183080+00:00,,True,38.613827,0.0,0.07360682,0.006229907,0.91547066,0.00021251576,0.0017355647,0.0027445229,True,80294517214912838,720575940616374667,80294517214912881,720575940615899622,[561848 248816 165480],[561808 248940 165520]
186453658,2021-03-09 20:14:58.183080+00:00,,True,60.10266,0.0,0.00041855496,1.0414371e-05,5.6349506e-07,0.91692156,0.071116835,0.011532084,True,80717416942366187,720575940656144289,80717416942373623,720575940613998860,[586384 291864 202640],[586496 291868 202640]
127480682,2021-03-09 20:14:58.183080+00:00,,True,488.17346,0.0,0.05247704,0.083243996,0.12139401,0.09765885,0.13352574,0.51170045,True,80013591792942882,720575940628669545,80013591792893827,720575940615899622,[545808 282264 110920],[545760 282368 110920]
130025073,2021-03-09 20:14:58.183080+00:00,,True,147.5495,0.0,0.0077804085,0.0035856003,0.00030634445,0.17133051,0.7968289,0.020168185,True,80506379495926698,720575940656144289,80506379495928097,720575940613998860,[576376 296316 207760],[576344 296216 207760]
22786766,2021-03-09 20:14:58.183080+00:00,,True,113.05295,152.0,0.0031152964,0.84818816,0.02940204,7.601944e-06,0.00032786856,0.11895898,True,79871617555441347,720575940622790405,79871617555460300,720575940615899622,[539536 208812 177240],[539436 208768 177240]
129072781,2021-03-09 20:14:58.183080+00:00,,True,215.4333,0.0,0.5502526,0.074589066,0.07624964,0.0009212527,0.11435151,0.18363582,True,80013591792954426,720575940620134638,80013591792966569,720575940615899622,[544520 281784 112360],[544556 281700 112360]
164035568,2021-03-09 20:14:58.183080+00:00,,True,198.07413,0.0,0.08076837,0.6877333,0.0022465729,0.00047914477,0.20548883,0.023283783,True,79379791992115391,720575940624402173,79379791992119897,720575940620328828,[510960 256008  98240],[510872 256112  98200]
102221526,2021-03-09 20:14:58.183080+00:00,,True,220.04634,146.0,0.003345238,0.97230023,0.0006475788,0.00880968,9.020599e-05,0.0148070855,True,79380067071064405,720575940623992317,79380067071076999,720575940620328828,[508048 270264 151880],[508148 270168 151880]
163028404,2021-03-09 20:14:58.183080+00:00,,True,42.290367,142.0,0.0012119118,0.98457724,1.664127e-05,1.43573725e-05,8.391262e-05,0.014095914,True,79310041723256134,720575940625102692,79310041723256207,720575940628800207,[505404 291688  98760],[505452 291876  98720]
163028414,2021-03-09 20:14:58.183080+00:00,,True,280.6175,143.0,0.002532574,0.9715505,0.00015900598,5.5841163e-05,0.0008148874,0.024887197,True,79310041723251882,720575940625102692,79310041723256207,720575940628800207,[505356 291704  98760],[505412 291808  98760]
179355352,2021-03-09 20:14:58.183080+00:00,,True,70.6486,140.0,4.6933332e-07,1.320638e-05,0.99998593,1.4993493e-10,3.8082663e-07,5.559294e-10,True,79239398034186315,720575940610708430,79239398034189103,720575940653053601,[502512 276600  81600],[502600 276504  81600]
46021979,2021-03-09 20:14:58.183080+00:00,,True,398.76917,150.0,0.002174453,0.9297711,9.811914e-05,0.00083814963,0.00017589788,0.066942245,True,79380067071057878,720575940623992317,79380067071056517,720575940620328828,[507952 270096 151160],[508080 270132 151200]
9722037,2021-03-09 20:14:58.183080+00:00,,True,25.814568,147.0,0.0034648464,0.9666972,4.780361e-07,8.2809083e-07,9.303997e-05,0.02974356,True,79098798051688529,720575940625990500,79098798051691398,720575940653053601,[493364 284128  96400],[493444 284192  96400]
132924524,2021-03-09 20:14:58.183080+00:00,,True,90.91596,149.0,0.0019013735,0.88782686,0.09295525,5.8791716e-07,0.0018348426,0.015481153,True,79380066936644828,720575940622905383,79380066936642385,720575940620328828,[508064 270760 104400],[507920 270756 104400]
133114108,2021-03-09 20:14:58.183080+00:00,,True,42.380905,0.0,0.00013460501,2.71904e-05,0.00035767446,0.7194719,0.10786639,0.17214233,True,79309766911957273,720575940605300140,79309766911946689,720575940628800207,[504396 276376 104240],[504424 276272 104240]
132917184,2021-03-09 20:14:58.183080+00:00,,True,13.399776,0.0,0.0136208385,0.31455433,0.014422098,8.5316635e-05,0.5001684,0.15714902,True,79380066936678260,720575940631180599,79380066936674279,720575940653053601,[510364 270092 105200],[510432 270168 105160]
190057507,2021-03-09 20:14:58.183080+00:00,,True,466.29404,145.0,0.17362712,0.25866967,0.53826505,0.0005352314,0.008526568,0.020376386,True,78815605289007642,720575940611982997,78815674008493523,720575940620328828,[476856 182776 146920],[476924 182864 146920]
165039936,2021-03-09 20:14:58.183080+00:00,,True,23.031559,147.0,0.0038776433,0.39012346,0.00032830733,5.1178986e-06,0.008960453,0.596705,True,79449061493214571,720575940645282158,79449061493213319,720575940632409130,[512256 190088 183960],[512416 190120 184000]
7991080,2021-03-09 20:14:58.183080+00:00,,True,32.99897,134.0,0.14640237,0.016108483,0.83239853,0.00028066456,0.0016173519,0.0031925545,True,78815536569507896,720575940611982997,78815536569509193,720575940620328828,[476600 176928 145960],[476640 177104 146000]
228126419,2021-03-09 20:14:58.183080+00:00,,True,8.580102,95.0,0.12923488,0.029429689,0.8271005,0.00035924144,0.0031975892,0.010678038,True,78604017953382301,720575940611982997,78604017953373413,720575940653053601,[464648 151804 137240],[464648 151748 137160]
143584859,2021-03-09 20:14:58.183080+00:00,,True,11.4631,145.0,0.04389154,0.000774077,0.9552808,3.5492386e-07,2.155514e-05,3.1662286e-05,True,79660579975235753,720575940639172585,79660579975234513,720575940628800207,[524404 214992 155160],[524424 215096 155160]
7357327,2021-03-09 20:14:58.183080+00:00,,True,23.122421,137.0,0.2605858,0.18975656,0.3551421,0.002608846,0.013008437,0.17889822,True,78815467849993754,720575940611982997,78815467849987651,720575940620328828,[476360 174056 145000],[476484 174028 145000]
133598348,2021-03-09 20:14:58.183080+00:00,,True,30.799374,39.0,0.0038795923,0.9943963,2.4617211e-05,2.8831078e-06,0.0013861313,0.0003104205,True,79169098143092540,720575940622337335,79169098143091096,720575940628800207,[499280 279228 104960],[499144 279152 104960]
75452098,2021-03-09 20:14:58.183080+00:00,,True,78.36551,138.0,0.0033100655,0.9922931,0.00034337433,0.0015114106,2.6114123e-05,0.002515888,True,78744755441367534,720575940609930616,78744755441355793,720575940620328828,[471784 153752 125360],[471672 153848 125280]
228126430,2021-03-09 20:14:58.183080+00:00,,True,155.5796,96.0,0.14249833,0.054236494,0.78772014,4.2869073e-05,0.009806622,0.005695583,True,78604017953382301,720575940611982997,78604017953373413,720575940653053601,[464660 151772 137200],[464676 151696 137200]
205236589,2021-03-09 20:14:58.183080+00:00,,True,280.0157,145.0,1.3467795e-10,6.190447e-07,0.9999994,7.823322e-15,2.4132467e-08,8.512464e-13,True,80224697891607356,720575940610708430,80224697891671563,720575940615899622,[557716 282984  82520],[557800 283000  82520]
133892795,2021-03-09 20:14:58.183080+00:00,,True,135.91768,55.0,0.0038423457,0.9241072,1.961905e-05,8.0782274e-07,0.055196825,0.016833207,True,79309766911981424,720575940617648941,79309766911988716,720575940628800207,[505136 273032 105280],[505136 273112 105320]
133892778,2021-03-09 20:14:58.183080+00:00,,True,97.287155,18.0,0.0069529773,0.28369564,0.001080594,3.339248e-05,0.5317851,0.1764523,True,79309698192506571,720575940617648941,79309698192503736,720575940628800207,[504900 272600 105200],[504968 272496 105240]
235463646,2021-03-09 20:14:58.183080+00:00,,True,30.92937,21.0,0.69542557,0.032706816,0.24950062,0.00045129308,0.01250041,0.009415278,True,78252242884988370,720575940609834308,78252242884993485,720575940620328828,[443312 155644 120360],[443324 155668 120320]
99324262,2021-03-09 20:14:58.183080+00:00,,True,507.11276,142.0,0.018626383,0.16847414,0.16354974,0.006498547,0.62363297,0.019218206,True,79450092016455071,720575940610708430,79450092016465815,720575940620328828,[515528 251376  87320],[515632 251320  87320]
135572168,2021-03-09 20:14:58.183080+00:00,,True,12.403726,0.0,0.06405392,0.03864917,0.40029258,0.0003154345,0.21344617,0.28324267,True,80154466586179683,720575940627244200,80154466586182088,720575940615899622,[552776 292340  75920],[552784 292360  76000]
135565878,2021-03-09 20:14:58.183080+00:00,,True,104.68764,175.0,0.004976795,0.88329244,1.0586106e-05,0.00056339026,0.0006633126,0.11049347,True,80365641538191176,720575940612664273,80365641538201779,720575940615899622,[565540 294404  76240],[565608 294432  76320]
50139876,2021-03-09 20:14:58.183080+00:00,,True,41.654232,0.0,0.06217226,0.0779371,0.7462799,8.884065e-05,0.029211726,0.08431017,True,79169166795741283,720575940604130481,79169166795746277,720575940653053601,[499116 284344  93120],[499048 284280  93120]
206755582,2021-03-09 20:14:58.183080+00:00,,True,382.43445,31.0,0.07064372,0.49075082,0.10881173,0.11939862,0.053227182,0.15716787,True,78603949233982798,720575940629160759,78603949233980263,720575940653053601,[465840 148468 138920],[465964 148488 138920]
174304334,2021-03-09 20:14:58.183080+00:00,,True,6.6776843,20.0,0.00034891235,0.00012801385,7.696761e-05,0.07968291,0.90956974,0.010193482,True,78606011019237428,720575940636479668,78606011019248302,720575940653053601,[463648 270012 189080],[463736 269984 189120]
95262113,2021-03-09 20:14:58.183080+00:00,,True,43.656296,5.0,0.008571274,0.017704548,0.9721566,8.9273456e-08,2.0876867e-05,0.0015466838,True,78744824161078539,720575940617922880,78744824161076026,720575940620328828,[471808 156860 133040],[471712 156720 133040]
137284949,2021-03-09 20:14:58.183080+00:00,,True,192.53561,137.0,0.0010594707,0.9293029,0.006027648,1.969208e-07,0.005179672,0.058430023,True,80223942245698204,720575940613235865,80223942245704132,720575940625963432,[558760 240000 161040],[558668 240044 161040]
219746152,2021-03-09 20:14:58.183080+00:00,,True,76.31474,0.0,0.021421438,0.936161,0.0026677125,0.00015617262,0.0095461635,0.030047478,True,79450641839839052,720575940636821616,79450641839832918,720575940653053601,[512208 282016 121120],[512268 281916 121160]
235463654,2021-03-09 20:14:58.183080+00:00,,True,112.836754,31.0,0.67256296,0.11400114,0.17993267,0.00028031136,0.022251658,0.010971266,True,78252242884988370,720575940609834308,78252242884993485,720575940620328828,[443308 155632 120400],[443344 155692 120360]
137094495,2021-03-09 20:14:58.183080+00:00,,True,157.25807,145.0,0.017554156,0.66078013,0.027872771,0.001004548,0.022541659,0.27024668,True,80223942245696173,720575940625750098,80223942245692430,720575940613998860,[559604 236072 160760],[559524 236132 160720]
137192090,2021-03-09 20:14:58.183080+00:00,,True,596.23785,142.0,0.0039613605,0.97787774,7.0875234e-05,3.7619675e-06,0.014546032,0.003540257,True,80223942245684885,720575940617569931,80223942245690190,720575940613998860,[559184 236768 160480],[559308 236696 160440]
142732604,2021-03-09 20:14:58.183080+00:00,,True,264.85056,112.0,3.2372383e-05,0.999966,7.166276e-10,3.1957688e-07,5.9975376e-09,1.2716625e-06,True,80574686454813784,720575940624718060,80574686454815120,720575940625963432,[578276 172888 156000],[578196 172796 156000]
137094479,2021-03-09 20:14:58.183080+00:00,,True,28.891888,7.0,0.007819593,0.74956816,0.10024612,2.0750222e-05,0.010264183,0.1320812,True,80223873526201201,720575940625750098,80223942245692430,720575940613998860,[559716 235928 160640],[559672 236056 160560]
20992301,2021-03-09 20:14:58.183080+00:00,,True,137.9045,139.0,0.053665802,0.7984987,0.009268415,2.8257135e-05,0.02058377,0.117955066,True,80012286324359796,720575940623744236,80012286324334221,720575940615899622,[545128 206668 177600],[544992 206608 177600]
137192140,2021-03-09 20:14:58.183080+00:00,,True,25.860968,145.0,0.0061154203,0.8483784,0.00021753786,0.00011660008,0.05275729,0.09241474,True,80223942245696446,720575940617569931,80223942245690190,720575940613998860,[559228 236644 160520],[559392 236612 160560]
139120990,2021-03-09 20:14:58.183080+00:00,,True,109.70589,0.0,0.04542325,0.25504676,0.41967636,0.06899822,0.15966512,0.051190253,True,79449748620811481,720575940464128799,79449748620811664,720575940653053601,[514960 227888 161120],[514980 227936 161040]
137929659,2021-03-09 20:14:58.183080+00:00,,True,181.4332,0.0,0.026622443,0.1084076,0.039943177,0.06173445,0.26704404,0.4962483,True,79449817340260772,720575940592639223,79449817340245090,720575940653053601,[513980 232376 160360],[513944 232288 160360]
137929666,2021-03-09 20:14:58.183080+00:00,,True,62.30311,0.0,0.016613144,0.051397014,0.04299258,0.10927727,0.56245005,0.2172699,True,79449817340260772,720575940592639223,79449817340255763,720575940653053601,[513992 232336 160440],[513884 232284 160440]
139544264,2021-03-09 20:14:58.183080+00:00,,True,49.338696,2.0,0.46587145,0.039202392,0.0016027088,0.0049168984,0.4272247,0.061181925,True,79379860912973348,720575940628728791,79379860912967069,720575940632409130,[508192 258336 160240],[508284 258352 160240]
141659760,2021-03-09 20:14:58.183080+00:00,,True,293.85962,146.0,0.00050376204,0.9988154,7.0709007e-06,0.0001888054,7.239221e-05,0.0004126104,True,80644917759998959,720575940576037980,80644917760006619,720575940625963432,[585128 164676 155080],[585016 164760 155080]
139639462,2021-03-09 20:14:58.183080+00:00,,True,14.370517,0.0,0.06755588,0.17043263,0.44505137,0.0025641448,0.057037845,0.25735807,True,79449679901300044,720575940612422696,79449679901297371,720575940653053601,[514164 225648 160360],[514188 225492 160360]
20262939,2021-03-09 20:14:58.183080+00:00,,True,214.65726,0.0,0.057977114,0.18530948,0.71079147,2.944894e-05,0.02916231,0.0167302,True,79239054771750331,720575940630546489,79239054771740825,720575940653053601,[501676 254928 166600],[501776 254968 166600]
142504515,2021-03-09 20:14:58.183080+00:00,,True,64.18347,76.0,0.015456324,0.00582789,0.011547682,0.0065472475,0.10436199,0.85625887,True,81069672845751732,720575940633083893,81069672845755886,720575940625963432,[606496 315208 156160],[606456 315092 156160]
45897826,2021-03-09 20:14:58.183080+00:00,,True,38.769314,162.0,0.008056326,0.9452494,0.0033764124,0.0005927659,0.0015278155,0.04119731,True,80083685793318204,720575940624323110,80083685793320939,720575940615899622,[551436 265732 149960],[551500 265656 150000]
141826715,2021-03-09 20:14:58.183080+00:00,,True,9.576082,140.0,0.0090050185,0.9424362,0.0010570977,4.7831763e-05,0.019040262,0.02841361,True,80082929879271013,720575940617167262,80082929879264563,720575940625963432,[551576 221232 155720],[551664 221188 155600]
153776558,2021-03-09 20:14:58.183080+00:00,,True,333.41547,142.0,8.230117e-05,0.9990539,4.513748e-10,1.45326185e-05,1.1557212e-05,0.00083775044,True,80013523006465215,720575940621031006,80013523006466392,720575940615899622,[545248 277584  95120],[545340 277524  95120]
142507594,2021-03-09 20:14:58.183080+00:00,,True,25.95145,0.0,0.10312836,0.043380782,0.054210212,0.115135655,0.3299312,0.35421377,True,81069672845731048,720575940617245652,81069672845743559,720575940625963432,[607572 315144 155680],[607548 315032 155680]
142732382,2021-03-09 20:14:58.183080+00:00,,True,24.083584,132.0,8.3130995e-05,0.99324703,1.3552253e-07,0.006629393,1.508921e-08,4.0269315e-05,True,80574686454770883,720575940633739053,80574686454789780,720575940625963432,[577580 173996 155000],[577448 174060 155040]
209706084,2021-03-09 20:14:58.183080+00:00,,True,86.76589,1.0,0.02970942,0.5478938,0.23148225,0.0061922483,0.027549291,0.15717305,True,80013591792900563,720575940628669545,80013591792893827,720575940615899622,[545924 282404 110680],[545916 282512 110680]
209706089,2021-03-09 20:14:58.183080+00:00,,True,59.960014,1.0,0.02774212,0.49228677,0.17097928,0.011276807,0.03467046,0.26304454,True,80013591792907733,720575940628669545,80013591792893827,720575940615899622,[545896 282400 110720],[545880 282512 110720]
186453659,2021-03-09 20:14:58.183080+00:00,,True,13.395807,0.0,0.00020713625,2.0556085e-07,6.108928e-08,0.9983821,8.526707e-05,0.0013252384,True,80717416942377328,720575940616076917,80717416942370381,720575940615899622,[587160 292864 202640],[587220 293012 202640]
186453665,2021-03-09 20:14:58.183080+00:00,,True,113.78735,0.0,0.004282978,0.0031128146,5.0395523e-05,0.28794658,0.65042186,0.054185387,True,80717416942372534,720575940656144289,80717416942383116,720575940613998860,[586436 292232 202800],[586476 292100 202800]
99300925,2021-03-09 20:14:58.183080+00:00,,True,84.43145,32.0,0.005095939,0.9207218,0.00032401847,0.000787529,0.0098374365,0.0632332,True,80154329214030602,720575940617358552,80154329214033091,720575940615899622,[552880 282476  86920],[553020 282552  86920]
135355510,2021-03-09 20:14:58.183080+00:00,,True,257.90637,136.0,0.6423234,0.0686929,0.23407145,0.0002223716,0.010320511,0.04436943,True,80154466586213729,720575940646088068,80154466586218713,720575940615899622,[555636 290320  77000],[555672 290208  77000]
135355513,2021-03-09 20:14:58.183080+00:00,,True,681.98175,141.0,0.9546349,0.010670064,0.029249562,2.3270604e-06,6.1996296e-05,0.0053812377,True,80154466586199798,720575940646088068,80154466586217552,720575940615899622,[555120 290496  77040],[555064 290392  77040]
208771074,2021-03-09 20:14:58.183080+00:00,,True,30.840364,3.0,0.25630072,0.05978439,0.27858365,0.10975141,0.15121163,0.14436814,True,80013523140803671,720575940617866119,80013523140795092,720575940615899622,[544940 280316 138800],[545048 280372 138800]
99300929,2021-03-09 20:14:58.183080+00:00,,True,168.9512,26.0,0.017988093,0.699182,5.75992e-05,0.0018670358,0.058149286,0.22275598,True,80154329214026677,720575940617358552,80154329214033091,720575940615899622,[552928 282476  86960],[553084 282576  87000]
46316320,2021-03-09 20:14:58.183080+00:00,,True,9.540813,90.0,0.00017947018,0.99819356,7.71831e-09,1.2929364e-08,1.0466515e-06,0.0016259861,True,80154191976497674,720575940621031006,80154191976498900,720575940613998860,[552796 275888 151160],[552740 275976 151160]
86564398,2021-03-09 20:14:58.183080+00:00,,True,29.786385,0.0,0.030121012,0.90565085,0.0030015798,0.00013322974,0.048368763,0.012724497,True,80153779659878545,720575940615378700,80153779659887596,720575940613998860,[553792 251080 159080],[553728 251020 159120]
143009211,2021-03-09 20:14:58.183080+00:00,,True,75.87346,0.0,0.03248094,0.08596331,0.020997524,0.03361238,0.3798808,0.44706506,True,80154123257168935,720575940626727301,80154123257168928,720575940642027464,[553844 272052 155400],[553884 271984 155400]
85664456,2021-03-09 20:14:58.183080+00:00,,True,25.845837,151.0,0.12874341,0.034434747,0.006178708,0.07683266,0.68953556,0.06427487,True,80154191976739256,720575940597832093,80154191976739296,720575940615899622,[555032 276168 158680],[555024 276336 158680]
85664459,2021-03-09 20:14:58.183080+00:00,,True,13.370005,24.0,0.16456643,0.02089505,0.008920426,0.031991,0.5771077,0.19651936,True,80154191976739256,720575940597832093,80154191976739296,720575940615899622,[555048 276220 158720],[554988 276392 158720]
162779478,2021-03-09 20:14:58.183080+00:00,,True,133.23187,142.0,0.00013840175,7.5207696e-05,4.6435968e-08,0.89305913,0.10670383,2.3408906e-05,True,80013591726054161,720575940643325581,80013591726059141,720575940642027464,[545616 283108  98600],[545536 283004  98600]
143009316,2021-03-09 20:14:58.183080+00:00,,True,9.55108,19.0,0.00027655892,0.99751484,2.5597168e-07,5.75448e-06,0.00012672492,0.0020758938,True,80154123257186828,720575940624402173,80154123257186884,720575940625963432,[554072 269248 155960],[554116 269384 156040]
3242323,2021-03-09 20:14:58.183080+00:00,,True,79.75357,0.0,0.047536924,0.73354506,0.0017815907,0.0009682286,0.16205065,0.05411748,True,80577160490228475,720575940640325429,80577160490217886,720575940615899622,[579828 321144 198360],[579752 321008 198320]
142585407,2021-03-09 20:14:58.183080+00:00,,True,58.965767,5.0,0.018051272,0.7289173,0.034959998,0.00040873702,0.06960866,0.148054,True,80012492415590267,720575940628490028,80012492415583576,720575940625963432,[547392 218540 155360],[547484 218528 155320]
82910943,2021-03-09 20:14:58.183080+00:00,,True,20.023829,142.0,0.22558832,0.32072076,0.21937813,0.00067683985,0.025874747,0.20776115,True,80013523006345559,720575940643325581,80013523006340585,720575940615899622,[547568 279904  91280],[547688 279876  91320]
82910927,2021-03-09 20:14:58.183080+00:00,,True,258.69684,142.0,0.1027373,0.6800284,0.17397717,0.00024870512,0.014707939,0.02830052,True,80013523006345559,720575940643325581,80013523006338045,720575940615899622,[547536 280056  91160],[547636 280104  91160]
162415232,2021-03-09 20:14:58.183080+00:00,,True,21.17463,139.0,0.0036976535,0.9874586,5.6603072e-05,2.576819e-05,0.0027931456,0.005968179,True,79027948539313150,720575940632903737,79027948539321078,720575940653053601,[490236 254428 169760],[490276 254284 169760]
142588182,2021-03-09 20:14:58.183080+00:00,,True,22.063684,0.0,0.0065779057,0.018183855,0.07507823,0.059747748,0.69048375,0.14992851,True,80082861159771019,720575940624499783,80082861159776589,720575940625963432,[548792 219088 155360],[548856 218988 155360]
142995197,2021-03-09 20:14:58.183080+00:00,,True,22.260532,20.0,0.00811571,0.055274032,0.9286127,0.0002588973,0.0028315263,0.0049070604,True,79380067071223160,720575940494460042,79380067071215739,720575940620328828,[510012 270228 155760],[509904 270128 155720]
142995169,2021-03-09 20:14:58.183080+00:00,,True,15.314291,27.0,0.03386685,0.34908327,0.52345055,0.0015304324,0.023316288,0.068752564,True,79380067071213305,720575940616429825,79380067071212014,720575940620328828,[509880 270348 155480],[509844 270256 155480]
106897074,2021-03-09 20:14:58.183080+00:00,,True,292.9049,56.0,0.0018456944,0.9967031,7.354632e-07,8.7470745e-08,0.0012107857,0.00023964744,True,80013316982469700,720575940615378700,80013316982461615,720575940615899622,[547368 264828 143160],[547412 264936 143160]
144256860,2021-03-09 20:14:58.183080+00:00,,True,16.314384,15.0,0.28144115,0.12712216,0.13825612,0.06181296,0.094963424,0.29640418,True,80223736087075363,720575940618958109,80223736087086804,720575940623222712,[557700 226720 154960],[557708 226680 155000]
145302367,2021-03-09 20:14:58.183080+00:00,,True,926.8851,155.0,9.759124e-05,0.9686679,4.576612e-06,0.03022142,9.627812e-08,0.0010084341,True,78604086605803486,720575940596588466,78604086605808601,720575940620328828,[464896 155420 118080],[464784 155472 118120]
144443998,2021-03-09 20:14:58.183080+00:00,,True,195.99127,156.0,0.009215556,0.970525,0.00064493314,4.5005858e-05,0.0064661284,0.013103312,True,80153985818219658,720575940617569931,80153985818220881,720575940615899622,[554192 262368 156000],[554284 262300 156040]
144444018,2021-03-09 20:14:58.183080+00:00,,True,8.612442,152.0,0.007992948,0.973766,0.00025943402,6.456681e-06,0.009542799,0.008432346,True,80153985818219658,720575940617569931,80153985818220881,720575940615899622,[554200 262356 156040],[554296 262304 156080]
143956854,2021-03-09 20:14:58.183080+00:00,,True,191.69272,20.0,0.004281359,0.98823905,1.2700056e-05,0.00018394052,0.001440213,0.005842789,True,79379998351740331,720575940619521277,79379998351735367,720575940628800207,[510376 268468 155400],[510472 268464 155320]
145200195,2021-03-09 20:14:58.183080+00:00,,True,70.64427,144.0,0.061866123,0.85314,0.011330479,4.2220963e-05,0.06731014,0.0063110655,True,79943223048961651,720575940611782874,79943223048969735,720575940615899622,[541820 284652 118640],[541812 284764 118640]
144558385,2021-03-09 20:14:58.183080+00:00,,True,103.63067,1.0,0.012386292,0.08529733,0.012066201,0.0002701053,0.80996287,0.08001718,True,80154123257153882,720575940626727301,80154123257155310,720575940642027464,[553832 272560 154920],[553820 272432 154920]
110647078,2021-03-09 20:14:58.183080+00:00,,True,125.70528,0.0,0.040490076,0.35481483,0.06666533,0.004737057,0.36762553,0.16566715,True,81491404341654494,720575940612358642,81491404341660286,720575940615899622,[634012 286916 179240],[633852 286908 179240]
144397636,2021-03-09 20:14:58.183080+00:00,,True,75.92044,173.0,0.022197688,0.002409004,0.9751602,2.0453765e-05,2.6237494e-05,0.00018642582,True,79167930046542854,720575940611982997,79167930046537770,720575940653053601,[496680 210672 156240],[496604 210688 156160]
47480970,2021-03-09 20:14:58.183080+00:00,,True,12.4746475,73.0,0.34434035,0.07383748,0.57242095,1.0144535e-05,0.00042321757,0.008967848,True,80434567441510751,720575940611982997,80434567441520670,720575940623222712,[572292 209656 149600],[572288 209804 149640]
144743406,2021-03-09 20:14:58.183080+00:00,,True,13.394982,0.0,0.03217316,0.26273093,0.31275958,0.00085265964,0.33284238,0.058641274,True,80153367342925600,720575940624152051,80153367342926821,720575940615899622,[553776 225640 155800],[553760 225532 155760]
144256855,2021-03-09 20:14:58.183080+00:00,,True,58.28857,41.0,0.36592627,0.13530366,0.10555525,0.06503564,0.15513502,0.1730442,True,80223736087074024,720575940618958109,80223736087086804,720575940623222712,[557704 226648 154920],[557752 226676 154960]
116165333,2021-03-09 20:14:58.183080+00:00,,True,54.187614,0.0,0.09143211,0.06606917,0.0079142,0.08501008,0.39191243,0.35766202,True,80013385701933621,720575940611934706,80013385701933617,720575940623222712,[546980 269468 142280],[547044 269360 142320]
33584270,2021-03-09 20:14:58.183080+00:00,,True,48.358894,141.0,0.02372508,0.20271212,0.7610436,8.971873e-06,0.0010842868,0.011425904,True,80083617006965039,720575940628236554,80083617006949167,720575940623222712,[550624 264424 135800],[550600 264556 135800]
144743305,2021-03-09 20:14:58.183080+00:00,,True,109.55711,149.0,0.016431527,0.45657468,0.4771145,0.0004467962,0.009027317,0.040405132,True,80153367342912331,720575940628236554,80153367342904632,720575940613998860,[553584 225008 155200],[553496 225080 155200]
191068665,2021-03-09 20:14:58.183080+00:00,,True,159.70772,18.0,0.019575527,0.583496,0.035984267,0.00380814,0.069670476,0.28746563,True,80434567441435372,720575940633605068,80434567441438946,720575940623222712,[572540 208816 147120],[572432 208768 147120]
139547800,2021-03-09 20:14:58.183080+00:00,,True,29.872858,150.0,0.9069199,0.00463193,0.08805051,9.971823e-06,0.00017186924,0.00021590499,True,80153917098891274,720575940628236554,80153917098899941,720575940623222712,[553424 257060 160280],[553456 257208 160280]
33584245,2021-03-09 20:14:58.183080+00:00,,True,7.63141,146.0,0.0028228683,0.009258026,0.98577034,2.206613e-06,0.00056691654,0.0015796288,True,80083617006948878,720575940553356532,80083617006947991,720575940623222712,[550520 264480 135480],[550556 264592 135520]
171019349,2021-03-09 20:14:58.183080+00:00,,True,13.359697,0.0,0.0060250834,0.0026175687,0.0002764888,0.18702702,0.7875882,0.016465662,True,80646979478641597,720575940630139386,80646979478626904,720575940623222712,[582904 287892 200040],[582968 287976 200040]
146021010,2021-03-09 20:14:58.183080+00:00,,True,125.10321,0.0,0.01210107,0.7058115,0.01331265,0.035923116,0.025603628,0.20724805,True,78533717861631424,720575940620566733,78533717861632733,720575940620328828,[460068 157292 118680],[460072 157120 118640]
141826862,2021-03-09 20:14:58.183080+00:00,,True,471.72272,147.0,0.007673565,0.9213408,0.007252679,0.0048294514,0.00043887165,0.058464684,True,80153298623463732,720575940629055227,80153298623462309,720575940625963432,[554152 222952 156240],[554056 222944 156240]
5644234,2021-03-09 20:14:58.183080+00:00,,True,12.453503,127.0,0.034640566,0.014155938,0.93148506,0.00047528048,0.0024220264,0.016821096,True,79098248563971489,720575940636411534,79098248563967808,720575940628800207,[494152 251372 168160],[494316 251372 168080]
147712349,2021-03-09 20:14:58.183080+00:00,,True,38.551926,0.0,8.1177124e-05,4.6080427e-07,3.6410736e-08,0.99943227,2.5636825e-06,0.00048359972,True,80647116917728519,720575940616076917,80647116917737949,720575940625963432,[584556 295240 204680],[584548 295196 204760]
146979314,2021-03-09 20:14:58.183080+00:00,,True,24.115871,10.0,0.08900093,0.33301,0.4082774,0.0064514643,0.05571282,0.10754744,True,79872923024281209,720575940626051514,79872923024263487,720575940615899622,[540132 285508 119120],[540084 285456 119120]
50149422,2021-03-09 20:14:58.183080+00:00,,True,478.80853,139.0,0.013892679,0.76312476,0.00255725,0.0011493005,0.0053225053,0.21395352,True,79098798051597220,720575940630771449,79098798051619467,720575940653053601,[492864 285044  93960],[492952 284996  93960]
137192225,2021-03-09 20:14:58.183080+00:00,,True,489.3401,141.0,0.017065426,0.0035302646,0.97036195,0.0002662327,0.00762422,0.0011519991,True,80223942245706547,720575940628236554,80223942245706543,720575940625963432,[558180 238772 161120],[558060 238860 161080]
3658806,2021-03-09 20:14:58.183080+00:00,,True,16.255304,148.0,0.0080134785,0.93072855,0.00026831563,0.0033979418,0.00015146278,0.057440296,True,79096874174425966,720575940642968717,79096874174430825,720575940632409130,[493552 166880 168280],[493684 166860 168280]
143569727,2021-03-09 20:14:58.183080+00:00,,True,41.747066,144.0,0.12992477,0.09108769,0.6993943,0.036805723,0.035961147,0.0068263207,True,79238367510194091,720575940628236554,79238367510176929,720575940653053601,[502432 214360 156000],[502452 214244 155960]
42020701,2021-03-09 20:14:58.183080+00:00,,True,294.13275,151.0,0.018521016,0.042809863,0.90351963,0.0008661211,0.007001231,0.027282115,True,79379448595868889,720575940628236554,79379448595850185,720575940628800207,[509776 234400 153080],[509876 234432 153120]
102176661,2021-03-09 20:14:58.183080+00:00,,True,285.85596,8.0,0.1264124,0.09519346,0.6766386,0.026098063,0.066374235,0.009283303,True,78745511422938190,720575940628236554,78745511422932784,720575940620328828,[474288 197592 152840],[474400 197652 152840]
136594487,2021-03-09 20:14:58.183080+00:00,,True,310.2138,150.0,0.057880245,0.049646035,0.8042157,0.0064239893,0.018450867,0.063383125,True,79590348670192013,720575940628236554,79590348670206319,720575940632409130,[520328 220560 161160],[520304 220448 161160]
139547796,2021-03-09 20:14:58.183080+00:00,,True,58.107742,108.0,0.6577027,0.027642444,0.30542317,0.00033588242,0.005077979,0.0038178647,True,80153917098891274,720575940628236554,80153917098899941,720575940623222712,[553444 257128 160240],[553452 257264 160240]
71104119,2021-03-09 20:14:58.183080+00:00,,True,71.99834,145.0,0.19777237,0.1909122,0.5901822,0.0062001566,0.0028853281,0.012047777,True,78815742727998423,720575940628236554,78815742728002217,720575940620328828,[475460 187240 148000],[475424 187128 148040]
102746999,2021-03-09 20:14:58.183080+00:00,,True,7.6360235,162.0,0.012737559,0.9177871,0.012467187,0.020243928,0.0028551053,0.033909038,True,80153229903840967,720575940614619282,80153229903839544,720575940625963432,[554776 217112 151880],[554648 217076 151800]
228869849,2021-03-09 20:14:58.183080+00:00,,True,204.6073,148.0,0.0009942525,0.050114628,0.94869703,4.447038e-07,5.3655593e-05,0.00013997425,True,79168479869340625,720575940609695683,79168479869342039,720575940632409130,[498664 241640 172680],[498576 241736 172720]
88066073,2021-03-09 20:14:58.183080+00:00,,True,70.88669,4.0,0.051495947,0.036282822,0.87020874,0.0020292052,0.005224906,0.034758337,True,80223942245784560,720575940628236554,80223942245780223,720575940642027464,[559708 238000 163200],[559648 238092 163200]
148034315,2021-03-09 20:14:58.183080+00:00,,True,13.372402,0.0,0.18466732,0.36961535,0.051809464,0.059169848,0.19071996,0.14401805,True,80647116917703497,720575940619385840,80647116917713378,720575940613998860,[585168 293744 203680],[585136 293684 203720]
116399877,2021-03-09 20:14:58.183080+00:00,,True,281.43713,73.0,0.004330213,0.006949785,0.98448294,3.2009735e-05,0.0014062562,0.0027987007,True,78533374331453544,720575940628236554,78533374331444850,720575940653053601,[461112 135124 141760],[461036 135192 141760]
202350873,2021-03-09 20:14:58.183080+00:00,,True,16.26817,154.0,0.0131955035,0.92823106,0.0023453203,0.019462207,0.0034760612,0.03328982,True,78744824161059274,720575940620617153,78744824161056475,720575940620328828,[472412 156980 132200],[472472 156920 132240]
34829591,2021-03-09 20:14:58.183080+00:00,,True,403.7051,155.0,0.029825777,0.8814247,0.020702325,0.011239102,0.028258106,0.028550016,True,78744892880628130,720575940620617153,78744892880624212,720575940620328828,[474744 159204 135160],[474752 159128 135080]
90202303,2021-03-09 20:14:58.183080+00:00,,True,182.43192,161.0,5.0180828e-05,0.90308875,0.096161716,1.4592675e-09,3.273983e-06,0.00069610274,True,79309423449427880,720575940609695683,79309423449419814,720575940653053601,[504692 254744 164120],[504608 254784 164120]
67218661,2021-03-09 20:14:58.183080+00:00,,True,11.49242,135.0,7.383841e-09,1.5659447e-10,1.6974759e-12,0.4094888,0.59051085,3.195912e-07,True,78605942299718935,720575940636479668,78605942299710559,720575940653053601,[464540 268476 187760],[464424 268448 187760]
152625025,2021-03-09 20:14:58.183080+00:00,,True,7.6662545,0.0,0.001599042,0.0013386814,0.0013540203,0.017120406,0.8942298,0.084357955,True,79450092016577120,720575940621930797,79450092016577102,720575940620328828,[513896 250748  90720],[513972 250640  90720]
151763617,2021-03-09 20:14:58.183080+00:00,,True,255.36732,138.0,0.0013563418,0.9729565,1.5097305e-06,0.000221089,3.4148948e-06,0.025461197,True,79099004209879995,720575940593334142,79099004209848929,720575940628800207,[495032 297392  89160],[495080 297356  89120]
152624927,2021-03-09 20:14:58.183080+00:00,,True,152.12106,138.0,0.051603973,0.6792757,0.06346447,0.00019621443,0.1348684,0.070591204,True,79520460760709115,720575940631915801,79450092016543515,720575940620328828,[515952 250588  89680],[514916 250440  89720]
228804770,2021-03-09 20:14:58.183080+00:00,,True,229.14587,77.0,0.009117103,0.78200966,0.0076837833,1.1053514e-05,0.02606772,0.17511074,True,79309148638213576,720575940612316514,79309148638210803,720575940632409130,[503884 238884 172280],[503928 238712 172280]
174304335,2021-03-09 20:14:58.183080+00:00,,True,30.067429,0.0,0.0010873392,0.00076172844,0.000436846,0.008147497,0.8530206,0.136546,True,78606011019249768,720575940636479668,78606011019249778,720575940653053601,[463400 270144 189120],[463536 270228 189160]
228062492,2021-03-09 20:14:58.183080+00:00,,True,372.1636,3.0,5.9248705e-05,0.99985874,3.4161132e-09,5.019271e-08,5.099933e-06,7.673723e-05,True,80083548287542664,720575940639789475,80083548287538940,720575940615899622,[549212 259824 137760],[549204 259760 137640]
154404187,2021-03-09 20:14:58.183080+00:00,,True,41.277527,148.0,0.04162546,0.3470224,0.12468156,0.00013592906,0.40108892,0.085445784,True,80013454287014035,720575940648652676,80013454286996552,720575940615899622,[545396 273256  95280],[545296 273308  95280]
228062500,2021-03-09 20:14:58.183080+00:00,,True,103.44034,35.0,0.0005869064,0.9988601,1.6222222e-06,3.8195935e-06,6.719011e-05,0.0004803466,True,80083548287547247,720575940639789475,80083548287538940,720575940615899622,[549148 259752 137800],[549192 259684 137720]
154212290,2021-03-09 20:14:58.183080+00:00,,True,333.8019,144.0,0.054448713,0.7172905,0.009771943,0.00046625597,0.02651414,0.19150844,True,79450092016722806,720575940630439471,79450092016716091,720575940620328828,[513148 250048  95280],[512988 250060  95280]
154319564,2021-03-09 20:14:58.183080+00:00,,True,196.35019,154.0,0.0029803775,0.9825989,2.896511e-06,5.968118e-05,0.0021882213,0.0121699935,True,79872922957096272,720575940620930318,79872922957086228,720575940642027464,[539736 287872  95720],[539712 287752  95720]
205206561,2021-03-09 20:14:58.183080+00:00,,True,88.83478,139.0,0.37175214,0.24700984,0.37314138,0.00030545474,0.0015880179,0.0062031634,True,80154466652899072,720575940620098974,80154466652895009,720575940615899622,[555476 290136  83920],[555544 289996  83920]
24562568,2021-03-09 20:14:58.183080+00:00,,True,98.06229,136.0,0.04608957,0.034668863,0.91347915,0.0008378483,0.0009174615,0.00400708,True,80153504782076014,720575940626211472,80153504782070783,720575940625963432,[555148 234900 161320],[555272 234928 161320]
6635334,2021-03-09 20:14:58.183080+00:00,,True,124.26271,0.0,0.009422835,0.016086815,0.007963919,0.017829033,0.64737284,0.30132458,True,79943223182742450,720575940644745120,79943223182728493,720575940623222712,[542948 283544 145600],[543000 283448 145600]
157267525,2021-03-09 20:14:58.183080+00:00,,True,23.018627,64.0,0.040661816,0.74462247,0.051290557,0.006728008,0.03870442,0.117992744,True,80294379775953351,720575940616280107,80294379775956072,720575940642027464,[562124 243068 165360],[562136 242960 165360]
138649474,2021-03-09 20:14:58.183080+00:00,,True,187.30913,155.0,0.007463186,0.40846667,0.00064467144,0.008786783,0.0042350288,0.5704037,True,79730948719568331,720575940618770671,79730948719556707,720575940625963432,[529936 213564 159720],[529960 213424 159720]
52581519,2021-03-09 20:14:58.183080+00:00,,True,200.7127,138.0,0.0015951853,0.7745045,7.460542e-07,2.9295066e-08,0.016115349,0.2077842,True,79450710558695902,720575940628386295,79450710558716697,720575940628800207,[512744 289228 103600],[512788 289172 103640]
159016707,2021-03-09 20:14:58.183080+00:00,,True,244.66734,124.0,0.0106034195,0.9453775,0.018976482,0.0032083327,0.0004920609,0.021342266,True,80294517214895331,720575940623682195,80294517214890955,720575940613998860,[563476 249216 165080],[563400 249144 165080]
138649454,2021-03-09 20:14:58.183080+00:00,,True,70.7573,160.0,0.0092087565,0.72603023,0.0008149536,0.0033084657,0.0062651173,0.2543724,True,79730948719568331,720575940618770671,79730948719556707,720575940625963432,[529948 213548 159680],[530044 213448 159640]
138649464,2021-03-09 20:14:58.183080+00:00,,True,37.5697,160.0,0.012231452,0.57757896,0.0046702363,0.00620277,0.010286618,0.38902998,True,79730948719568331,720575940618770671,79730948719556707,720575940625963432,[529952 213560 159720],[529992 213440 159680]
159016767,2021-03-09 20:14:58.183080+00:00,,True,36.675694,3.0,0.01936941,0.9061575,0.02838713,0.00012911424,0.03468878,0.011268056,True,80294517214900905,720575940580236208,80294517214899270,720575940615899622,[561960 248480 165320],[561832 248520 165320]
158107435,2021-03-09 20:14:58.183080+00:00,,True,10.513129,0.0,0.0012258188,0.0027695897,7.802608e-05,0.020754958,0.9729934,0.0021782254,True,81351147889213388,720575940380816233,81351147889199081,720575940625963432,[625844 315560 165360],[625912 315476 165360]
46021976,2021-03-09 20:14:58.183080+00:00,,True,41.751232,150.0,0.0007469979,0.9640169,2.6068524e-06,0.00021286616,3.6188983e-05,0.03498442,True,79380067071057878,720575940623992317,79380067071056517,720575940620328828,[507960 270088 151120],[508124 270144 151160]
159016732,2021-03-09 20:14:58.183080+00:00,,True,79.13933,0.0,0.10451351,0.02584894,0.8472978,0.002310014,0.0030243648,0.017005425,True,80294448495420806,720575940616374667,80294448495425256,720575940615899622,[561392 247916 165200],[561540 247856 165160]
71407370,2021-03-09 20:14:58.183080+00:00,,True,341.53522,11.0,0.008107911,0.8187482,0.00095961324,0.0004323761,0.027029902,0.14472197,True,80504455149313156,720575940632193420,80504455149314418,720575940625963432,[576504 181104 147920],[576600 181080 147920]
159029370,2021-03-09 20:14:58.183080+00:00,,True,109.59707,144.0,0.019265994,0.9392035,0.0034854598,0.0015568085,0.021214109,0.015274108,True,80224079751178297,720575940617569931,80224079751175944,720575940613998860,[560328 247284 164720],[560320 247184 164680]
160094457,2021-03-09 20:14:58.183080+00:00,,True,61.352062,42.0,0.025311451,0.42397112,0.1539771,0.002287865,0.03447796,0.35997447,True,80224285909650288,720575940628911671,80224285909655023,720575940615899622,[560012 258472 164760],[560016 258604 164760]
160189078,2021-03-09 20:14:58.183080+00:00,,True,62.33582,144.0,0.00020633775,0.7602464,1.0125451e-06,8.35812e-08,0.20233418,0.037212055,True,80435185983954049,720575940618917953,80435185983944718,720575940625963432,[572932 245544 170760],[573060 245528 170760]
159253071,2021-03-09 20:14:58.183080+00:00,,True,34.65908,0.0,0.021169035,0.0941691,0.08774875,0.034243148,0.5722815,0.19038844,True,79026505430178080,720575940619485424,79026505430178098,720575940632409130,[487140 167880 165880],[487216 168012 165920]
160094468,2021-03-09 20:14:58.183080+00:00,,True,171.59613,143.0,0.016860912,0.7794028,0.0128436545,0.0027232189,0.04055313,0.1476163,True,80224285909650288,720575940628911671,80224285909655023,720575940615899622,[560016 258436 164880],[560008 258556 164840]
162415283,2021-03-09 20:14:58.183080+00:00,,True,58.075794,28.0,0.012961612,0.44425827,0.44938666,0.0003288824,0.012105667,0.08095893,True,79098317283526433,720575940604167712,79098317283526506,720575940628800207,[492624 255480 170560],[492660 255592 170600]
87955878,2021-03-09 20:14:58.183080+00:00,,True,176.67352,150.0,0.00027484266,0.997954,2.7854833e-07,0.0011236933,0.00015086932,0.0004962856,True,80364611014696854,720575940631878820,80364679734155091,720575940625963432,[566852 236016 163960],[566824 236100 163960]
8783216,2021-03-09 20:14:58.183080+00:00,,True,99.625885,0.0,0.0020608413,0.00070987036,0.0005460149,0.5092214,0.45907214,0.028389778,True,80083960671072898,720575940625264457,80083960671069621,720575940623222712,[549240 281364 144920],[549344 281304 144960]
163755104,2021-03-09 20:14:58.183080+00:00,,True,252.6568,154.0,0.0037706045,0.66955376,0.0055104196,7.5385685e-07,0.2069389,0.11422556,True,80083891750738520,720575940638302909,80083891750737240,720575940615899622,[550648 279376  98160],[550724 279508  98120]
163755017,2021-03-09 20:14:58.183080+00:00,,True,43.39874,0.0,0.011466158,0.65422606,0.3223529,3.57883e-07,0.0006161298,0.011338399,True,80083891750715480,720575940629741051,80083891750722343,720575940615899622,[551224 279464  97600],[551116 279448  97560]
163167052,2021-03-09 20:14:58.183080+00:00,,True,15.292707,0.0,0.43165597,0.009035364,0.0008953566,0.016062623,0.5373659,0.004984715,True,79450298175269317,720575940618138669,79450298175279620,720575940620328828,[513096 262744  97680],[513232 262752  97680]
164010431,2021-03-09 20:14:58.183080+00:00,,True,32.723564,67.0,0.08630618,0.48224038,0.01717357,2.9886836e-05,0.38626242,0.027987573,True,79379791992106921,720575940545793255,79379791992111031,720575940620328828,[510816 254356  98080],[510668 254336  98040]
163755195,2021-03-09 20:14:58.183080+00:00,,True,57.36065,135.0,0.00304633,0.97183764,0.0031383433,1.8530384e-08,0.016426018,0.0055517037,True,80083891750751775,720575940581350143,80083891750759635,720575940615899622,[550560 279552  98520],[550632 279656  98520]
163766188,2021-03-09 20:14:58.183080+00:00,,True,387.5942,152.0,0.040076483,0.86705995,0.008799379,7.997573e-06,0.01225446,0.071801834,True,79309904284313393,720575940618725547,79309904284317204,720575940653053601,[507268 281848  99080],[507144 281816  99080]
163953105,2021-03-09 20:14:58.183080+00:00,,True,96.2105,0.0,0.0010109764,0.0042334627,0.00011977126,0.00017778784,0.99097013,0.0034878154,True,79450298175308611,720575940624994568,79450298175300821,720575940620328828,[512928 261756  98880],[512796 261696  98840]
164010443,2021-03-09 20:14:58.183080+00:00,,True,22.093477,0.0,0.009529473,0.013646499,0.0011666839,0.010541367,0.8917934,0.07332254,True,79379791992125292,720575940620757748,79379791992122605,720575940620328828,[510280 255684  98320],[510304 255524  98360]
85895455,2021-03-09 20:14:58.183080+00:00,,True,366.75858,156.0,0.7416541,0.0021902418,0.2560419,3.743425e-08,2.4068155e-05,8.964263e-05,True,80153779659888787,720575940610549060,80153779659872192,720575940613998860,[554532 249568 158640],[554480 249416 158640]
43326862,2021-03-09 20:14:58.183080+00:00,,True,211.77908,143.0,0.0001961119,0.00031759843,0.99947375,7.710042e-07,6.290638e-06,5.588226e-06,True,79942123671361623,720575940628939052,79942123671355449,720575940625963432,[543188 216436 153720],[543052 216340 153680]
221936465,2021-03-09 20:14:58.183080+00:00,,True,47.237488,0.0,0.1171888,0.03686672,0.013980379,0.26053384,0.22494823,0.34648204,True,79943223048644754,720575940621662332,79943223048657044,720575940642027464,[543608 281820 108480],[543680 281872 108560]
208865434,2021-03-09 20:14:58.183080+00:00,,True,11.467438,144.0,0.08923658,0.022459563,0.8635727,0.000120242934,0.0112315165,0.013379364,True,78674524136547923,720575940633984851,78674524136551942,720575940653053601,[468136 159204 137840],[468032 159224 137880]
164035567,2021-03-09 20:14:58.183080+00:00,,True,75.193665,0.0,0.011862826,0.30210268,0.0009454654,2.0336827e-05,0.67910564,0.0059630354,True,79379791992115391,720575940624402173,79379791992115370,720575940620328828,[510856 255936  98200],[510764 256016  98200]
117350040,2021-03-09 20:14:58.183080+00:00,,True,31.88123,23.0,0.11961527,0.113448165,0.74118,0.00027313567,0.001051678,0.024431724,True,78533443050930077,720575940633984851,78533443050927474,720575940653053601,[462380 138880 142120],[462416 138976 142120]
144739648,2021-03-09 20:14:58.183080+00:00,,True,82.37001,55.0,0.0037885648,0.9724947,0.0017112918,0.0046697017,0.0006821075,0.016653629,True,80223736087122852,720575940623682195,80223736087121650,720575940642027464,[560540 224848 156280],[560508 224896 156200]
167869905,2021-03-09 20:14:58.183080+00:00,,True,90.8546,8.0,0.13436608,0.22230957,0.031141885,0.035017684,0.41478798,0.1623768,True,80365779446860477,720575940606516437,80365779446861512,720575940613998860,[568572 302416 218440],[568388 302600 218440]
169428665,2021-03-09 20:14:58.183080+00:00,,True,73.5703,0.0,0.18608142,0.015428532,0.0701328,0.08743773,0.3528349,0.28808463,True,80717279503388302,720575940627475322,80717279503385808,720575940625963432,[588864 283880 200120],[588904 283800 200160]
68939682,2021-03-09 20:14:58.183080+00:00,,True,49.216553,1.0,0.2600911,0.10105122,0.58139944,0.006462883,0.028746633,0.022248726,True,79730811280215802,720575940633984851,79730811280221336,720575940636254810,[530324 206340 148240],[530252 206272 148240]
68939683,2021-03-09 20:14:58.183080+00:00,,True,42.22716,1.0,0.23810175,0.4427222,0.13949272,0.0052549117,0.12632081,0.04810764,True,79730811280218606,720575940633984851,79730811280221336,720575940636254810,[530256 206432 148240],[530168 206364 148240]
99520753,2021-03-09 20:14:58.183080+00:00,,True,182.56973,146.0,0.042612486,0.83743566,0.011548662,0.018630527,0.03637625,0.053396422,True,79942741945162139,720575940619846932,79942741945164828,720575940615899622,[540448 254220  86680],[540608 254232  86680]
159605346,2021-03-09 20:14:58.183080+00:00,,True,416.9085,148.0,0.0013686405,0.99171126,0.00012216091,0.0008442579,8.064093e-05,0.0058729886,True,80294517214875850,720575940623682195,80294517214885704,720575940613998860,[563608 249428 164880],[563528 249336 164880]
142855896,2021-03-09 20:14:58.183080+00:00,,True,267.8294,164.0,0.006674182,0.9222501,0.002119157,0.0023492638,0.0025857755,0.0640215,True,80224354562382709,720575940609695683,80224354562384313,720575940625963432,[557060 264300 156080],[557000 264416 156120]
99320181,2021-03-09 20:14:58.183080+00:00,,True,188.31834,50.0,1.9823096e-07,2.0575522e-05,0.99997914,1.1801443e-10,4.3997225e-10,1.2585188e-10,True,79450092016430914,720575940610708430,79450092016422430,720575940653053601,[514728 251056  86240],[514672 251132  86200]
142855888,2021-03-09 20:14:58.183080+00:00,,True,110.58888,165.0,0.007830773,0.9422966,0.0060487348,0.0012059491,0.002309698,0.04030825,True,80224354562378528,720575940609695683,80224354562384313,720575940625963432,[557048 264320 156080],[556988 264464 156080]
5118440,2021-03-09 20:14:58.183080+00:00,,True,1047.2397,143.0,0.00037565248,0.89090574,0.086919494,2.1436215e-08,0.018359097,0.0034399973,True,79168548588712066,720575940609695683,79168548588717513,720575940632409130,[497836 248164 169280],[497944 248144 169240]
152707439,2021-03-09 20:14:58.183080+00:00,,True,269.51974,142.0,0.00063880323,0.8674412,2.1937114e-05,2.4229924e-10,0.1299401,0.0019580384,True,80013660445246800,720575940639956643,80013660445250817,720575940615899622,[546428 286328  89680],[545260 286496  89720]
99413090,2021-03-09 20:14:58.183080+00:00,,True,257.3928,145.0,7.0571105e-07,0.0004943618,1.882517e-10,3.0182137e-10,0.9995011,3.7935097e-06,True,80084029189341990,720575940623777321,80084029189343186,720575940615899622,[548732 289240  87040],[548848 289216  87040]
169793788,2021-03-09 20:14:58.183080+00:00,,True,135.17651,0.0,0.12619716,0.050887637,0.015420775,0.017572448,0.27728504,0.51263696,True,80577160490285651,720575940627801877,80577160490289905,720575940613998860,[581224 318656 200360],[581092 318580 200320]
169793789,2021-03-09 20:14:58.183080+00:00,,True,52.049587,0.0,0.16257508,0.06524889,0.008790092,0.008780654,0.4561127,0.29849255,True,80577160490285622,720575940627801877,80577160490289905,720575940613998860,[581156 318760 200360],[581000 318668 200320]
169793784,2021-03-09 20:14:58.183080+00:00,,True,59.24331,0.0,0.056381784,0.053357936,0.01117847,0.0265196,0.56712574,0.28543648,True,80577160490285602,720575940627801877,80577160490277671,720575940625963432,[581276 318596 200320],[581232 318472 200280]
43149146,2021-03-09 20:14:58.183080+00:00,,True,73.367294,0.0,0.018765489,0.0027116346,0.00067956536,0.04736747,0.53115743,0.39931843,True,78886317630776396,720575940621384212,78886317630767137,720575940620328828,[478940 202864 153240],[478968 202944 153160]
170808430,2021-03-09 20:14:58.183080+00:00,,True,17.257921,0.0,0.009665694,0.0043036,0.00017021854,0.013867353,0.93832725,0.033665966,True,80717210783889966,720575940627414887,80717210783895259,720575940623222712,[588880 279536 200120],[588792 279620 200200]
43149150,2021-03-09 20:14:58.183080+00:00,,True,13.332167,0.0,0.012489935,0.001548269,0.0006723722,0.00982188,0.7314261,0.2440414,True,78886317630776472,720575940621384212,78886317630773057,720575940620328828,[479012 202960 153240],[479172 203024 153240]
209227159,2021-03-09 20:14:58.183080+00:00,,True,248.2821,143.0,0.0013267739,0.99415004,9.087968e-07,4.849177e-05,0.00028019966,0.0041937046,True,80083548287550976,720575940639789475,80083548287556989,720575940615899622,[549032 259800 138040],[548968 259696 138000]
170979861,2021-03-09 20:14:58.183080+00:00,,True,9.550264,1.0,0.006226037,0.040317815,0.0071908655,0.0017576942,0.9159894,0.028518172,True,80717348222853482,720575940612507798,80717348222864853,720575940625963432,[587324 287220 200480],[587384 287104 200480]
170260705,2021-03-09 20:14:58.183080+00:00,,True,34.569378,0.0,0.020254457,0.037863377,0.0048760087,0.113393195,0.7708752,0.052737743,True,78746817227477268,720575940605223601,78746817227473207,720575940628800207,[471300 275536 201440],[471292 275748 201440]
95262121,2021-03-09 20:14:58.183080+00:00,,True,44.662216,18.0,0.4562652,0.011203027,0.5295131,0.0006482511,0.00023432988,0.0021360433,True,78744824161072420,720575940610326994,78744824161084691,720575940620328828,[471300 156580 133080],[471304 156692 133080]
209227165,2021-03-09 20:14:58.183080+00:00,,True,332.20966,139.0,0.00048951304,0.9991386,7.955516e-07,9.006853e-06,4.5787906e-06,0.00035753,True,80083548287563235,720575940639789475,80083548287556989,720575940615899622,[549068 259768 138240],[549000 259664 138240]
170979866,2021-03-09 20:14:58.183080+00:00,,True,90.653984,0.0,0.0075282245,4.4492346e-05,4.3468484e-05,0.9877765,0.003964403,0.00064288155,True,80787716967044400,720575940616076917,80787716967036538,720575940623222712,[589568 288808 200600],[589520 288676 200600]
170979867,2021-03-09 20:14:58.183080+00:00,,True,34.43324,0.0,0.03065529,0.00020706464,0.00015019474,0.9643628,0.0036830455,0.0009416855,True,80787716967044400,720575940616076917,80787716967036538,720575940623222712,[589584 288816 200600],[589536 288668 200640]
7357318,2021-03-09 20:14:58.183080+00:00,,True,49.21056,142.0,0.2906271,0.15443589,0.34360778,0.0033041157,0.029860577,0.1781646,True,78815467849993754,720575940611982997,78815467849993862,720575940620328828,[476384 174156 144960],[476508 174192 144960]
95262140,2021-03-09 20:14:58.183080+00:00,,True,62.24955,123.0,0.40512463,0.11177166,0.18027307,0.004963447,0.03890962,0.25895756,True,78744824161082125,720575940610326994,78744824161087230,720575940620328828,[470848 156444 133160],[470776 156532 133200]
116991015,2021-03-09 20:14:58.183080+00:00,,True,103.30654,151.0,0.025905613,0.119398735,0.76616645,0.004433172,0.039554995,0.044541087,True,78603811795120436,720575940611982997,78603811795106127,720575940653053601,[463968 141444 142520],[463952 141324 142480]
47480953,2021-03-09 20:14:58.183080+00:00,,True,40.57171,141.0,0.2083132,0.04538142,0.71939,3.2195756e-05,0.00093965017,0.025943616,True,80434567441510751,720575940611982997,80434567441520670,720575940623222712,[572228 209664 149560],[572208 209776 149560]
89825526,2021-03-09 20:14:58.183080+00:00,,True,124.59565,146.0,0.00515983,0.9894538,0.0013967294,1.0589362e-06,0.0011151416,0.0028733725,True,80012629854832736,720575940635591776,80012629854854161,720575940615899622,[544980 226800 163920],[545096 226828 163920]
143286019,2021-03-09 20:14:58.183080+00:00,,True,110.74507,65.0,0.0006196354,0.99933916,5.85772e-07,5.50825e-06,1.542679e-05,1.9809317e-05,True,79309835765975511,720575940615378700,79309835765965100,720575940620328828,[506732 277320 155400],[506748 277336 155320]
45897805,2021-03-09 20:14:58.183080+00:00,,True,17.245579,142.0,0.007448204,0.9641671,0.004186096,0.0004845153,0.0018035263,0.021910563,True,80083685793318194,720575940624323110,80083685793320939,720575940615899622,[551468 265712 149960],[551544 265616 149920]
45897819,2021-03-09 20:14:58.183080+00:00,,True,11.503415,70.0,0.013604006,0.87373024,0.024153596,0.0015993888,0.015510916,0.07140187,True,80083685793318194,720575940624323110,80083685793320939,720575940615899622,[551592 265384 149920],[551716 265440 149960]
143956871,2021-03-09 20:14:58.183080+00:00,,True,60.84587,1.0,0.0071263076,0.9865746,4.3686265e-05,0.00019448335,0.0009930301,0.0050680023,True,79379998351737827,720575940615378700,79379998351735367,720575940628800207,[510368 268416 155400],[510456 268448 155400]
101815327,2021-03-09 20:14:58.183080+00:00,,True,718.5332,143.0,0.0024444105,0.00027981625,0.99705553,3.5909983e-05,3.9356905e-06,0.00018038956,True,80012492415512342,720575940611982997,80012492415524139,720575940625963432,[545412 217308 152720],[545328 217208 152680]
9282686,2021-03-09 20:14:58.183080+00:00,,True,306.09717,140.0,0.009956348,0.91778135,0.0019288078,0.0003886503,0.0040984857,0.0658463,True,80083754512674087,720575940624280328,80083754512665277,720575940615899622,[551340 272688 145800],[551452 272656 145800]
7941389,2021-03-09 20:14:58.183080+00:00,,True,597.0083,144.0,0.001392675,0.99134785,8.298303e-07,2.1717538e-05,2.3356815e-06,0.0072346004,True,80083823232160980,720575940624323110,80083823232147859,720575940623222712,[548860 275584 145840],[548864 275456 145800]
117204389,2021-03-09 20:14:58.183080+00:00,,True,153.26584,145.0,0.00137021,0.99208766,0.00019025503,0.006109665,1.6651336e-05,0.0002254969,True,80574892546310798,720575940619896711,80574892546315050,720575940625963432,[581044 185124 141560],[581008 185108 141520]
106897089,2021-03-09 20:14:58.183080+00:00,,True,170.9914,16.0,0.0065502217,0.9892818,3.331856e-06,4.3426164e-07,0.0030720478,0.0010922606,True,80013316982481745,720575940615378700,80013316982473901,720575940615899622,[547344 265048 143280],[547376 265152 143280]
103156060,2021-03-09 20:14:58.183080+00:00,,True,204.29094,173.0,0.02048405,0.120216034,0.37799183,0.01060267,0.024257733,0.4464476,True,80154054537572009,720575940624323110,80154054537568235,720575940615899622,[552964 266640 151840],[552956 266608 151760]
44221472,2021-03-09 20:14:58.183080+00:00,,True,135.5894,155.0,0.035836477,0.6776537,0.23733158,0.010255985,0.007905841,0.031016437,True,79097561302298026,720575940626784868,79097561302288207,720575940620328828,[492880 208552 154120],[492872 208404 154120]
120818342,2021-03-09 20:14:58.183080+00:00,,True,184.18892,93.0,0.06072671,0.040318947,0.122798875,0.0031562222,0.2112637,0.5617355,True,79802554213119854,720575940643325581,79802554213109238,720575940642027464,[535716 287564 102520],[535760 287368 102480]
44186250,2021-03-09 20:14:58.183080+00:00,,True,69.54067,138.0,0.007835076,0.82888156,0.00031161515,0.006120964,0.0060598617,0.15079102,True,79097561302292508,720575940624152051,79097561302296716,720575940620328828,[492004 208632 154200],[492036 208544 154240]
102979873,2021-03-09 20:14:58.183080+00:00,,True,62.89347,110.0,0.02385632,0.01978378,0.9099216,0.0044533527,0.013186269,0.02879872,True,79660579975135667,720575940619828095,79660579975131235,720575940632409130,[526088 211716 152120],[525976 211660 152120]
102979866,2021-03-09 20:14:58.183080+00:00,,True,236.16176,141.0,0.021117516,0.04295918,0.87436146,0.0049006226,0.014256729,0.042404488,True,79660579975135667,720575940619828095,79660579975131235,720575940632409130,[526120 211744 152120],[525980 211740 152080]
84143995,2021-03-09 20:14:58.183080+00:00,,True,11.496308,140.0,0.09085671,0.040093508,0.8288731,4.193252e-05,0.0013424222,0.0387923,True,80012561135204954,720575940611982997,80012561135182440,720575940615899622,[547120 221264 158760],[547152 221400 158720]
139360512,2021-03-09 20:14:58.183080+00:00,,True,473.88257,146.0,0.0065699616,0.92933655,0.0014129948,0.000157125,0.0047610006,0.0577624,True,80224354562509773,720575940609695683,80224354562511097,720575940625963432,[557496 262844 159640],[557392 262820 159640]
7991033,2021-03-09 20:14:58.183080+00:00,,True,106.78117,30.0,0.18065314,0.064323075,0.7300955,0.00081937725,0.0070621157,0.017046852,True,78815536569507896,720575940611982997,78815536569504014,720575940620328828,[476476 176848 145920],[476540 176864 145880]
65078972,2021-03-09 20:14:58.183080+00:00,,True,34.58151,0.0,0.027643628,0.015730951,0.01168578,0.096324034,0.34352145,0.5050942,True,78113567316125811,720575940636272957,78113567316109513,720575940632409130,[434472 278812 211360],[434528 278556 211360]
99320245,2021-03-09 20:14:58.183080+00:00,,True,316.5415,141.0,2.5831157e-10,2.7577247e-08,1.0,6.1935486e-17,1.4877064e-08,1.2783678e-12,True,79450092016432497,720575940610708430,79450092016438555,720575940653053601,[514392 251900  86600],[514280 251948  86600]
19852258,2021-03-09 20:14:58.183080+00:00,,True,29.96157,8.0,0.10439733,0.051687505,0.82993114,0.00016902812,0.004848802,0.008966248,True,80294517214984773,720575940644916532,80294517214987085,720575940623222712,[564784 250800 167840],[564880 250816 167920]
99320169,2021-03-09 20:14:58.183080+00:00,,True,195.63792,45.0,8.863029e-05,0.001135038,0.99877304,1.2860696e-07,2.675997e-06,5.6244716e-07,True,79450092016433956,720575940610708430,79450092016422430,720575940653053601,[514800 251096  86200],[514768 251164  86160]
70840839,2021-03-09 20:14:58.183080+00:00,,True,149.86195,99.0,0.018174168,0.007663574,0.97226894,5.226083e-05,0.0001315669,0.001709522,True,80293829953142088,720575940611982997,80293829953150567,720575940613998860,[562288 210940 148800],[562368 211072 148840]
70840841,2021-03-09 20:14:58.183080+00:00,,True,15.380096,4.0,0.02085141,0.0058314097,0.97033286,0.000112430105,6.1931314e-05,0.0028100451,True,80293829953155754,720575940611982997,80293829953150567,720575940613998860,[562264 211024 148840],[562336 211168 148840]
84188083,2021-03-09 20:14:58.183080+00:00,,True,57.284286,29.0,0.13987295,0.09310874,0.61464083,0.0014225802,0.049430396,0.10152451,True,79590348670142636,720575940611982997,79590348670137814,720575940636254810,[521424 220460 159360],[521432 220432 159400]
196367575,2021-03-09 20:14:58.183080+00:00,,True,551.1337,92.0,0.032861482,0.034506172,0.9312212,7.0031965e-05,0.00020676166,0.0011343632,True,77831886113962477,720575940630379223,77831886113963854,720575940632409130,[420808 266092 193920],[420704 266036 193920]
65078973,2021-03-09 20:14:58.183080+00:00,,True,80.2523,0.0,0.011804124,0.0059614745,0.008130756,0.21791506,0.56947535,0.18671323,True,78113567316123333,720575940628213954,78113567316118324,720575940632409130,[434716 278736 211360],[434692 278624 211360]
158643737,2021-03-09 20:14:58.183080+00:00,,True,33.602623,153.0,0.034706526,0.044773698,0.22609752,0.023043983,0.14470926,0.52666897,True,79237405504286442,720575940626662277,79237405504279836,720575940632409130,[500364 156132 166080],[500520 156152 166080]
196367713,2021-03-09 20:14:58.183080+00:00,,True,8.591722,174.0,0.00710518,0.9751389,0.008211727,0.0006561608,0.00047564984,0.008412334,True,77831886113987595,720575940629870843,77831886113979655,720575940632409130,[420176 266040 194640],[420320 266016 194600]
44186240,2021-03-09 20:14:58.183080+00:00,,True,151.00424,139.0,0.008746768,0.8979377,0.0007031066,0.002032214,0.00751838,0.08306181,True,79097561302292508,720575940624152051,79097561302296716,720575940620328828,[492020 208604 154200],[492072 208520 154200]
20381044,2021-03-09 20:14:58.183080+00:00,,True,204.47818,156.0,0.0026357863,0.99111336,1.3124552e-05,0.0001201838,0.0011506489,0.004966846,True,79520048712129191,720575940617952034,79520048712120507,720575940632409130,[519780 224304 166880],[519708 224200 166880]
138598419,2021-03-09 20:14:58.183080+00:00,,True,6.703813,0.0,0.030104287,0.08275951,0.66043043,0.010431878,0.08370746,0.13256639,True,78885699155745895,720575940618369659,78885699155745937,720575940632409130,[479344 165480 161080],[479328 165576 161080]
136444815,2021-03-09 20:14:58.183080+00:00,,True,9.539903,27.0,0.021639751,0.0059535094,0.96690214,0.00022276561,0.0035027105,0.0017790963,True,78815330411570745,720575940618369659,78815330411596128,720575940632409130,[478816 164520 161280],[478724 164528 161280]
138598429,2021-03-09 20:14:58.183080+00:00,,True,18.144384,0.0,0.024866804,0.027928948,0.40026394,0.06036528,0.35267782,0.13389722,True,78885699155745895,720575940618369659,78885699155740399,720575940632409130,[479188 165440 161160],[479112 165496 161160]
112454605,2021-03-09 20:14:58.183080+00:00,,True,323.73608,147.0,0.010504021,0.9204385,0.01056444,0.00049603,0.0012089582,0.056788098,True,79098179844677922,720575940621323870,79098179844670207,720575940632409130,[494860 246144 173400],[494720 246076 173400]
138598430,2021-03-09 20:14:58.183080+00:00,,True,230.34995,0.0,0.05727997,0.04643362,0.8288719,0.0043961224,0.04237327,0.020645091,True,78885699155745895,720575940618369659,78885699155745937,720575940632409130,[479344 165432 161240],[479320 165544 161240]
102979882,2021-03-09 20:14:58.183080+00:00,,True,107.93623,101.0,0.13641913,0.15553734,0.63090414,0.016620263,0.021235503,0.039283622,True,79660579975149372,720575940619828095,79660579975137046,720575940632409130,[526120 211896 152200],[525952 211976 152160]
86574551,2021-03-09 20:14:58.183080+00:00,,True,49.315838,0.0,0.10740156,0.051834356,0.12404088,0.051382355,0.06531909,0.6000218,True,78815261692053456,720575940633918304,78815261692050655,720575940632409130,[477056 160696 158400],[476976 160848 158400]
85406947,2021-03-09 20:14:58.183080+00:00,,True,102.71175,144.0,0.0004028861,0.9989712,2.2023428e-06,1.8807874e-06,0.00021569504,0.00040624427,True,79309698327163795,720575940613320477,79309698327153168,720575940632409130,[506364 268876 159080],[506512 268920 159040]
71457239,2021-03-09 20:14:58.183080+00:00,,True,8.604241,140.0,0.058702715,0.40859723,0.26657978,0.0024444335,0.23755749,0.026118387,True,79730811280244234,720575940611982997,79730811280240357,720575940632409130,[528376 207312 149000],[528488 207336 148960]
238734180,2021-03-09 20:14:58.183080+00:00,,True,26.903633,1.0,0.1973578,0.4005428,0.23372154,0.002877858,0.071699746,0.0938002,True,79307980407267222,720575940622334902,79307980407253533,720575940632409130,[504708 169148 176080],[504832 169116 176040]
112471541,2021-03-09 20:14:58.183080+00:00,,True,180.58826,29.0,0.30984867,0.09520685,0.5743125,0.013120824,0.002775478,0.004735661,True,79237474224038499,720575940614383978,79237474224037023,720575940632409130,[502224 162180 173960],[502280 162096 173960]
110717375,2021-03-09 20:14:58.183080+00:00,,True,195.63211,147.0,0.0059993817,0.61981547,0.00036078962,0.00015409508,0.0039518885,0.36971837,True,79590142578797407,720575940642968717,79590142578808578,720575940632409130,[520264 210272 178520],[520364 210168 178520]
165039930,2021-03-09 20:14:58.183080+00:00,,True,74.53444,146.0,0.005181215,0.3886901,0.00049876224,7.658979e-06,0.014222005,0.59140027,True,79449061493208131,720575940645282158,79449061493213319,720575940632409130,[512268 190100 183960],[512396 190168 183960]
71457245,2021-03-09 20:14:58.183080+00:00,,True,124.43319,142.0,0.04626637,0.2145819,0.300018,0.0027517423,0.41041726,0.025964692,True,79730811280244234,720575940611982997,79730811280240357,720575940632409130,[528380 207296 149040],[528500 207304 149000]
228814159,2021-03-09 20:14:58.183080+00:00,,True,87.53468,143.0,0.28958058,0.0057528308,0.7043201,1.9363722e-05,4.688044e-05,0.0002802254,True,79309148638209367,720575940628387587,79309148638215867,720575940632409130,[506584 236520 172400],[505960 236472 172440]
231954605,2021-03-09 20:14:58.183080+00:00,,True,72.05199,11.0,1.7506387e-06,1.2230282e-07,6.5067843e-07,0.6508523,0.34589383,0.0032512867,True,79308049126853843,720575940615160239,79308049126845492,720575940632409130,[505388 173924 180800],[505452 173752 180840]
22558067,2021-03-09 20:14:58.183080+00:00,,True,205.96768,142.0,0.0019182251,0.94053435,0.0012894145,0.0032080263,0.0002477245,0.05280238,True,79098248564255044,720575940623682195,79098248564253653,720575940632409130,[492760 250068 176880],[492960 250068 176880]
24375112,2021-03-09 20:14:58.183080+00:00,,True,210.0952,149.0,0.003197471,0.9731684,0.0014709313,0.011613814,0.0009654398,0.009584024,True,79309904485662131,720575940637388004,79309904485659513,720575940632409130,[503992 282360 162840],[503960 282264 162800]
159232297,2021-03-09 20:14:58.183080+00:00,,True,100.80246,55.0,0.030157562,0.5308502,0.07550292,0.002200381,0.0333146,0.3279744,True,78956136685905676,720575940604790444,78956136685970004,720575940632409130,[484576 167632 164880],[484576 167632 164960]
178804905,2021-03-09 20:14:58.183080+00:00,,True,13.353938,123.0,0.040198043,3.200768e-05,0.95976776,2.3965947e-07,4.965437e-09,1.9900162e-06,True,80295135355288904,720575940646088068,80295135355291820,720575940615899622,[562624 288760  81920],[562816 288784  81920]
160151377,2021-03-09 20:14:58.183080+00:00,,True,236.95425,141.0,0.002930036,0.89827704,5.16577e-05,6.9353077e-06,0.00041265765,0.098321676,True,79519979992610199,720575940632469964,79519979992603365,720575940632409130,[519368 223648 165480],[519460 223672 165520]
162510227,2021-03-09 20:14:58.183080+00:00,,True,101.53525,145.0,0.00048995967,0.5540934,0.43055436,5.2213192e-05,5.0720304e-05,0.014759275,True,79942261177337789,720575940624152051,79942261177340417,720575940615899622,[542160 224024 171040],[542276 224032 171040]
84153567,2021-03-09 20:14:58.183080+00:00,,True,203.154,150.0,0.0013007132,0.9969838,1.4771263e-05,0.0007104342,0.00013693879,0.0008533857,True,79519979925986203,720575940617952034,79519979925975429,720575940628800207,[519264 221856 159200],[519344 221920 159200]
163766197,2021-03-09 20:14:58.183080+00:00,,True,59.461227,13.0,0.481515,0.022193164,0.49259454,1.2911121e-05,0.0004780369,0.0032063015,True,79380273028469579,720575940638989219,79380273028476285,720575940653053601,[508952 281536  99040],[508912 281528  99120]
178804918,2021-03-09 20:14:58.183080+00:00,,True,8.590099,120.0,0.7443899,0.0030254067,0.25192645,2.3716836e-06,2.2057413e-06,0.00065365556,True,80295135355288904,720575940646088068,80295135355291820,720575940615899622,[562624 288660  82000],[562764 288688  82000]
178804912,2021-03-09 20:14:58.183080+00:00,,True,68.26281,93.0,0.0063001383,5.3434138e-05,0.9936405,2.0564009e-07,1.6876266e-08,5.7398756e-06,True,80295135355275357,720575940646088068,80295135355291820,720575940615899622,[562632 288792  81920],[562796 288872  81960]
47481245,2021-03-09 20:14:58.183080+00:00,,True,27.09168,0.0,0.0038619442,0.0045265276,0.0024124358,0.28766656,0.62762386,0.073908694,True,80434567441551904,720575940619678366,80434567441544851,720575940642027464,[570244 209384 150600],[570188 209400 150600]
160044005,2021-03-09 20:14:58.183080+00:00,,True,52.342495,0.0,0.43279716,0.07571249,0.44897953,0.00049132184,0.0059698257,0.03604974,True,79239054771661887,720575940622712979,79309423515864684,720575940653053601,[503416 254864 165000],[503488 254900 165040]
243233126,2021-03-09 20:14:58.183080+00:00,,True,214.12155,157.0,0.020441145,0.017042898,0.96159226,0.0004880286,0.00020784003,0.00022779376,True,80153367342950753,720575940618369659,80153367342954331,720575940625963432,[554812 224568 156600],[554756 224516 156680]
241575140,2021-03-09 20:14:58.183080+00:00,,True,230.16971,47.0,0.059200756,0.5538108,0.13277307,0.009874763,0.13141714,0.112923495,True,80223804806639620,720575940622712979,80223804806655943,720575940625963432,[560664 230760 157280],[560636 230656 157280]
79434798,2021-03-09 20:14:58.183080+00:00,,True,82.56891,151.0,0.00881867,0.9513125,0.013833643,0.016244387,0.0003974023,0.009393474,True,80224835330422499,720575940624153528,80224835330430503,720575940615899622,[556832 291884  78080],[556760 291860  78040]
138598418,2021-03-09 20:14:58.183080+00:00,,True,41.691833,0.0,0.022360193,0.06859006,0.3033937,0.021656808,0.2556182,0.32838106,True,78885699155745895,720575940618369659,78885699155745937,720575940632409130,[479220 165456 161120],[479164 165524 161120]
138598439,2021-03-09 20:14:58.183080+00:00,,True,44.54654,1.0,0.04005647,0.086168736,0.5972537,0.012833104,0.12575844,0.13792959,True,78885699155745895,720575940618369659,78885699155745937,720575940632409130,[479276 165436 161200],[479232 165564 161240]
138363391,2021-03-09 20:14:58.183080+00:00,,True,363.1505,143.0,2.1054324e-05,0.9999689,3.2194882e-09,7.386155e-06,1.1678745e-07,2.5081856e-06,True,79309354729802047,720575940635591776,79309354729815321,720575940620328828,[504060 249728 160000],[503960 249788 160040]
144443992,2021-03-09 20:14:58.183080+00:00,,True,361.04688,151.0,0.0014055024,0.853516,0.0018810376,3.4606032e-07,0.10419012,0.039007034,True,80153985818233264,720575940616070283,80153985818226381,720575940615899622,[554952 262036 155960],[554952 262148 155960]
64333000,2021-03-09 20:14:58.183080+00:00,,True,73.45979,0.0,0.00058183144,0.000300636,1.3320599e-05,0.012877971,0.9653718,0.020854466,True,78817598355254869,720575940610883704,78817529635778280,720575940628800207,[478388 297544 211280],[478444 297360 211280]
71457152,2021-03-09 20:14:58.183080+00:00,,True,112.223976,1.0,0.8350058,0.021088589,0.14350833,5.5144737e-05,0.00020922569,0.00013282412,True,79730811280213416,720575940619828095,79730811280213427,720575940632409130,[528960 207036 148000],[529004 207104 148000]
193279850,2021-03-09 20:14:58.183080+00:00,,True,665.8728,133.0,0.0057258112,0.9675272,0.00022409557,0.0004003847,0.0032467975,0.02287572,True,80574823826779991,720575940624694601,80574823826791435,720575940623222712,[577264 182012 139840],[577268 181932 139840]
165198588,2021-03-09 20:14:58.183080+00:00,,True,10.493443,0.0,0.5545137,0.4279069,0.014060009,2.4545316e-05,0.00024229923,0.0032525852,True,78676242257881743,720575940619011664,78676242257861068,720575940653053601,[469464 264336 183960],[469392 264276 183840]
165198591,2021-03-09 20:14:58.183080+00:00,,True,126.72427,0.0,0.9196829,0.06517003,0.008551993,4.1049017e-05,0.001173678,0.0053804144,True,78676242257881528,720575940619011664,78676242257867494,720575940653053601,[469328 264456 184040],[469192 264440 183960]
165198594,2021-03-09 20:14:58.183080+00:00,,True,119.90501,0.0,0.8805437,0.104898304,0.006804768,6.329755e-05,0.00079415645,0.0068958076,True,78676242257865165,720575940619011664,78676242257867494,720575940653053601,[469280 264484 184080],[469176 264528 184000]
46316173,2021-03-09 20:14:58.183080+00:00,,True,348.45987,90.0,0.00011069614,0.9988992,3.1842318e-09,2.257642e-07,0.00019161486,0.0007981634,True,80154260695925825,720575940617330107,80154260695921619,720575940613998860,[552912 278904 149920],[552912 279032 149920]
117204411,2021-03-09 20:14:58.183080+00:00,,True,25.057467,149.0,0.0009380178,0.9610887,0.00031037757,0.037139963,5.513451e-06,0.00051735464,True,80574892546309407,720575940619896711,80574892546315050,720575940625963432,[581004 185168 141640],[580888 185108 141640]
186042273,2021-03-09 20:14:58.183080+00:00,,True,29.930283,0.0,0.3408783,0.07542375,0.051974945,0.02320386,0.40577713,0.10274205,True,80647048198227769,720575940630523077,80647048198229169,720575940615899622,[584692 291304 203200],[584784 291248 203240]
185192864,2021-03-09 20:14:58.183080+00:00,,True,23.969757,150.0,0.06713793,0.8979253,0.01678259,0.0055074478,0.00034759627,0.012299124,True,80646635880820159,720575940630678867,80646635880824115,720575940623222712,[581504 266972 186480],[581556 266848 186480]
186453654,2021-03-09 20:14:58.183080+00:00,,True,130.70459,0.0,0.00092333846,2.138542e-05,1.0371506e-05,0.77969605,0.11918089,0.10016791,True,80717416942360867,720575940656144289,80717416942373582,720575940613998860,[586480 291704 202560],[586592 291712 202560]
186453637,2021-03-09 20:14:58.183080+00:00,,True,89.88383,0.0,7.092978e-05,2.1026133e-07,1.5434627e-07,0.9997907,6.731437e-05,7.078329e-05,True,80717416942363718,720575940505806272,80717416942357513,720575940623222712,[587760 292296 202320],[587700 292436 202280]
186651276,2021-03-09 20:14:58.183080+00:00,,True,93.167656,0.0,0.0003663992,5.7074585e-06,3.9923216e-06,0.054518692,0.20816866,0.7369365,True,80647391795599321,720575940618658974,80647391795598152,720575940613998860,[583576 313592 202920],[583444 313428 202920]
186651278,2021-03-09 20:14:58.183080+00:00,,True,292.15482,0.0,0.00051050674,9.084451e-06,1.2882213e-05,0.035577856,0.107212365,0.8566773,True,80647391795599321,720575940618658974,80647391795598152,720575940613998860,[583640 313560 202920],[583536 313368 202960]
186042269,2021-03-09 20:14:58.183080+00:00,,True,33.80079,0.0,0.46380812,0.04279927,0.22970238,0.18102016,0.037315328,0.04535475,True,80647048198214250,720575940623387430,80647048198221259,720575940615899622,[585208 290964 203120],[585276 291056 203120]
165039914,2021-03-09 20:14:58.183080+00:00,,True,281.46954,150.0,0.0026513434,0.4196353,0.001879467,8.801558e-06,0.0029674866,0.57285756,True,79449061493214571,720575940645282158,79449061493213319,720575940632409130,[512240 190064 183920],[512392 190088 183920]
187676799,2021-03-09 20:14:58.183080+00:00,,True,100.88957,2.0,0.04454692,0.017981917,0.0054307706,0.41762924,0.40716302,0.10724801,True,81139560687990767,720575940449039808,81139560687986969,720575940625963432,[612340 287128 202880],[612336 286964 202920]
136594267,2021-03-09 20:14:58.183080+00:00,,True,174.3985,133.0,0.017927531,0.049413968,0.89025974,0.010980668,0.0060904883,0.025327604,True,79519979925994369,720575940628236554,79519979926004120,720575940636254810,[519628 220952 160080],[519508 220976 160040]
186651924,2021-03-09 20:14:58.183080+00:00,,True,37.849514,0.0,0.011909178,0.00070171367,0.0020550464,0.005415317,0.031359766,0.94855887,True,80647391795599321,720575940618658974,80647391795609576,720575940613998860,[583772 313464 202920],[583764 313320 202960]
186101726,2021-03-09 20:14:58.183080+00:00,,True,21.988457,0.0,0.088664845,0.0020554443,0.0010947806,0.84677356,0.018319504,0.043091852,True,80858016991801507,720575940614283370,80858016991798283,720575940615899622,[595712 284944 202320],[595568 284784 202320]
186101714,2021-03-09 20:14:58.183080+00:00,,True,44.323307,0.0,0.7376088,0.0020823742,0.0001098028,0.22948962,0.0042144177,0.026494978,True,80858085711264662,720575940642468206,80858016991789176,720575940615899622,[594644 285192 202120],[594592 285016 202120]
3242329,2021-03-09 20:14:58.183080+00:00,,True,92.56375,0.0,0.15357703,0.5934418,0.03172023,0.0034448074,0.055334534,0.1624816,True,80577160490227108,720575940640325429,80577160490235881,720575940613998860,[579784 321000 198520],[579752 320784 198520]
207126460,2021-03-09 20:14:58.183080+00:00,,True,40.808342,141.0,0.1119255,0.02748268,0.5490891,0.00035685563,0.12397176,0.18717422,True,78604086672895241,720575940633984851,78604086672885655,720575940653053601,[463332 154300 138120],[463304 154364 138120]
190057508,2021-03-09 20:14:58.183080+00:00,,True,126.721695,10.0,0.033653073,0.8896025,0.0047843466,0.019287478,0.0037649157,0.048907585,True,78815674008487203,720575940636821616,78815674008496842,720575940620328828,[476280 184028 146920],[476372 184024 146880]
45099833,2021-03-09 20:14:58.183080+00:00,,True,159.05243,113.0,0.468031,0.029431345,0.48002008,6.6910055e-05,0.0015049302,0.020945704,True,78745442703406929,720575940633984851,78745442703382617,720575940620328828,[473536 193792 151000],[473664 193900 151000]
3242330,2021-03-09 20:14:58.183080+00:00,,True,18.240383,0.0,0.095440485,0.7160466,0.0223731,0.0022145414,0.020198746,0.14372656,True,80577160490234668,720575940640325429,80577160490235881,720575940613998860,[579876 320856 198680],[579864 320688 198680]
191228210,2021-03-09 20:14:58.183080+00:00,,True,73.10277,0.0,0.061897364,0.13122086,0.05309954,0.030061884,0.31586865,0.40785167,True,79309767046261666,720575940631180599,79309767046255441,720575940628800207,[505048 274780 147800],[505192 274812 147840]
189889379,2021-03-09 20:14:58.183080+00:00,,True,44.749603,6.0,0.28172496,0.71679604,0.00048226755,1.2727589e-06,0.00021672134,0.00077882106,True,79380204509889322,720575940617952034,79380204509886747,720575940653053601,[508356 278040 147360],[508280 277848 147400]
5335652,2021-03-09 20:14:58.183080+00:00,,True,479.50577,146.0,0.004619334,0.93270177,7.2840194e-05,0.0010511528,0.00018289403,0.061371975,True,79096874174425966,720575940642968717,79096874174430825,720575940632409130,[493532 166944 168280],[493644 166952 168320]
34615823,2021-03-09 20:14:58.183080+00:00,,True,367.9831,150.0,0.002144181,0.9610648,6.359799e-06,0.00039704685,0.00020190296,0.03618578,True,80083685726438350,720575940624280328,80083685726437059,720575940623222712,[550200 267168 135800],[550312 267128 135800]
3242332,2021-03-09 20:14:58.183080+00:00,,True,40.494762,0.0,0.12527987,0.6508394,0.034140855,0.0026229464,0.01185704,0.17525987,True,80577160490246423,720575940640325429,80577160490235881,720575940613998860,[579892 320840 198720],[579884 320672 198720]
3242325,2021-03-09 20:14:58.183080+00:00,,True,131.96436,0.0,0.098247774,0.7671391,0.0069747493,0.0013988838,0.08005555,0.04618404,True,80577160490227108,720575940640325429,80577160490235881,720575940613998860,[579792 321144 198400],[579676 321048 198400]
192466005,2021-03-09 20:14:58.183080+00:00,,True,64.29794,0.0,0.05567449,0.019116154,0.053014107,0.21071953,0.17485951,0.48661613,True,78603880514524753,720575940625539984,78603880514523605,720575940653053601,[465128 144508 139960],[465060 144440 139960]
164035577,2021-03-09 20:14:58.183080+00:00,,True,44.203068,0.0,0.07900841,0.5397002,0.0053990507,0.0017830152,0.33242768,0.0416817,True,79379791992135784,720575940624402173,79379791992135966,720575940620328828,[511040 255976  98400],[510996 256076  98400]
192854045,2021-03-09 20:14:58.183080+00:00,,True,126.803055,148.0,0.0094776265,0.1114247,0.8745516,0.00025586394,0.0001993596,0.004090798,True,80645398729415296,720575940611982997,80645398729407635,720575940642027464,[582688 194788 140000],[582628 194888 140000]
71137299,2021-03-09 20:14:58.183080+00:00,,True,274.40152,137.0,0.008390276,0.9860715,8.741867e-05,2.7654698e-05,0.0003163235,0.005106787,True,79380273229390885,720575940623274966,79380273229398214,720575940620328828,[509600 281344 148120],[509712 281324 148080]
193529838,2021-03-09 20:14:58.183080+00:00,,True,44.59147,0.0,0.025391253,0.011901881,0.029984323,0.028108865,0.028122712,0.876491,True,78815330344478226,720575940575194768,78815330344482138,720575940620328828,[475704 165884 140840],[475792 165908 140840]
60039712,2021-03-09 20:14:58.183080+00:00,,True,112.841965,1.0,0.029241228,0.12928066,0.49934426,0.00022667494,0.2635877,0.07831938,True,78817117251985185,720575940606900354,78817117251974135,720575940653053601,[475276 269416 195080],[475408 269392 195080]
193514583,2021-03-09 20:14:58.183080+00:00,,True,7.654284,0.0,0.025391253,0.011901881,0.029984323,0.028108865,0.028122712,0.876491,True,78815330344478226,720575940575194768,78815330344482138,720575940620328828,[475704 165884 140840],[475824 165904 140880]
45626440,2021-03-09 20:14:58.183080+00:00,,True,225.11032,5.0,0.017610734,0.8907514,0.02777106,0.0019779615,0.0054036104,0.056485254,True,80223598647970138,720575940627683588,80223598647998283,720575940613998860,[557320 217408 150920],[557376 217376 150960]
174279032,2021-03-09 20:14:58.183080+00:00,,True,130.17075,0.0,0.0037302119,0.00079715264,0.00016960231,0.59091127,0.3261358,0.0782559,True,80717073344599849,720575940628587113,80717073344588379,720575940613998860,[587152 269888 189600],[587080 270020 189600]
241105529,2021-03-09 20:14:58.183080+00:00,,True,292.9452,148.0,0.009496339,0.00460414,0.98346174,3.8185004e-05,0.0009227892,0.0014768591,True,79308804973894213,720575940633984851,79308804973892948,720575940620328828,[507164 219068 157280],[507104 219176 157280]
42639425,2021-03-09 20:14:58.183080+00:00,,True,67.15364,26.0,0.70899093,0.062230725,0.102679156,0.012893498,0.018207278,0.094998345,True,79450298376361385,720575940603352748,79450298376368695,720575940653053601,[511952 264640 153200],[511944 264560 153240]
137284960,2021-03-09 20:14:58.183080+00:00,,True,190.77803,139.0,0.00048206706,0.9652124,0.009636543,2.068265e-08,0.019658513,0.005010451,True,80223942245693662,720575940613235865,80223942245705508,720575940625963432,[558812 240020 161080],[558740 240092 161080]
139628593,2021-03-09 20:14:58.183080+00:00,,True,108.83523,1.0,0.034502845,0.036200363,0.0032155917,0.06752022,0.7438061,0.11475495,True,79379311157094201,720575940624573671,79379311157110849,720575940620328828,[510292 225544 159640],[510292 225472 159720]
86175025,2021-03-09 20:14:58.183080+00:00,,True,25.928886,133.0,0.13097793,0.011264506,0.8571288,8.5643085e-05,0.00010299168,0.00044018737,True,80644986479600482,720575940612291426,80644986479578942,720575940625963432,[584692 166584 159280],[584536 166592 159240]
46331461,2021-03-09 20:14:58.183080+00:00,,True,78.01117,146.0,0.0737686,0.11668967,0.80304044,0.0019584897,0.00026492335,0.0042778044,True,80504386429950461,720575940621717509,80504386429964816,720575940625963432,[576960 178508 151120],[576908 178376 151120]
105347471,2021-03-09 20:14:58.183080+00:00,,True,316.0949,150.0,0.038379338,0.22873303,0.65440893,0.000100341116,0.024606042,0.053772293,True,79380204375690882,720575940644666660,79380204375680316,720575940620328828,[507984 278888 106600],[507912 278960 106600]
58667643,2021-03-09 20:14:58.183080+00:00,,True,97.07884,28.0,0.16602308,0.43540537,0.30914623,0.007649279,0.010698549,0.0710775,True,80717142064152803,720575940646763652,80717142064145440,720575940625963432,[588808 273004 192120],[588904 272928 192080]
148827940,2021-03-09 20:14:58.183080+00:00,,True,109.03138,0.0,0.35373363,0.055777133,0.056724876,0.12888391,0.2042909,0.20058957,True,80647323076178874,720575940644666660,80647323076159882,720575940613998860,[584884 308036 203920],[584896 307848 203920]
241064873,2021-03-09 20:14:58.183080+00:00,,True,220.60349,80.0,0.0008241526,0.9845371,3.5746707e-05,0.010215431,4.4511347e-05,0.0043430678,True,80012492415617013,720575940631499843,80012492415625756,720575940615899622,[545936 217588 156440],[545848 217672 156440]
39891733,2021-03-09 20:14:58.183080+00:00,,True,519.81323,145.0,0.017155787,0.8873368,0.014090953,0.033057064,0.001509906,0.046849553,True,78744824161019434,720575940620617153,78744824161007032,720575940620328828,[473080 156200 130960],[473128 156064 130960]
165267374,2021-03-09 20:14:58.183080+00:00,,True,207.44128,151.0,0.0037875033,0.7807027,0.21037517,2.3878169e-05,0.0027390504,0.0023715924,True,79589867701060553,720575940645693988,79589936420533642,720575940632409130,[522344 195056 183560],[522312 195176 183560]
102176581,2021-03-09 20:14:58.183080+00:00,,True,840.8865,141.0,0.0046474794,0.98145884,9.88377e-06,0.0017921902,4.9066643e-05,0.012042546,True,78745511422896236,720575940618370171,78745511422889835,720575940620328828,[473212 196024 151520],[473332 195968 151560]
44861719,2021-03-09 20:14:58.183080+00:00,,True,25.947777,144.0,0.0061496627,0.9917167,9.47509e-05,0.0001498553,1.8782133e-05,0.0018702417,True,78815880167021199,720575940626784868,78815880167022330,720575940653053601,[475444 197976 150040],[475312 197864 150120]
206178268,2021-03-09 20:14:58.183080+00:00,,True,11.482282,131.0,0.399661,0.06681512,0.035827823,7.301058e-06,0.20382428,0.2938645,True,80154329213881030,720575940631969325,80154329213919291,720575940615899622,[555448 281304  83280],[555560 281336  83320]
44861727,2021-03-09 20:14:58.183080+00:00,,True,24.95589,81.0,0.027381694,0.97113043,0.00023213617,0.00018145317,7.4869924e-05,0.0009994784,True,78815880167021199,720575940626784868,78815880167022330,720575940653053601,[475420 197976 150120],[475328 197952 150160]
109609150,2021-03-09 20:14:58.183080+00:00,,True,35.528595,164.0,0.0077951,0.8698373,0.064043224,5.7049994e-05,0.014580972,0.04368649,True,80012148885432467,720575940623744236,80012148885450438,720575940615899622,[546612 196680 179720],[546696 196564 179760]
109379563,2021-03-09 20:14:58.183080+00:00,,True,336.40857,144.0,0.0051063597,0.7806143,0.00017482536,0.00017454833,0.0028075299,0.21112244,True,79379242504664760,720575940623744236,79379242504678651,720575940632409130,[511456 219800 178400],[511384 219696 178400]
206300496,2021-03-09 20:14:58.183080+00:00,,True,103.44282,177.0,0.01871826,0.95598817,0.0040416364,0.007103007,0.0041423566,0.010006562,True,80224766677564000,720575940617785817,80224766677547980,720575940615899622,[556780 287072  83000],[556776 287000  82880]
206209795,2021-03-09 20:14:58.183080+00:00,,True,29.856487,0.0,0.046516825,0.7483883,0.08919996,0.0034405019,0.01536281,0.09709157,True,79872304481401386,720575940623628509,79872304481396653,720575940615899622,[538104 249112  83880],[538096 249224  83840]
31738009,2021-03-09 20:14:58.183080+00:00,,True,57.820786,4.0,0.067809455,0.8013731,0.038642254,0.033291157,0.0160346,0.042849477,True,78817323477196529,720575940609695683,78817323477209849,720575940653053601,[475272 281240 206320],[475264 281132 206360]
205389013,2021-03-09 20:14:58.183080+00:00,,True,397.2563,144.0,0.00014758177,0.9505126,0.0008742234,4.275269e-08,0.00097584724,0.04748979,True,80154604091770170,720575940612664273,80224972836001139,720575940615899622,[556720 301536  82800],[556844 301528  82800]
205389021,2021-03-09 20:14:58.183080+00:00,,True,8.586831,147.0,0.00016730074,0.87013954,0.00035456294,4.3351157e-08,0.0019462542,0.12739234,True,80154604091770170,720575940612664273,80225041555454541,720575940615899622,[556720 301536  82800],[556880 301584  82840]
207841427,2021-03-09 20:14:58.183080+00:00,,True,70.64375,0.0,0.16611758,0.8020008,0.026277836,0.00025860473,0.00086371385,0.004481457,True,80154123190200787,720575940605708478,80083754445997346,720575940623222712,[552708 272152 139000],[552572 272188 139000]
208026820,2021-03-09 20:14:58.183080+00:00,,True,36.861347,0.0,0.05715547,0.021539599,0.86208904,0.0041409936,0.037681278,0.01739363,True,78462936867683561,720575940614763920,78462936867686881,720575940653053601,[457532 133612 138760],[457632 133564 138800]
206641355,2021-03-09 20:14:58.183080+00:00,,True,65.83274,0.0,0.11412577,0.063864194,0.21946234,0.0014557464,0.22133607,0.3797558,True,78815330344423991,720575940575112336,78815330344423998,720575940620328828,[476160 163676 139240],[476256 163768 139200]
6519076,2021-03-09 20:14:58.183080+00:00,,True,133.2168,47.0,0.1455957,0.057090875,0.63099957,0.0003104147,0.09995669,0.06604678,True,79801180024299360,720575940620410945,79801180024303241,720575940628800207,[532452 204824 145200],[532332 204792 145200]
208018056,2021-03-09 20:14:58.183080+00:00,,True,49.456898,137.0,0.023395872,0.040567007,0.8957562,0.0001966926,0.019499613,0.020584667,True,78674111819677177,720575940606037412,78674111819682443,720575940653053601,[466844 136000 137960],[466760 136084 138000]
208026849,2021-03-09 20:14:58.183080+00:00,,True,10.516972,4.0,0.00735743,0.06978381,0.08335514,0.042872593,0.7336341,0.06299688,True,78463005587175998,720575940614763920,78463005587167109,720575940653053601,[457712 133872 138920],[457728 133972 138920]
208771069,2021-03-09 20:14:58.183080+00:00,,True,18.163322,1.0,0.25575736,0.04837351,0.34489366,0.11741602,0.11119573,0.12236372,True,80013523140803671,720575940617866119,80013523140795092,720575940615899622,[544932 280344 138760],[545040 280416 138760]
208770987,2021-03-09 20:14:58.183080+00:00,,True,23.00418,0.0,0.33408538,0.064163215,0.044201303,0.0839713,0.31528348,0.15829533,True,80013591860275193,720575940613891442,80013523140776261,720575940615899622,[545140 281132 138240],[545100 281008 138200]
209705954,2021-03-09 20:14:58.183080+00:00,,True,97.99896,0.0,0.05469814,0.17517824,0.009206167,0.020201126,0.68068755,0.060028844,True,80013591792875473,720575940627669764,80013591792882880,720575940615899622,[546892 282636 109840],[546824 282752 109840]
208671685,2021-03-09 20:14:58.183080+00:00,,True,267.10217,0.0,0.004911396,0.0056872303,0.017675716,0.0018121556,0.9110527,0.058860708,True,80013316982346692,720575940602567996,80013316982335789,720575940623222712,[548436 268580 139200],[548392 268728 139200]
184400936,2021-03-09 20:14:58.183080+00:00,,True,106.32834,144.0,0.0024162447,0.8954693,0.010443718,3.3715318e-05,0.0011763523,0.09046057,True,80646635880779592,720575940609695683,80646635880759404,720575940625963432,[582636 264956 185040],[582704 264916 185040]
209706063,2021-03-09 20:14:58.183080+00:00,,True,11.474678,0.0,0.08371152,0.08254447,0.6841244,0.0035335855,0.04368944,0.10239655,True,80013591792899257,720575940628669545,80013591792893827,720575940615899622,[546040 282400 110560],[546072 282504 110560]
208865460,2021-03-09 20:14:58.183080+00:00,,True,37.545273,0.0,0.5500611,0.35133412,0.017422153,0.0021122524,0.039373145,0.03969724,True,78674524136553681,720575940625184782,78674524136550989,720575940653053601,[467368 161728 137960],[467332 161816 138000]
208865457,2021-03-09 20:14:58.183080+00:00,,True,62.162506,140.0,0.47589317,0.010235268,0.49557865,0.000100068006,0.006538176,0.011654631,True,78674524136547923,720575940633984851,78674524136545441,720575940653053601,[468184 159244 137960],[468096 159304 138000]
208865445,2021-03-09 20:14:58.183080+00:00,,True,97.63025,145.0,0.27714816,0.017841276,0.6362301,0.00014140467,0.024336636,0.044302393,True,78674524136547923,720575940633984851,78674524136551942,720575940653053601,[468164 159256 137920],[468056 159300 137920]
240121908,2021-03-09 20:14:58.183080+00:00,,True,44.793617,158.0,0.00799006,0.000439363,0.9915685,1.7293768e-08,1.3997517e-07,1.8883968e-06,True,80715286504255742,720575940617869339,80715286504253115,720575940625963432,[586124 165192 157440],[586168 165260 157400]
193506691,2021-03-09 20:14:58.183080+00:00,,True,309.41266,144.0,0.018598853,0.84984756,0.01862054,0.07078025,0.0029798942,0.039172888,True,78744961600304795,720575940620617153,78744961600293472,720575940653053601,[472224 165840 140800],[472268 165968 140800]
191038751,2021-03-09 20:14:58.183080+00:00,,True,67.10071,0.0,0.23590082,0.35779476,0.29338893,0.033406895,0.021977574,0.057530947,True,78745236544844726,720575940625539984,78745236544854432,720575940653053601,[474776 180304 147640],[474712 180224 147640]
193506640,2021-03-09 20:14:58.183080+00:00,,True,778.10583,145.0,0.0020358528,0.9904681,4.1875508e-05,0.0021981325,2.9268742e-05,0.0052267495,True,78744961600297594,720575940620617153,78744961600290449,720575940653053601,[472176 165140 140640],[472212 165036 140680]
211193757,2021-03-09 20:14:58.183080+00:00,,True,74.466415,0.0,8.460984e-07,0.00054947444,1.9721094e-07,3.7164226e-12,0.99942845,2.1026877e-05,True,79309835631592874,720575940629741051,79309835631592851,720575940628800207,[504000 280576 109480],[504072 280536 109480]
211193749,2021-03-09 20:14:58.183080+00:00,,True,68.81417,5.0,7.684789e-06,0.001735178,1.1944358e-07,1.4084117e-10,0.99811673,0.00014031352,True,79309835631592874,720575940629741051,79309835631594225,720575940628800207,[504040 280648 109400],[504092 280588 109440]
211193766,2021-03-09 20:14:58.183080+00:00,,True,40.463394,37.0,1.8797213e-05,0.00417295,6.917143e-07,3.6836809e-10,0.9957373,7.025175e-05,True,79309835631611405,720575940629741051,79309835631592851,720575940628800207,[503976 280492 109560],[504028 280456 109560]
212237083,2021-03-09 20:14:58.183080+00:00,,True,12.414682,0.0,0.026327543,0.071899615,0.016828012,0.18213488,0.65363747,0.04917249,True,78744755374864925,720575940609349319,78744755374862308,720575940620328828,[471472 153512 123000],[471492 153612 123000]
54394355,2021-03-09 20:14:58.183080+00:00,,True,141.05186,55.0,0.0053132195,0.002145022,0.030075377,0.856806,0.037260525,0.06839987,True,79380272961200321,720575940639956643,79380272961205071,720575940653053601,[508848 284884  73080],[508900 284836  73080]
212237284,2021-03-09 20:14:58.183080+00:00,,True,213.06377,145.0,7.466122e-05,0.99989545,8.546361e-09,3.3235892e-06,3.7868773e-07,2.6271113e-05,True,78744755441320436,720575940639242303,78744755441323393,720575940620328828,[471872 153328 124280],[471724 153316 124320]
194674408,2021-03-09 20:14:58.183080+00:00,,True,33.79667,143.0,0.30779663,0.087319516,0.00044148133,2.7014082e-07,0.6028701,0.0015720042,True,81280366895502810,720575940622248453,81280366895510849,720575940625963432,[620536 290728 193240],[620620 290652 193240]
243262171,2021-03-09 20:14:58.183080+00:00,,True,242.59055,166.0,0.0011627204,0.978511,2.0902437e-05,0.001639353,2.4986757e-05,0.018641118,True,79449679901223131,720575940624152051,79449679901202078,720575940628800207,[512568 225724 157480],[512676 225704 157400]
187676820,2021-03-09 20:14:58.183080+00:00,,True,92.91005,0.0,0.0317437,0.0034575711,0.002098225,0.086925365,0.842289,0.03348611,True,81139560687993145,720575940618984431,81139560687997491,720575940625963432,[611244 286680 203160],[611340 286564 203200]
157936596,2021-03-09 20:14:58.183080+00:00,,True,314.57462,147.0,0.0063983314,0.9700476,0.0008745832,0.0041759894,0.00025998862,0.018243488,True,80364679800662185,720575940631837507,80364679800672091,720575940625963432,[568360 238516 166280],[568480 238500 166280]
188437245,2021-03-09 20:14:58.183080+00:00,,True,101.284836,0.0,0.38036722,0.08196353,0.3171489,0.012126581,0.15588588,0.052507848,True,80645604954506974,720575940627426407,80645604954504438,720575940625963432,[583224 204384 146880],[583136 204456 146880]
142507596,2021-03-09 20:14:58.183080+00:00,,True,5.7178516,0.0,0.10885683,0.03714806,0.06676045,0.036232993,0.15657966,0.594422,True,81069672845742186,720575940617245652,81069672845743559,720575940625963432,[607504 315156 155720],[607448 315060 155720]
115369034,2021-03-09 20:14:58.183080+00:00,,True,129.6039,147.0,0.022113012,0.85410124,0.017695656,0.005242515,0.0039189057,0.096928656,True,80645398729437508,720575940625587642,80645398729434032,720575940625963432,[581952 192796 141320],[582056 192744 141280]
187675319,2021-03-09 20:14:58.183080+00:00,,True,10.493479,0.0,0.17695157,0.019138068,0.7883441,0.00083140394,0.0053026443,0.009432225,True,81139560687982981,720575940449042624,81139560687981456,720575940625963432,[613052 287332 202720],[612944 287216 202680]
187676788,2021-03-09 20:14:58.183080+00:00,,True,1016.33514,1.0,0.117724806,0.006754049,0.02299938,0.5464856,0.15327995,0.15275626,True,81139560687990767,720575940449039808,81139560687984304,720575940625963432,[612476 287208 202880],[612524 287024 202840]
71407415,2021-03-09 20:14:58.183080+00:00,,True,354.80215,147.0,0.014084999,0.81380075,0.0016549488,0.00024872515,0.026399333,0.14381118,True,80504455149313156,720575940632193420,80504455149317096,720575940625963432,[576384 181020 148080],[576448 180904 148080]
116160946,2021-03-09 20:14:58.183080+00:00,,True,20.200483,0.0,0.14154457,0.5669229,0.16626734,0.05992572,0.02600355,0.039335936,True,80645467448946237,720575940623122125,80645467448942596,720575940625963432,[582344 196644 142720],[582196 196660 142760]
144743346,2021-03-09 20:14:58.183080+00:00,,True,291.23978,147.0,0.0040848204,0.9937437,0.00012777747,0.0003860191,5.403583e-06,0.0016521913,True,80153367342903763,720575940624152051,80153367342915286,720575940613998860,[553012 226872 155400],[552948 226744 155400]
24562697,2021-03-09 20:14:58.183080+00:00,,True,23.26562,135.0,0.47020775,0.018784853,0.5049245,0.005629566,0.00010110567,0.00035224186,True,80153504782070652,720575940626211472,80153504782080834,720575940625963432,[555120 234208 161720],[555220 234132 161760]
159016783,2021-03-09 20:14:58.183080+00:00,,True,48.228676,0.0,0.18581349,0.29128408,0.3675398,0.008479793,0.11130983,0.035573054,True,80294448495418120,720575940616374667,80294517214899270,720575940615899622,[561668 248276 165320],[561600 248376 165360]
8144578,2021-03-09 20:14:58.183080+00:00,,True,175.36537,73.0,0.036456395,0.69823366,0.026502287,0.0005341764,0.062000282,0.17627318,True,80574892612875745,720575940631189817,80574892612877151,720575940625963432,[578696 183244 145160],[578752 183328 145160]
158781310,2021-03-09 20:14:58.183080+00:00,,True,456.51047,147.0,0.0012346624,0.9875651,1.4874431e-06,0.000102975886,2.5069481e-05,0.011070731,True,81702373134752123,720575940626798101,81702373134759543,720575940615899622,[643424 277372 164800],[643420 277492 164760]
125086283,2021-03-09 20:14:58.183080+00:00,,True,628.5594,71.0,1.05796025e-05,0.9903351,3.6887333e-11,1.4419505e-13,0.009524622,0.00012966858,True,80154397933454342,720575940623701768,80154397933460619,720575940615899622,[555224 286148  85000],[555328 286200  85000]
25387868,2021-03-09 20:14:58.183080+00:00,,True,257.5243,152.0,0.0012170115,0.9817176,0.013223815,2.453017e-06,0.00024092796,0.0035982463,True,79449748620867829,720575940624152051,79449748620866580,720575940653053601,[512520 231504 162880],[512592 231568 162840]
163894694,2021-03-09 20:14:58.183080+00:00,,True,397.6036,156.0,0.002733181,0.91522515,0.000105334126,2.8387479e-08,0.06530491,0.016631333,True,79098866771198197,720575940622348156,79098866771208607,720575940653053601,[495156 288480  97680],[495088 288388  97680]
6519022,2021-03-09 20:14:58.183080+00:00,,True,18.233236,0.0,0.66033864,0.066989586,0.2355951,0.00033019198,0.0076578413,0.029088585,True,79801180024310298,720575940620410945,79801180024291571,720575940628800207,[532660 204952 144960],[532716 204928 144920]
113218643,2021-03-09 20:14:58.183080+00:00,,True,451.1213,174.0,0.005921658,0.97547185,0.0032456103,0.0008730299,0.00022182659,0.014266018,True,79871754994290506,720575940625587642,79871754994290523,720575940615899622,[539944 218704 173880],[539936 218656 173800]
8817828,2021-03-09 20:14:58.183080+00:00,,True,54.532677,0.0,0.023576649,0.0016332546,0.00202665,0.6314667,0.09182531,0.24947147,True,79309835765643595,720575940635075738,79309835765653462,720575940628800207,[505248 279924 145840],[505264 280016 145840]
208865498,2021-03-09 20:14:58.183080+00:00,,True,66.38998,160.0,0.9991295,6.196668e-05,0.0006627239,1.4312377e-09,0.00014470493,1.1742949e-06,True,78674524136586752,720575940622160705,78674524136557832,720575940653053601,[467128 161980 138400],[467048 161916 138360]
217983692,2021-03-09 20:14:58.183080+00:00,,True,60.006905,60.0,0.008842839,0.61444896,0.17989306,0.0038375566,0.02777929,0.16519827,True,78322611629198382,720575940505153859,78322611629189833,720575940620328828,[448220 155412 121640],[448112 155296 121600]
90302891,2021-03-09 20:14:58.183080+00:00,,True,11.457277,154.0,0.00062545115,0.9986916,1.4719072e-05,1.8428782e-05,8.729716e-06,0.0006411173,True,80012629854849064,720575940637388004,80012629854867953,720575940615899622,[545264 226412 164320],[545168 226536 164320]
97392084,2021-03-09 20:14:58.183080+00:00,,True,481.09238,143.0,0.0054118107,0.9924171,8.100671e-06,1.4182336e-06,0.0008570415,0.0013045872,True,80013316847808884,720575940612664273,80013316847820586,720575940642027464,[544536 264760  88320],[544652 264812  88320]
124065953,2021-03-09 20:14:58.183080+00:00,,True,80.62071,146.0,4.4915203e-05,0.03534219,1.1073581e-09,1.5233077e-12,0.9575279,0.007085027,True,80154535372417168,720575940612664273,80154535372405253,720575940615899622,[556336 296728  85120],[556344 296608  85160]
217983575,2021-03-09 20:14:58.183080+00:00,,True,37.507538,143.0,0.0024692377,0.95583457,0.015307834,3.2969183e-05,0.003828028,0.022527298,True,78322611629189760,720575940625955992,78322611629181390,720575940620328828,[449740 154864 121120],[449688 154996 121080]
217997902,2021-03-09 20:14:58.183080+00:00,,True,172.7423,138.0,0.0037748883,0.23000696,0.01420394,5.1055963e-07,0.7323642,0.0196495,True,78181874140865712,720575940626717461,78181874140860525,720575940620328828,[440364 155392 121920],[440296 155308 121880]
159592993,2021-03-09 20:14:58.183080+00:00,,True,278.79727,73.0,0.0010346093,0.96355903,1.1688616e-05,0.0062583787,5.050814e-05,0.029085822,True,80294517214925612,720575940623682195,80294517214929390,720575940613998860,[564192 249820 166120],[564252 249744 166120]
217997903,2021-03-09 20:14:58.183080+00:00,,True,217.13939,139.0,0.0012546995,0.036834784,0.0072128577,3.4400557e-07,0.9451197,0.00957759,True,78181874140865712,720575940626717461,78181874140860525,720575940620328828,[440408 155368 121960],[440284 155240 121960]
217997910,2021-03-09 20:14:58.183080+00:00,,True,967.45905,139.0,0.011654953,0.9264055,0.00035677178,1.1249434e-05,0.05466483,0.006906754,True,78181874140875427,720575940626717461,78181874140856850,720575940620328828,[439560 155560 122040],[439584 155372 122000]
79869733,2021-03-09 20:14:58.183080+00:00,,True,8.607615,130.0,0.0015497578,0.93323505,0.005781864,1.3737837e-08,0.0068839346,0.05254938,True,80295410233050858,720575940612664273,80295410233040959,720575940615899622,[561468 304720  78040],[561380 304712  78040]
242731578,2021-03-09 20:14:58.183080+00:00,,True,235.27625,142.0,0.0021165041,0.054091495,0.86691135,1.0463568e-06,0.075821005,0.001058619,True,80153436062462599,720575940626727301,80153436062463956,720575940615899622,[555916 229024 157800],[555932 229096 157760]
47469035,2021-03-09 20:14:58.183080+00:00,,True,274.9589,148.0,0.021914277,0.71331096,0.18230487,0.0030225804,0.010691391,0.06875598,True,80364198697346050,720575940618635072,80364198697345962,720575940623222712,[566808 210780 149560],[566816 210644 149560]
165647887,2021-03-09 20:14:58.183080+00:00,,True,186.16496,105.0,0.021172114,0.73016113,0.041645486,0.0001470376,0.18236935,0.024504904,True,79519361517942049,720575940624152051,79519361517944617,720575940632409130,[519040 183016 184520],[519024 183168 184520]
221936472,2021-03-09 20:14:58.183080+00:00,,True,13.407195,0.0,0.09678472,0.71355706,0.04713414,0.015685726,0.102186926,0.02465151,True,79943223048649688,720575940624402173,79943223048657044,720575940642027464,[543656 281692 108680],[543632 281776 108680]
126850929,2021-03-09 20:14:58.183080+00:00,,True,57.999992,139.0,0.048707925,0.17899473,0.6769083,0.061462425,0.012424379,0.021502133,True,79872922957238325,720575940626981157,79872922957241053,720575940642027464,[536656 285360 100160],[536756 285428 100160]
221936464,2021-03-09 20:14:58.183080+00:00,,True,10.519317,0.0,0.38179177,0.07440956,0.02376474,0.08142077,0.3032021,0.13541101,True,79943223048647214,720575940419080399,79943223048657044,720575940642027464,[543624 281696 108480],[543616 281760 108560]
220597067,2021-03-09 20:14:58.183080+00:00,,True,193.50677,0.0,0.007854572,0.0029465612,0.0007375868,0.012203936,0.71267974,0.26357758,True,79380410534160309,720575940619757366,79380410534160262,720575940628800207,[510928 290404 107920],[510984 290228 107920]
242591077,2021-03-09 20:14:58.183080+00:00,,True,376.9397,147.0,3.1393488e-06,1.231483e-05,1.3853054e-07,2.5441082e-11,0.99996305,2.1374257e-05,True,79309835766004624,720575940614648273,79309835766002186,720575940632409130,[503572 279000 156720],[503488 279096 156680]
50139823,2021-03-09 20:14:58.183080+00:00,,True,377.89325,146.0,0.9677173,0.0056198672,0.026536139,2.8613988e-05,2.358315e-05,7.4506395e-05,True,79239535539917850,720575940630619719,79239535539910273,720575940653053601,[499640 283532  92840],[499548 283564  92840]
50139813,2021-03-09 20:14:58.183080+00:00,,True,28.8781,144.0,0.9361685,0.029333483,0.03372472,7.166649e-05,0.00015835786,0.00054324046,True,79239535539917850,720575940630619719,79239535539910273,720575940653053601,[499652 283520  92800],[499536 283528  92760]
84837563,2021-03-09 20:14:58.183080+00:00,,True,157.57298,67.0,0.005241019,0.99038017,0.0013570148,0.0012568062,0.00013661693,0.0016283852,True,80223942245644779,720575940609695683,80223942245663646,720575940625963432,[558216 239716 159560],[558316 239688 159560]
132338257,2021-03-09 20:14:58.183080+00:00,,True,179.8104,148.0,0.02144493,0.022980355,0.9445923,0.00015581612,0.010020245,0.0008063538,True,79943223048540702,720575940643325581,79943223048534871,720575940642027464,[541040 284712 105400],[541136 284672 105360]
191231730,2021-03-09 20:14:58.183080+00:00,,True,58.594257,0.0,0.035230834,0.010346319,0.0026393193,0.65317804,0.22831963,0.07028591,True,80083754512693620,720575940640356149,80083754512684229,720575940615899622,[552076 272752 146920],[552208 272784 146960]
132338273,2021-03-09 20:14:58.183080+00:00,,True,391.9524,145.0,0.023165572,0.026173523,0.9436935,0.0013603896,0.0036958072,0.001911166,True,79943223048540768,720575940643325581,79943223048534871,720575940642027464,[541008 284760 105480],[541136 284736 105440]
124905851,2021-03-09 20:14:58.183080+00:00,,True,13.476122,1.0,0.90586394,0.012534073,0.05797943,0.0012717694,0.0031641556,0.019186698,True,80154604091884705,720575940621667693,80154604091873183,720575940615899622,[556392 299052  84760],[556444 299000  84760]
117204404,2021-03-09 20:14:58.183080+00:00,,True,104.49847,147.0,0.0004540364,0.9954438,2.9117191e-05,0.0039193127,6.899874e-07,0.00015297401,True,80574892546317910,720575940619896711,80574892546315050,720575940625963432,[581024 185188 141640],[580896 185088 141600]
82910942,2021-03-09 20:14:58.183080+00:00,,True,49.136116,140.0,0.13043013,0.4575963,0.16584198,0.0019930082,0.028439265,0.2156993,True,80013523006345559,720575940643325581,80013523006340585,720575940615899622,[547572 279856  91280],[547648 279772  91320]
153776489,2021-03-09 20:14:58.183080+00:00,,True,199.37987,150.0,0.03952008,0.8951945,0.015176739,0.01402141,0.0128747905,0.023212403,True,80013454286980270,720575940643325581,80013454286963262,720575940615899622,[546264 276740  94240],[546280 276644  94200]
225890818,2021-03-09 20:14:58.183080+00:00,,True,123.3014,0.0,0.033219125,0.54198205,0.04029335,0.026555873,0.17619947,0.18175012,True,78604017953364775,720575940635963054,78604017953358565,720575940653053601,[465812 153308 136600],[465776 153384 136560]
212237218,2021-03-09 20:14:58.183080+00:00,,True,18.221697,0.0,0.34566775,0.30814886,0.21965735,0.024418559,0.03258272,0.06952476,True,78744755441313158,720575940622160705,78744755441323393,720575940620328828,[471668 153384 123960],[471656 153272 123960]
82910934,2021-03-09 20:14:58.183080+00:00,,True,66.32823,110.0,0.15372166,0.6419749,0.11900399,0.000111798094,0.019011367,0.06617629,True,80013523006345559,720575940643325581,80013523006340585,720575940615899622,[547544 279976  91240],[547664 279984  91320]
226634136,2021-03-09 20:14:58.183080+00:00,,True,154.68646,124.0,0.036443584,0.0368272,0.8917934,0.00010411791,0.0014578118,0.033373877,True,80083754445959273,720575940628236554,80083754445954528,720575940623222712,[551404 271544 137440],[551408 271680 137440]
153776494,2021-03-09 20:14:58.183080+00:00,,True,167.4922,138.0,0.043179102,0.8164806,0.009036151,0.03853629,0.051119477,0.04164838,True,80013454286980270,720575940643325581,80013454286963262,720575940615899622,[546256 276688  94280],[546284 276592  94240]
227945294,2021-03-09 20:14:58.183080+00:00,,True,496.73422,148.0,0.001587128,0.0004235697,0.9979724,3.2656047e-07,2.3527273e-06,1.4095432e-05,True,80083617006986816,720575940628236554,80083617006984278,720575940623222712,[550704 262668 136720],[550748 262576 136720]
227691096,2021-03-09 20:14:58.183080+00:00,,True,437.09085,125.0,2.3600594e-10,2.3632862e-07,0.99999976,2.9304735e-16,5.936272e-16,1.9747968e-15,True,78533786648139375,720575940616865025,78533786648140562,720575940653053601,[462112 159900 136360],[462016 159816 136320]
228062361,2021-03-09 20:14:58.183080+00:00,,True,377.6136,137.0,0.0013257166,0.9365826,0.00074700825,4.0730106e-06,5.5029657e-05,0.061285596,True,80013179543334029,720575940629780858,80013179543333997,720575940615899622,[548160 257864 136800],[548120 257696 136760]
227912244,2021-03-09 20:14:58.183080+00:00,,True,212.73676,4.0,0.012118717,0.00010169846,1.4610393e-05,0.97557276,0.010544106,0.0016479732,True,80013248262760729,720575940612651693,80013248262792825,720575940615899622,[545776 262188 136200],[545848 262272 136200]
229375366,2021-03-09 20:14:58.183080+00:00,,True,32.641346,0.0,0.040573657,0.0319011,0.0019223817,0.04956225,0.22214253,0.6538981,True,79309079918744272,720575940626377349,79309079918734647,720575940636254810,[504648 233036 172520],[504584 233036 172400]
170841965,2021-03-09 20:14:58.183080+00:00,,True,58.08654,71.0,0.031841267,0.124351114,0.006913763,0.00899182,0.741486,0.08641602,True,81280229456839221,720575940622474868,81280229456842066,720575940615899622,[622176 281096 201200],[622144 281184 201200]
87189915,2021-03-09 20:14:58.183080+00:00,,True,126.93208,22.0,0.30002093,0.076921865,0.6009399,0.004317439,0.006294247,0.011505522,True,79519979925941176,720575940627290129,79519979925947918,720575940628800207,[517016 223704 158400],[516912 223740 158400]
242977208,2021-03-09 20:14:58.183080+00:00,,True,9.538528,0.0,0.001392758,0.00035444798,2.1752217e-05,0.7699339,0.2254845,0.0028127162,True,79379929632294361,720575940633631396,79379929632292763,720575940628800207,[509760 260868 156360],[509716 260732 156400]
228842537,2021-03-09 20:14:58.183080+00:00,,True,220.9143,149.0,0.013284609,0.77091074,0.025868487,2.4440328e-06,0.001167292,0.1887664,True,81421310475148612,720575940623936304,81421310475141387,720575940625963432,[628512 304688 171960],[628336 304612 171960]
232021626,2021-03-09 20:14:58.183080+00:00,,True,128.27309,0.0,0.0020632779,0.0016126625,3.868107e-05,0.21855018,0.75870144,0.019033816,True,78746611001968410,720575940616649845,78746611001952647,720575940628800207,[472520 262096 181200],[472368 262056 181160]
231954612,2021-03-09 20:14:58.183080+00:00,,True,597.5568,145.0,0.0055949274,0.039898563,0.9516099,0.00014429644,0.00024684978,0.0025054263,True,79308049126860058,720575940623293171,79308049126860084,720575940632409130,[505756 173668 180960],[505648 173708 180960]
232021627,2021-03-09 20:14:58.183080+00:00,,True,46.341805,0.0,0.0009578749,0.0004684637,1.6217702e-05,0.099184036,0.887145,0.012228423,True,78746611001960527,720575940582982477,78746611001952647,720575940628800207,[472428 262120 181200],[472280 262112 181200]
46608695,2021-03-09 20:14:58.183080+00:00,,True,110.769615,0.0,0.33010143,0.033114918,0.005924076,0.089651115,0.38769817,0.1535103,True,80293898672677579,720575940629855787,80293898672669650,720575940623222712,[562144 214724 150640],[562152 214544 150600]
232756600,2021-03-09 20:14:58.183080+00:00,,True,36.977722,0.0,0.1034673,0.019745711,0.038709596,0.2686193,0.16574095,0.40371707,True,81421241755942433,720575940632009157,81421241755949159,720575940625963432,[629640 299764 181040],[629664 299660 181040]
232069386,2021-03-09 20:14:58.183080+00:00,,True,53.972874,11.0,0.009541029,0.8759651,0.0042207446,1.6098415e-05,0.0008254628,0.10943151,True,80012148885450492,720575940623744236,80012148885450438,720575940615899622,[546636 196888 179760],[546688 196820 179840]
233778840,2021-03-09 20:14:58.183080+00:00,,True,29.734581,0.0,0.07561044,0.17361839,0.0076414184,0.031950023,0.6623568,0.048822943,True,80365779446900797,720575940613998860,80365779446896224,720575940625963432,[565800 303240 220240],[565600 303088 220200]
25387856,2021-03-09 20:14:58.183080+00:00,,True,271.537,123.0,0.007770278,0.75106955,0.22683221,0.00092301617,0.00032914671,0.013075794,True,79449748620861527,720575940644496288,79449748620846953,720575940653053601,[513296 231560 162760],[513168 231600 162760]
233786416,2021-03-09 20:14:58.183080+00:00,,True,20.087423,0.0,0.006816942,0.01253816,0.00031688396,0.019899419,0.9508523,0.009576283,True,80365779446900797,720575940613998860,80365779446897465,720575940615899622,[565696 303404 220320],[565544 303388 220320]
234388856,2021-03-09 20:14:58.183080+00:00,,True,8.591938,0.0,0.033648267,0.011312936,0.001841308,0.11214718,0.6256123,0.21543796,True,80365779446909949,720575940633201400,80365779446906790,720575940623222712,[565448 304676 220720],[565248 304644 220720]
209286541,2021-03-09 20:14:58.183080+00:00,,True,331.4326,150.0,0.010438005,0.91764355,0.0055544786,0.00283463,0.0013765689,0.062152777,True,78603949233969364,720575940625083061,78603949233961803,720575940653053601,[466512 149920 138640],[466420 149808 138640]
24499162,2021-03-09 20:14:58.183080+00:00,,True,117.25194,137.0,0.39749184,0.07465515,0.06688252,0.45175335,0.0038060783,0.0054110014,True,79166967974067341,720575940619637056,79166967974072852,720575940632409130,[498884 152920 162080],[498908 152800 162040]
46812203,2021-03-09 20:14:58.183080+00:00,,True,58.20063,62.0,0.012582365,0.95141673,0.005494037,0.0011151286,0.0015163847,0.027875386,True,80012423695989260,720575940644496288,80012423695980243,720575940632409130,[545544 213028 150840],[545648 213096 150800]
136444705,2021-03-09 20:14:58.183080+00:00,,True,837.7997,145.0,0.94119334,0.006323699,0.0491902,2.4503242e-06,0.000844776,0.0024455674,True,78815330411585198,720575940620494529,78815330411586589,720575940632409130,[478624 164144 161160],[478552 164196 161160]
235463434,2021-03-09 20:14:58.183080+00:00,,True,234.7446,71.0,0.007787927,0.98518133,0.0070078275,3.7471526e-08,9.457355e-06,1.3369099e-05,True,78181874140792244,720575940627827450,78181874140788368,720575940620328828,[441068 155204 119640],[441176 155164 119640]
34823438,2021-03-09 20:14:58.183080+00:00,,True,167.7682,148.0,0.003552043,0.0004312826,0.008848652,0.00011861911,0.66919404,0.3178554,True,78533786648135942,720575940629749308,78533786648135860,720575940653053601,[461716 159896 136080],[461680 159784 136040]
71151083,2021-03-09 20:14:58.183080+00:00,,True,73.14102,0.0,0.11220236,0.10422752,0.003090998,0.057555392,0.551541,0.17138274,True,80154260695869896,720575940614581410,80154260695891627,720575940613998860,[552840 279020 148480],[552784 278944 148480]
235463378,2021-03-09 20:14:58.183080+00:00,,True,132.2451,140.0,0.006205687,0.93330604,0.0005869882,4.9886712e-05,0.0045022108,0.055349205,True,78181874140754364,720575940648981881,78181874140779120,720575940620328828,[441964 154840 119360],[441992 154952 119360]
227691075,2021-03-09 20:14:58.183080+00:00,,True,5.7404943,95.0,0.0034817995,0.000799637,0.016080596,0.0002534411,0.6435693,0.3358152,True,78533786648135942,720575940629749308,78533786648130051,720575940653053601,[461676 159876 136120],[461652 159756 136160]
239008340,2021-03-09 20:14:58.183080+00:00,,True,40.42778,0.0,0.09518917,0.39162505,0.00036473278,0.10459956,0.36736837,0.0408532,True,81421860231099992,720575940623776235,81421860231078785,720575940613998860,[627520 338064 175280],[627416 338248 175240]
239807173,2021-03-09 20:14:58.183080+00:00,,True,83.19447,1.0,0.0026683325,0.0033410187,0.00611348,0.008911729,0.94973356,0.029231869,True,80365023398344043,720575940626888250,80365023398353427,720575940615899622,[568888 260336 175280],[568948 260280 175320]
238281965,2021-03-09 20:14:58.183080+00:00,,True,54.45879,16.0,0.006352497,0.016998919,0.0047225086,0.011703903,0.7537082,0.20651397,True,79098111125256621,720575940626377349,79098111125252720,720575940628800207,[493428 242636 175440],[493460 242700 175440]
110647060,2021-03-09 20:14:58.183080+00:00,,True,106.194176,0.0,0.083170496,0.37440833,0.059012745,0.032372635,0.2310877,0.21994808,True,81491404341654494,720575940612358642,81491404341660286,720575940615899622,[634092 286832 179160],[633940 286788 179160]
240999372,2021-03-09 20:14:58.183080+00:00,,True,98.94632,0.0,0.012450369,0.013528048,0.0033499023,0.031670418,0.78200877,0.15699247,True,81421516566635660,720575940626969191,81421516566638099,720575940625963432,[627020 316700 156400],[627020 316680 156400]
240247511,2021-03-09 20:14:58.183080+00:00,,True,41.3149,0.0,0.07550805,0.043080933,0.017561074,0.0048894812,0.780037,0.07892353,True,80082929879298032,720575940613018786,80082929879307013,720575940615899622,[549436 221752 156600],[549516 221676 156640]
239879895,2021-03-09 20:14:58.183080+00:00,,True,34.6212,75.0,0.021393763,0.7830011,0.041617792,0.00040808928,0.032589626,0.120989665,True,80365229556830289,720575940636209897,80365229556813843,720575940613998860,[568100 272044 174800],[568044 271912 174760]
241342494,2021-03-09 20:14:58.183080+00:00,,True,5.7172766,146.0,0.0008442297,0.12561335,0.35138154,2.4280548e-06,0.5173105,0.0048479824,True,80224354562419023,720575940609695683,80153985818261496,720575940625963432,[556808 263508 157040],[556664 263508 157000]
241105551,2021-03-09 20:14:58.183080+00:00,,True,418.73672,146.0,0.0004211178,0.00120878,0.99828655,2.8230534e-05,1.875306e-05,3.6514353e-05,True,79379173718089866,720575940618635072,79379173718084711,720575940653053601,[508020 219540 157480],[507968 219600 157480]
241511034,2021-03-09 20:14:58.183080+00:00,,True,50.794388,147.0,0.0035526042,0.9949976,5.1993997e-05,0.00025716703,0.00023334382,0.0009072477,True,80574686454813746,720575940624718060,80574686454830550,720575940625963432,[578384 172752 156280],[578368 172632 156280]
240091342,2021-03-09 20:14:58.183080+00:00,,True,15.274804,2.0,0.17633367,0.21457683,0.46919653,7.099542e-05,0.04856479,0.09125718,True,80715286504237852,720575940630439471,80715286504243246,720575940625963432,[586332 164096 157040],[586436 164120 157080]
29295901,2021-03-09 20:14:58.183080+00:00,,True,5.7207212,137.0,0.7225303,0.014989331,0.25777918,2.882987e-05,0.0003025221,0.0043697953,True,80224766611009564,720575940632012243,80224766611027683,720575940615899622,[559564 285240  80280],[559688 285304  80320]
5114309,2021-03-09 20:14:58.183080+00:00,,True,210.18335,174.0,0.00037524366,0.99041146,4.184485e-05,0.001216345,4.157553e-06,0.007950947,True,79168548588683377,720575940623682195,79168548588680585,720575940620328828,[498956 248148 168280],[499060 248184 168200]
242021337,2021-03-09 20:14:58.183080+00:00,,True,180.01392,140.0,0.013991909,0.68376493,0.04005463,0.00044090018,0.04606531,0.21568239,True,80153710940366751,720575940613235865,80153710940366756,720575940613998860,[554444 246868 157800],[554384 246800 157760]
242021368,2021-03-09 20:14:58.183080+00:00,,True,234.57474,140.0,0.00738281,0.95749456,0.0039115804,0.0011203638,0.0027876268,0.027303053,True,80153710940366751,720575940613235865,80153710940366756,720575940613998860,[554308 246944 157960],[554188 246928 157920]
242085744,2021-03-09 20:14:58.183080+00:00,,True,340.851,151.0,0.008143153,0.03193451,0.95429176,0.0025990491,0.00017595249,0.0028556397,True,79308804973879704,720575940611982997,79308804973883648,720575940653053601,[505544 216220 156800],[505440 216240 156760]
242072808,2021-03-09 20:14:58.183080+00:00,,True,46.371426,3.0,0.03534957,0.015627904,0.83525133,0.03147688,0.059244145,0.02305022,True,79308804973886057,720575940585084048,79308804973882291,720575940620328828,[504160 215876 156960],[504036 215944 156960]
242444399,2021-03-09 20:14:58.183080+00:00,,True,106.55318,0.0,0.07395992,0.72890973,0.06462515,0.0046427394,0.059156902,0.068705656,True,80154123257210282,720575940631153455,80154123257215595,720575940625963432,[554552 269172 156840],[554472 269248 156800]
242940980,2021-03-09 20:14:58.183080+00:00,,True,188.82793,30.0,0.065961644,0.04865859,0.8331656,0.001954706,0.015995562,0.03426391,True,79097561302368609,720575940611982997,79097561302365034,720575940653053601,[495056 209488 156600],[495052 209484 156520]
98323531,2021-03-09 20:14:58.183080+00:00,,True,98.70999,149.0,0.0011530753,0.9262045,9.27413e-06,2.3011995e-05,0.00079378363,0.07181641,True,79098935490290946,720575940625102692,79098935490290961,720575940628800207,[494920 289864  85920],[495000 290016  85920]
190060032,2021-03-09 20:14:58.183080+00:00,,True,520.8943,143.0,0.004316346,0.9461525,2.0288498e-05,2.116849e-05,0.0034110213,0.04607871,True,80574823893461582,720575940636633998,80574823893465674,720575940625963432,[577904 182568 147440],[577796 182496 147400]
80040506,2021-03-09 20:14:58.183080+00:00,,True,56.43425,155.0,0.11463572,0.0072694994,0.042316087,0.00012364761,0.086310565,0.74934447,True,79309904217164954,720575940630664556,79309904217173674,720575940653053601,[506128 281176  77760],[506052 281272  77800]
44442554,2021-03-09 20:14:58.183080+00:00,,True,266.7381,143.0,0.02703394,0.10087362,0.7235444,0.03762137,0.019963492,0.09096313,True,79450229656916378,720575940628755815,79450229656916316,720575940628800207,[512168 258560 154480],[512232 258480 154480]
193820098,2021-03-09 20:14:58.183080+00:00,,True,26.805462,30.0,0.0013638849,0.9918572,4.2280018e-07,8.291445e-06,0.0034382823,0.0033319192,True,79309904418540260,720575940639242303,79380273162713105,720575940653053601,[507564 281516 140200],[507624 281472 140240]
144523306,2021-03-09 20:14:58.183080+00:00,,True,672.2871,144.0,0.018871354,0.8700354,0.00020103878,3.8557908e-05,0.019084584,0.091769025,True,80154191976651999,720575940617569931,80154191976643477,720575940625963432,[554468 274144 155720],[554448 274032 155720]
126850936,2021-03-09 20:14:58.183080+00:00,,True,189.28804,144.0,0.06734904,0.05778568,0.8714145,7.2855444e-05,0.0012851469,0.0020927961,True,79872922957238325,720575940626981157,79872922957241053,720575940642027464,[536632 285388 100240],[536720 285424 100240]
228062447,2021-03-09 20:14:58.183080+00:00,,True,786.8115,142.0,0.000726867,0.82882553,5.8661003e-06,6.7349524e-06,8.0209575e-05,0.17035477,True,80083548287509274,720575940629780858,80083548287525539,720575940615899622,[548816 258132 137240],[548948 258128 137240]
243536393,2021-03-09 20:14:58.183080+00:00,,True,24.95937,0.0,0.009287315,0.001119543,0.0003300944,0.2835889,0.6963195,0.009354623,True,80225042025261274,720575940625806152,80225042025266242,720575940642027464,[558148 303664 227880],[558300 303632 227880]
9282689,2021-03-09 20:14:58.183080+00:00,,True,66.18576,144.0,0.2704651,0.09563319,0.62856734,0.00035130436,0.001531117,0.0034519099,True,80154191976291991,720575940628755815,80154191976307763,720575940615899622,[552964 274628 145760],[553048 274452 145760]
144463579,2021-03-09 20:14:58.183080+00:00,,True,10.529627,152.0,0.099016994,0.40638733,0.22928137,0.0036110587,0.08280692,0.17889638,True,79379929632264288,720575940628755815,79379929632278555,720575940628800207,[511092 262464 155760],[510988 262404 155760]
115897738,2021-03-09 20:14:58.183080+00:00,,True,140.93869,1.0,0.4276692,0.055597905,0.35235995,0.009270947,0.032165784,0.122936256,True,80574961265770774,720575940624705514,80574961265769395,720575940625963432,[581144 187928 141560],[581000 187860 141560]
144632689,2021-03-09 20:14:58.183080+00:00,,True,285.00342,114.0,0.1435989,0.10065365,0.741632,0.00029671358,0.0010273734,0.0127913635,True,79450229656916310,720575940628755815,79450229656922124,720575940628800207,[512088 258492 154760],[512200 258488 154760]
3242328,2021-03-09 20:14:58.183080+00:00,,True,185.01593,0.0,0.08950317,0.71765226,0.00724231,0.001805465,0.057743657,0.12605312,True,80577160490227108,720575940640325429,80577160490235881,720575940613998860,[579796 321084 198440],[579704 320940 198440]
153776506,2021-03-09 20:14:58.183080+00:00,,True,373.6361,146.0,0.09667579,0.7822311,0.045132227,0.035113152,0.017924126,0.022923611,True,80013454286985134,720575940643325581,80013454286977726,720575940615899622,[546144 276556  94480],[546164 276432  94440]
68964474,2021-03-09 20:14:58.183080+00:00,,True,111.61148,0.0,0.17982471,0.026913509,0.025131585,0.0772353,0.45380592,0.23708902,True,80715973698732411,720575940623122125,80645604954563163,720575940642027464,[585424 205300 148800],[585400 205148 148760]
68964475,2021-03-09 20:14:58.183080+00:00,,True,109.243935,0.0,0.07277717,0.010298578,0.014305844,0.25497544,0.3435612,0.30408177,True,80645604954565770,720575940623122125,80645604954565744,720575940642027464,[585348 205364 148800],[585308 205176 148800]
139128652,2021-03-09 20:14:58.183080+00:00,,True,13.386836,47.0,0.01859754,0.9745214,0.0029894642,0.00081519794,4.3785094e-05,0.0030327123,True,79449679901301634,720575940618807454,79449679901303005,720575940653053601,[515144 227344 160440],[515248 227432 160440]
142876505,2021-03-09 20:14:58.183080+00:00,,True,319.5349,143.0,0.021951701,0.018510325,0.95533824,0.00086354825,0.0008809426,0.0024552187,True,79379929632230946,720575940616429825,79379929632247010,720575940628800207,[509948 264304 154760],[509888 264220 154760]
124005100,2021-03-09 20:14:58.183080+00:00,,True,460.07532,144.0,0.024642238,0.007234068,0.96544904,0.00053729437,0.00019270246,0.0019447372,True,80013729164600401,720575940643325581,80013729164585977,720575940615899622,[546544 291072  85320],[546440 291128  85320]
6635343,2021-03-09 20:14:58.183080+00:00,,True,106.04161,0.0,0.2525276,0.28289288,0.018409582,0.03611607,0.3898878,0.020166136,True,79943223182755764,720575940607255986,79943223182739724,720575940623222712,[543596 283604 145920],[543684 283524 145920]
97845719,2021-03-09 20:14:58.183080+00:00,,True,24.110128,136.0,0.019919915,0.035847813,0.014797127,0.0008913288,0.28203553,0.6465083,True,80154329214073944,720575940626391114,80154329214073943,720575940615899622,[553588 282784  88320],[553528 282924  88360]
138623188,2021-03-09 20:14:58.183080+00:00,,True,444.195,147.0,0.0011096247,0.0011017332,0.9977143,5.010974e-05,7.0326105e-06,1.7177208e-05,True,78885699155735543,720575940618369659,78885699155745937,720575940632409130,[479784 165408 161200],[479768 165512 161160]
89161565,2021-03-09 20:14:58.183080+00:00,,True,20.991398,14.0,0.035335615,0.73205477,0.1259572,0.00020845766,0.04379218,0.06265186,True,80224079684733895,720575940622022071,80224079684735167,720575940613998860,[559832 246528 163120],[559816 246608 163160]
101851113,2021-03-09 20:14:58.183080+00:00,,True,158.26172,73.0,0.00904225,0.002417033,0.9883238,5.7390538e-05,7.625602e-05,8.330595e-05,True,80223598648010029,720575940618369659,80223598648017921,720575940623222712,[560392 218012 151840],[560420 218116 151840]
189893175,2021-03-09 20:14:58.183080+00:00,,True,12.465933,0.0,0.9167686,0.06831354,2.2952856e-05,0.0069799363,0.005800644,0.0021142964,True,80083823232215532,720575940630956345,80083823232203029,720575940625963432,[552160 275912 147680],[552216 275828 147640]
195912411,2021-03-09 20:14:58.183080+00:00,,True,56.93115,0.0,0.99998,4.9485197e-06,8.492951e-09,1.1962821e-09,9.7212106e-11,1.51202175e-05,True,78536810506326922,720575940614843275,78536810506332999,720575940620328828,[459204 340548 194720],[459244 340356 194720]
46812193,2021-03-09 20:14:58.183080+00:00,,True,56.882008,143.0,0.0006064394,0.992014,7.337704e-06,0.00013823067,1.3487964e-06,0.007232685,True,80012423695969970,720575940630247579,80012423695975158,720575940632409130,[545656 213748 150800],[545704 213720 150760]
124972374,2021-03-09 20:14:58.183080+00:00,,True,126.65387,113.0,0.0005514089,0.2963512,0.0055111903,1.6001212e-07,0.6142803,0.08330575,True,80083960469789544,720575940638041459,80083960469815101,720575940615899622,[551280 281244  85400],[551284 281376  85400]
112932973,2021-03-09 20:14:58.183080+00:00,,True,163.66476,0.0,0.0803941,0.009552102,0.0036627264,0.12546062,0.61674386,0.16418663,True,79379448662950451,720575940628353947,79379448662944475,720575940632409130,[509884 233628 173520],[509744 233512 173480]
136594467,2021-03-09 20:14:58.183080+00:00,,True,51.951164,68.0,0.13973661,0.03574293,0.81380546,0.0039522946,0.0040050964,0.0027575812,True,79590348670211141,720575940417914750,79590348670203563,720575940628800207,[520928 220964 161000],[521016 221016 161000]
143584870,2021-03-09 20:14:58.183080+00:00,,True,180.2734,143.0,0.05787863,0.001716856,0.9403532,6.0925e-07,2.1085902e-05,2.9686018e-05,True,79660579975240730,720575940639172585,79660579975234513,720575940628800207,[524400 215024 155240],[524448 215112 155240]
227690956,2021-03-09 20:14:58.183080+00:00,,True,306.93,107.0,0.0014270555,0.9747209,0.0002569652,0.008524763,1.6826036e-05,0.015053541,True,78674524136519733,720575940630211900,78674524136507109,720575940653053601,[467056 160712 136920],[466948 160700 136880]
46586970,2021-03-09 20:14:58.183080+00:00,,True,268.84912,12.0,0.06617819,0.12830685,0.7800168,0.0025110163,0.009620047,0.01336709,True,80153229903808960,720575940628236554,80153229903812465,720575940625963432,[555100 216852 151000],[555036 216732 150960]
193820058,2021-03-09 20:14:58.183080+00:00,,True,135.79086,1.0,0.02880079,0.8730401,0.0033820474,0.00025154284,0.087723866,0.0068017202,True,79309835699051437,720575940639242303,79309835699043532,720575940653053601,[506792 280604 139920],[506744 280504 139920]
4142472,2021-03-09 20:14:58.183080+00:00,,True,158.80084,43.0,0.0007755974,0.014850314,0.98403615,5.738958e-06,8.7195556e-05,0.00024491124,True,79309079918614982,720575940610985434,79309079918625814,720575940628800207,[505088 235352 168840],[505004 235380 168840]
144474255,2021-03-09 20:14:58.183080+00:00,,True,71.633446,0.0,0.0083428705,0.110370204,0.0009294183,0.34630352,0.4386238,0.09543013,True,79379929632291381,720575940622237466,79379929632272659,720575940636254810,[508052 260772 155800],[508236 260688 155800]
159016926,2021-03-09 20:14:58.183080+00:00,,True,66.930954,128.0,0.24009894,0.020973086,0.71914065,0.0015096319,0.0025445465,0.015733164,True,80294448495456126,720575940627798910,80294448495458696,720575940623222712,[561376 246656 166320],[561356 246548 166320]
24101098,2021-03-09 20:14:58.183080+00:00,,True,20.134117,146.0,0.7466829,0.08351768,0.16809127,0.00015248533,0.0005026997,0.0010529845,True,79590348670260242,720575940628387587,79590348670263877,720575940628800207,[520604 221984 162840],[520568 221864 162840]
43071738,2021-03-09 20:14:58.183080+00:00,,True,6.6707244,147.0,1.2747305e-05,4.548696e-06,0.9999825,2.4164862e-07,1.538624e-08,2.3252767e-08,True,80083823232379927,720575940627447427,80083823232391203,720575940613998860,[552312 276556 153360],[552200 276608 153360]
152551300,2021-03-09 20:14:58.183080+00:00,,True,78.2649,57.0,0.023073446,0.9203393,0.0009181629,1.7336351e-05,0.030666873,0.024984939,True,80013316847836188,720575940636263543,80013316847851235,720575940642027464,[547224 267040  89160],[547328 267004  89160]
89162073,2021-03-09 20:14:58.183080+00:00,,True,34.67461,151.0,0.0073147346,0.46394536,0.000503874,5.951213e-05,0.28015158,0.24802494,True,79309354729941086,720575940643446638,79309354729941229,720575940628800207,[506308 248444 163680],[506236 248464 163680]
238853880,2021-03-09 20:14:58.183080+00:00,,True,68.25756,0.0,0.61991996,0.20754436,0.0053641153,0.0009835939,0.0004202726,0.16576767,True,81070153949144662,720575940623491987,81070153949140792,720575940623222712,[609620 343932 175240],[609596 343768 175240]
99320235,2021-03-09 20:14:58.183080+00:00,,True,289.04398,146.0,5.822515e-11,2.1984443e-08,1.0,2.9856533e-15,2.2078561e-09,5.5925084e-15,True,79450092016439847,720575940610708430,79450092016435497,720575940653053601,[514264 251440  86560],[514132 251524  86520]
43326841,2021-03-09 20:14:58.183080+00:00,,True,286.41052,2.0,0.0029434576,0.012391233,0.98323303,7.307421e-07,0.0010265489,0.00040499226,True,79942123671364118,720575940628939052,79942123671355423,720575940625963432,[543272 216536 153640],[543200 216400 153600]
202382742,2021-03-09 20:14:58.183080+00:00,,True,106.19477,0.0,0.04758281,0.37964877,0.21827842,0.015985869,0.26622683,0.07227724,True,78744824161074778,720575940621947302,78744824161048313,720575940620328828,[473184 156168 132360],[473160 156376 132360]
202382719,2021-03-09 20:14:58.183080+00:00,,True,58.802048,0.0,0.053623434,0.3304249,0.29928702,0.03569701,0.23705508,0.043912545,True,78744824161074778,720575940621947302,78744824161048313,720575940620328828,[473172 156160 132320],[473160 156336 132320]
225890854,2021-03-09 20:14:58.183080+00:00,,True,1217.4119,146.0,0.011710638,0.76970506,0.005399881,0.00026920933,0.09795809,0.11495721,True,78604017953363334,720575940625083061,78604017953362097,720575940653053601,[465216 152752 136840],[465180 152896 136840]
241511026,2021-03-09 20:14:58.183080+00:00,,True,441.38864,152.0,0.0065570422,0.9880107,0.00026586276,0.0009490326,0.00051038136,0.0037070368,True,80574686454823697,720575940624718060,80574686454823702,720575940625963432,[578332 172796 156280],[578272 172700 156280]
24375095,2021-03-09 20:14:58.183080+00:00,,True,22.100727,95.0,0.018872993,0.3329278,0.025678568,0.00022602343,0.60696745,0.015327144,True,79309904485660816,720575940613403378,79309904485659513,720575940632409130,[503744 282324 162600],[503856 282320 162680]
241362551,2021-03-09 20:14:58.183080+00:00,,True,162.01575,0.0,0.49696192,0.047223583,0.00033911533,0.028909141,0.23053005,0.19603623,True,79379929632321691,720575940636232932,79379998351799292,720575940620328828,[510548 264576 157320],[510536 264736 157280]
30729579,2021-03-09 20:14:58.183080+00:00,,True,43.403187,0.0,0.006344182,0.0076317335,0.0015746225,0.004829065,0.94950706,0.030113274,True,78888241977102674,720575940613668620,78888241977098775,720575940628800207,[479160 314180 205480],[479108 314152 205440]
30729580,2021-03-09 20:14:58.183080+00:00,,True,22.050203,0.0,0.021940853,0.01421646,0.0072715976,0.008991456,0.8574248,0.09015475,True,78888241977102674,720575940613668620,78888241977098775,720575940628800207,[479148 314148 205480],[479068 314160 205480]
241362547,2021-03-09 20:14:58.183080+00:00,,True,63.992317,0.0,0.012237152,0.0021204655,0.00011214934,0.20393613,0.70389134,0.07770274,True,79379929632320114,720575940636232932,79379929632312968,720575940620328828,[510488 264464 157200],[510520 264512 157120]
86564400,2021-03-09 20:14:58.183080+00:00,,True,16.28719,0.0,0.011805267,0.8514351,0.0019388434,0.004023554,0.0745571,0.056240052,True,80153779659883484,720575940615378700,80153779659887596,720575940613998860,[553716 251032 159080],[553696 251000 159160]
98345280,2021-03-09 20:14:58.183080+00:00,,True,12.397293,139.0,0.9811079,0.013443486,0.0053665023,1.4215889e-05,1.5927344e-05,5.199763e-05,True,80154329214019485,720575940625449554,80154329214004617,720575940615899622,[555788 284840  86200],[555772 284984  86200]
97988616,2021-03-09 20:14:58.183080+00:00,,True,245.40433,153.0,0.008063189,0.8134621,0.00052646425,0.000267291,0.0064458763,0.17123511,True,79450298174945006,720575940613871046,79450298174943558,720575940620328828,[515152 260668  88360],[515024 260692  88360]
67971800,2021-03-09 20:14:58.183080+00:00,,True,72.25149,0.0,0.05590694,0.036304772,0.00033053942,0.03654615,0.69636846,0.17454316,True,78184829346250725,720575940614190766,78184829346249255,720575940628800207,[441448 331936 187120],[441324 331888 187080]
63421494,2021-03-09 20:14:58.183080+00:00,,True,12.43885,65.0,0.009713075,0.9293329,0.0021385278,0.008111755,0.018064449,0.032639273,True,81491266969541612,720575940605924994,81491266969540267,720575940615899622,[632964 280892 191480],[633040 280804 191480]
98345290,2021-03-09 20:14:58.183080+00:00,,True,65.1465,41.0,0.6365743,0.19427718,0.16565138,7.048412e-05,0.0010598851,0.0023666823,True,80154329214017157,720575940625449554,80154329214004617,720575940615899622,[555772 284808  86240],[555764 284932  86280]
135572147,2021-03-09 20:14:58.183080+00:00,,True,29.875872,138.0,0.006039327,0.004124568,0.83118564,5.7924833e-08,0.012674531,0.14597586,True,80154466586169701,720575940625449554,80154466586179688,720575940615899622,[552920 291972  75800],[552952 292148  75720]
135572154,2021-03-09 20:14:58.183080+00:00,,True,82.272545,132.0,0.019155074,0.012827117,0.26763436,9.567577e-06,0.1519725,0.54840136,True,80154466586169701,720575940625449554,80154466586179688,720575940615899622,[552888 292012  75840],[552864 292184  75800]
144632694,2021-03-09 20:14:58.183080+00:00,,True,40.851566,48.0,0.053701334,0.6436895,0.014048216,2.8958733e-05,0.2882358,0.00029622228,True,79379860912789981,720575940605708478,79379860912786738,720575940628800207,[510448 258068 154720],[510556 258024 154760]
186087247,2021-03-09 20:14:58.183080+00:00,,True,246.40964,174.0,0.038057968,0.79042506,0.025488347,0.00035965073,0.044940557,0.100728475,True,80998754480134139,720575940618984431,80998754480125948,720575940625963432,[604644 284164 202200],[604572 284144 202160]
209717972,2021-03-09 20:14:58.183080+00:00,,True,26.873575,138.0,0.004402029,0.9599272,0.000103609505,5.715204e-06,0.009029355,0.026532017,True,79380273095292068,720575940627555590,79380273095293386,720575940628800207,[508056 283040 110560],[508080 283128 110520]
221442387,2021-03-09 20:14:58.183080+00:00,,True,136.61685,138.0,0.0017635186,0.99811804,6.805051e-06,3.442774e-05,2.6255844e-07,7.692568e-05,True,79309835631569416,720575940621031006,79309835631561611,720575940628800207,[506828 277156 108280],[506728 277232 108280]
162415321,2021-03-09 20:14:58.183080+00:00,,True,27.94403,0.0,0.0029389164,0.00022579123,0.0019589674,0.063726604,0.22921333,0.7019364,True,79098317283533915,720575940615607207,79098317283534990,720575940628800207,[492016 254808 170960],[492044 254704 170920]
221435449,2021-03-09 20:14:58.183080+00:00,,True,6.684801,61.0,0.03164769,0.3142419,0.0057836073,0.0022340915,0.62966764,0.016425068,True,79380204375746948,720575940628744023,79380204375738081,720575940628800207,[509352 278528 108680],[509304 278552 108600]
87040758,2021-03-09 20:14:58.183080+00:00,,True,52.293015,70.0,0.025506005,0.924941,0.0014560053,4.3797954e-05,0.045850486,0.0022027176,True,79379792193446501,720575940621031006,79379792193425823,720575940628800207,[508724 255152 159400],[508660 255056 159320]
8817833,2021-03-09 20:14:58.183080+00:00,,True,15.345076,0.0,0.18711643,0.1853958,0.0022764064,0.170159,0.40843683,0.046615556,True,79380273229326551,720575940621498296,79309904485117603,720575940628800207,[507712 281944 145840],[507576 281944 145840]
99238324,2021-03-09 20:14:58.183080+00:00,,True,23.021841,4.0,0.009359938,0.7938556,0.0016801924,0.019950675,0.0008515158,0.17430209,True,79099072929251481,720575940624535554,79099072929256580,720575940628800207,[494960 300664  86000],[494940 300568  86040]
99238296,2021-03-09 20:14:58.183080+00:00,,True,87.84328,9.0,0.38889846,0.18323445,0.38741332,0.0011504929,0.0036929704,0.035610296,True,79169441673418188,720575940624535554,79169441673423220,720575940628800207,[495388 301036  85880],[495464 301164  85840]
146021022,2021-03-09 20:14:58.183080+00:00,,True,39.665916,1.0,0.019092351,0.5349065,0.027522588,0.08024652,0.1029048,0.23532724,True,78533717861636910,720575940622054121,78533717861627488,720575940620328828,[460044 157284 118680],[459936 157208 118720]
99485238,2021-03-09 20:14:58.183080+00:00,,True,496.79626,141.0,0.0064094113,0.8606603,2.8813607e-05,1.3799762e-05,0.0019936736,0.13089398,True,79450298174879986,720575940613871046,79450298174892862,720575940620328828,[515528 261188  86920],[515412 261072  86920]
235476704,2021-03-09 20:14:58.183080+00:00,,True,88.74104,5.0,0.02374369,0.044306755,0.0020505502,0.0016512695,0.9130325,0.015215285,True,78674455350052120,720575940616487910,78674455350038055,720575940620328828,[467440 154288 120040],[467496 154176 120080]
115369038,2021-03-09 20:14:58.183080+00:00,,True,610.593,140.0,0.0018703693,0.986626,0.00060008216,0.0055279974,3.4184886e-05,0.005341374,True,80645398729436370,720575940625587642,80645398729449558,720575940625963432,[582252 193000 141440],[582356 192972 141400]
21021761,2021-03-09 20:14:58.183080+00:00,,True,131.61209,145.0,0.0010057002,0.84155554,3.4265355e-07,7.181882e-06,2.0021354e-05,0.15741111,True,79871548835984840,720575940625587642,79871548835982264,720575940615899622,[539608 206720 176960],[539564 206864 176960]
23961658,2021-03-09 20:14:58.183080+00:00,,True,437.51178,131.0,0.04487441,0.008726686,0.94177103,0.00019661839,0.002885046,0.0015461755,True,78815330411578618,720575940618369659,78815330411596128,720575940632409130,[478848 164492 161320],[478752 164444 161320]
83053008,2021-03-09 20:14:58.183080+00:00,,True,350.30383,145.0,0.001085732,0.9950481,3.706408e-07,1.8442031e-05,0.000102807055,0.0037443885,True,79169235515175779,720575940619453831,79169235515175774,720575940628800207,[497728 285816  91280],[497828 285840  91280]
16155554,2021-03-09 20:14:58.183080+00:00,,True,17.276287,0.0,0.079000324,0.010272572,0.0058732573,0.112869635,0.42576402,0.36622024,True,78395111012488903,720575940610995410,78395111012486352,720575940632409130,[451560 283264 216600],[451544 283068 216640]
102496281,2021-03-09 20:14:58.183080+00:00,,True,272.13855,71.0,0.0027455876,0.94480723,0.010042429,0.001415255,0.00011196303,0.04087755,True,79309835765861298,720575940609695683,79309835765867144,720575940632409130,[505872 277328 152360],[505888 277232 152360]
239269395,2021-03-09 20:14:58.183080+00:00,,True,120.67464,0.0,0.0007165877,8.160942e-05,2.2607224e-05,0.38024476,0.48431182,0.13462266,True,79307980407245208,720575940630124908,79307980407245189,720575940632409130,[503944 167796 176040],[503900 167740 175920]
242263355,2021-03-09 20:14:58.183080+00:00,,True,6.687423,155.0,0.008254228,0.88367033,0.033234525,0.00021838263,0.015225347,0.059397265,True,80644917760112779,720575940616536669,80644917760119157,720575940625963432,[584764 166028 157800],[584888 166112 157760]
102496338,2021-03-09 20:14:58.183080+00:00,,True,799.2031,152.0,0.01819667,0.8721413,0.025149126,0.0065424847,0.015041516,0.06292894,True,79309835765881876,720575940614321831,79309835765876358,720575940620328828,[506336 278664 152720],[506456 278628 152680]
240999490,2021-03-09 20:14:58.183080+00:00,,True,143.8198,74.0,0.011734764,0.9766039,0.0014216226,0.00020330463,0.0025254616,0.007510829,True,81421516566661386,720575940608646665,81421516566684243,720575940625963432,[626564 316824 157520],[626644 316944 157520]
242263367,2021-03-09 20:14:58.183080+00:00,,True,741.0615,156.0,0.0052110897,0.90343964,0.04216996,6.29281e-05,0.012558482,0.03655786,True,80644917760112779,720575940616536669,80644917760119157,720575940625963432,[584772 166056 157800],[584872 166152 157800]
188411253,2021-03-09 20:14:58.183080+00:00,,True,761.9011,146.0,0.39190227,0.14273429,0.43518898,4.9237e-05,0.0042228946,0.025902357,True,79730811280203486,720575940633984851,79730811280208263,720575940636254810,[530756 205408 147600],[530788 205336 147560]
116990907,2021-03-09 20:14:58.183080+00:00,,True,604.83734,150.0,0.00066924165,0.8447104,0.00047248602,1.7064815e-05,0.13293058,0.02120018,True,78603811795099786,720575940621603755,78603811795090680,720575940653053601,[465200 141788 142000],[465312 141816 142000]
85377107,2021-03-09 20:14:58.183080+00:00,,True,22.103998,0.0,0.02480366,0.20553076,0.12735102,0.00061965367,0.31127712,0.3304178,True,80154123257293820,720575940632986338,80154123257292419,720575940625963432,[555024 272156 159360],[554904 272192 159320]
136594204,2021-03-09 20:14:58.183080+00:00,,True,5.714212,56.0,0.0656516,0.0971093,0.79843056,0.0053863875,0.008767431,0.024654612,True,79519979926005348,720575940628236554,79519979925994356,720575940636254810,[519720 220752 159800],[519660 220664 159760]
47028347,2021-03-09 20:14:58.183080+00:00,,True,59.80373,156.0,0.0025158795,0.94785815,0.03204545,2.0063197e-05,0.0026350303,0.01492541,True,80083685793363383,720575940623992317,80083685793358679,720575940615899622,[552316 266580 151160],[552408 266488 151160]
103155962,2021-03-09 20:14:58.183080+00:00,,True,8.598038,139.0,0.0032408491,0.95314467,0.00852297,4.1845775e-05,0.0010993684,0.03395031,True,80154054537543043,720575940623992317,80154054537545589,720575940615899622,[552640 267344 151280],[552716 267440 151240]
103718523,2021-03-09 20:14:58.183080+00:00,,True,67.06592,98.0,0.030750215,0.41054842,0.39866346,0.011015303,0.026774514,0.12224816,True,80154191976541833,720575940630236988,80154191976532004,720575940625963432,[553676 274804 152560],[553548 274780 152560]
228124833,2021-03-09 20:14:58.183080+00:00,,True,111.40606,145.0,0.018093778,0.7684775,0.119074106,0.0036250209,0.015893213,0.07483648,True,78674386697551356,720575940625083061,78674386697558101,720575940653053601,[467840 152064 137160],[467836 152216 137160]
227691062,2021-03-09 20:14:58.183080+00:00,,True,291.0187,141.0,0.010989848,0.018995024,0.9613126,8.126869e-05,0.0059413495,0.0026798423,True,78674524136547923,720575940633984851,78674524136544107,720575940653053601,[468120 159276 137680],[468036 159356 137680]
227391299,2021-03-09 20:14:58.183080+00:00,,True,425.56592,67.0,0.004427206,0.87194157,0.0006614897,3.000545e-07,0.057327963,0.065641515,True,78603811794943229,720575940616673366,78603811794955490,720575940653053601,[466392 139880 137520],[466372 139752 137520]
209286580,2021-03-09 20:14:58.183080+00:00,,True,84.121735,38.0,0.03893386,0.06563461,0.52075195,0.016297871,0.14302516,0.21535653,True,78603949233971568,720575940625083061,78603949233974029,720575940653053601,[466416 149588 138800],[466320 149592 138800]
170295131,2021-03-09 20:14:58.183080+00:00,,True,25.149157,0.0,0.06739741,0.033860106,0.011638185,0.3986823,0.45289308,0.03552892,True,78817185971621812,720575940636241264,78817185971624337,720575940653053601,[475604 276112 200080],[475568 276128 200080]
224418358,2021-03-09 20:14:58.183080+00:00,,True,25.907291,0.0,0.03271952,0.42991325,0.023040926,7.186178e-06,0.5130882,0.0012309443,True,79380204375941626,720575940618111889,79380204375951946,720575940653053601,[510588 280900 114960],[510564 280804 114960]
242930765,2021-03-09 20:14:58.183080+00:00,,True,274.47876,47.0,0.013760812,0.011983334,0.9464372,0.0006210072,0.0025658503,0.024631845,True,79027192558236885,720575940618635072,79027192558241350,720575940653053601,[488888 208440 157680],[488952 208556 157680]
242930779,2021-03-09 20:14:58.183080+00:00,,True,373.7779,141.0,0.010762957,0.015392535,0.96411985,0.0002884529,0.00097419316,0.008462065,True,79027192558236885,720575940618635072,79027192558241350,720575940653053601,[488848 208452 157720],[488832 208568 157720]
137929724,2021-03-09 20:14:58.183080+00:00,,True,916.9166,156.0,6.605505e-05,0.9801083,2.1542615e-08,9.71395e-08,2.3007848e-05,0.019802507,True,79449748620795051,720575940623182847,79449748620806397,720575940653053601,[514820 230612 160880],[514928 230552 160920]
163766171,2021-03-09 20:14:58.183080+00:00,,True,16.322216,159.0,0.05648661,0.20462202,0.6867471,5.972231e-07,0.017986828,0.03415684,True,79380273028468339,720575940638989219,79380273028476285,720575940653053601,[508800 281544  98920],[508668 281464  98920]
163894738,2021-03-09 20:14:58.183080+00:00,,True,141.31337,142.0,0.00067039096,0.8941462,6.384402e-08,1.5618987e-07,0.00066039665,0.10452277,True,79169235515388839,720575940622348156,79169235515391355,720575940653053601,[495344 288628  98000],[495328 288508  98000]
117350062,2021-03-09 20:14:58.183080+00:00,,True,131.95169,138.0,0.03810165,0.011923294,0.9438644,4.6595265e-05,0.0008403806,0.005223671,True,78533443050930077,720575940633984851,78533443050927467,720575940653053601,[462328 138880 142240],[462396 138964 142200]
77096422,2021-03-09 20:14:58.183080+00:00,,True,274.2344,154.0,0.0016040825,0.99748564,3.4335197e-05,4.3379838e-05,0.00014359162,0.0006888054,True,79380273162203101,720575940615378700,79380273162195409,720575940653053601,[511128 282092 124920],[511012 282136 124920]
224418502,2021-03-09 20:14:58.183080+00:00,,True,18.212896,30.0,0.08404281,0.28166658,0.005487595,3.9270635e-05,0.6093724,0.019391427,True,79380204375981950,720575940616777024,79380204375975173,720575940653053601,[510692 280968 115760],[510704 280864 115760]
229374867,2021-03-09 20:14:58.183080+00:00,,True,23.849667,130.0,0.02792115,0.8142553,0.0071073994,0.0007243373,0.13298528,0.01700646,True,79449748687594729,720575940615378700,79449748687601887,720575940632409130,[512080 230800 172000],[511944 230824 172000]
7357349,2021-03-09 20:14:58.183080+00:00,,True,247.11565,141.0,0.07676905,0.014908852,0.89201766,8.689077e-05,0.011832216,0.004385264,True,78815467850005165,720575940628236554,78815467850001265,720575940653053601,[477784 171844 145160],[477652 171832 145200]
116399890,2021-03-09 20:14:58.183080+00:00,,True,475.21228,145.0,0.008472912,0.005155882,0.9855167,1.3748171e-05,0.00022118176,0.0006195224,True,78533374331453544,720575940628236554,78533374331444850,720575940653053601,[461168 135204 141880],[461120 135300 141880]
207807656,2021-03-09 20:14:58.183080+00:00,,True,34.882637,9.0,0.020770371,0.1790987,0.53598326,0.009251048,0.054937944,0.19995862,True,80083754445974325,720575940628236554,80083754445959096,720575940623222712,[550816 270580 138040],[550732 270496 138000]
63298790,2021-03-09 20:14:58.183080+00:00,,True,29.942966,71.0,0.03212178,0.7010016,0.08800365,0.0028412747,0.045334864,0.13069685,True,78957786020681598,720575940625962312,78957786020692552,720575940628800207,[485340 265540 190360],[485396 265564 190400]
133540743,2021-03-09 20:14:58.183080+00:00,,True,78.25725,154.0,0.013635561,0.95926136,0.0004834203,0.00015731096,0.007919686,0.018542673,True,79379998217180681,720575940639242303,79379998217183088,720575940653053601,[508832 267272 104520],[508876 267392 104480]
70827196,2021-03-09 20:14:58.183080+00:00,,True,109.60538,145.0,0.70401615,0.088695675,0.17199858,0.00036634514,0.012212575,0.022710767,True,80293898672618779,720575940628236554,80293898672634240,720575940625963432,[564600 211496 149160],[564592 211592 149160]
242763846,2021-03-09 20:14:58.183080+00:00,,True,80.96858,31.0,0.0046825428,0.43630674,0.014087134,2.212407e-06,0.5401476,0.0047738682,True,80223804806658636,720575940610384082,80223804806655943,720575940625963432,[560704 229772 157640],[560632 229936 157600]
197359163,2021-03-09 20:14:58.183080+00:00,,True,70.176216,149.0,0.023076864,0.53387743,0.35817075,0.00017910686,0.037371393,0.047324453,True,78606217244885550,720575940626417997,78606217244877361,720575940636254810,[465276 281236 213200],[465152 281372 213200]
24495609,2021-03-09 20:14:58.183080+00:00,,True,86.73023,130.0,0.94274765,0.023759438,0.029253958,0.0022721698,0.0006192382,0.0013475938,True,79166967974075819,720575940619637056,79166967974078774,720575940632409130,[499024 153076 162200],[499096 153020 162240]
24495620,2021-03-09 20:14:58.183080+00:00,,True,248.0379,136.0,0.70014405,0.04139497,0.23997806,0.0064846547,0.0045592445,0.0074390406,True,79166967974092193,720575940619637056,79166967974081721,720575940632409130,[499180 153272 162280],[499240 153192 162320]
109484224,2021-03-09 20:14:58.183080+00:00,,True,275.79962,146.0,0.014044105,0.31563386,0.648763,0.0015964659,0.0009126215,0.019049937,True,79308049126816675,720575940627869971,79308049126802515,720575940632409130,[505856 172428 179320],[505932 172332 179320]
185184695,2021-03-09 20:14:58.183080+00:00,,True,44.280327,34.0,0.8828861,0.09353913,0.015119481,0.00025857342,0.0014737644,0.0067229425,True,78676311043869166,720575940622932905,78676311043857457,720575940653053601,[466992 266700 186160],[466888 266600 186160]
185184696,2021-03-09 20:14:58.183080+00:00,,True,260.40405,61.0,0.921972,0.060102165,0.014745157,0.00017098075,0.00030483116,0.0027047836,True,78676311043869166,720575940622932905,78676311043857457,720575940653053601,[466980 266764 186160],[466840 266716 186160]
185184699,2021-03-09 20:14:58.183080+00:00,,True,27.79274,141.0,0.8928255,0.045637082,0.050653942,0.00024622894,0.0030492796,0.007587966,True,78676311043869184,720575940622932905,78676311043857457,720575940653053601,[466960 266860 186200],[466832 266780 186240]
171153849,2021-03-09 20:14:58.183080+00:00,,True,103.81572,0.0,0.10789554,0.15682124,0.020346878,0.166615,0.34815848,0.20016284,True,80577160490285622,720575940627801877,80577160490289905,720575940613998860,[581160 318916 200120],[581104 318844 200120]
228251701,2021-03-09 20:14:58.183080+00:00,,True,26.004286,142.0,0.002117759,0.00408539,0.9936412,1.5843358e-05,3.6723723e-05,0.00010315012,True,79237474223950200,720575940627869971,79237474223945690,720575940632409130,[500576 162188 171600],[500456 162224 171600]
209259230,2021-03-09 20:14:58.183080+00:00,,True,198.4715,144.0,0.012267075,0.03653907,0.93384194,0.00059311884,0.009274318,0.00748448,True,80083548287541416,720575940618635072,80083548287563270,720575940623222712,[552416 259832 138520],[552516 259912 138480]
42843815,2021-03-09 20:14:58.183080+00:00,,True,68.54957,66.0,0.18362772,0.04928029,0.7570533,0.00037081586,0.0007357765,0.008932062,True,79379448595877576,720575940633984851,79379448595882594,720575940628800207,[510756 232168 153640],[510712 232220 153680]
41412328,2021-03-09 20:14:58.183080+00:00,,True,8.62498,0.0,0.20162833,0.10997372,0.5108438,0.004305614,0.058779705,0.114468835,True,80644917759986825,720575940612547737,80644917760006619,720575940625963432,[584704 164648 154200],[584812 164612 154200]
159016781,2021-03-09 20:14:58.183080+00:00,,True,49.968212,0.0,0.07117492,0.04248634,0.33859366,0.020483367,0.07720789,0.45005387,True,80294448495418120,720575940616374667,80294448495425256,720575940615899622,[561520 247864 165360],[561616 247824 165360]
63298839,2021-03-09 20:14:58.183080+00:00,,True,67.787575,139.0,0.05891872,0.5562366,0.19727452,0.00034686897,0.089296274,0.09792697,True,78957786020699177,720575940633371161,78957786020700558,720575940628800207,[484064 266296 190600],[484184 266248 190640]
159678211,2021-03-09 20:14:58.183080+00:00,,True,252.6464,134.0,0.0043897256,0.95818645,0.0006332817,0.00015290148,0.0015430755,0.03509468,True,80012629921329237,720575940621405861,80012629921323023,720575940615899622,[544736 226808 165360],[544852 226816 165400]
44357402,2021-03-09 20:14:58.183080+00:00,,True,87.71799,137.0,0.004018794,0.4097184,0.009807075,6.564543e-06,0.5484916,0.027957527,True,80154191976587334,720575940628490028,80154191976593013,720575940625963432,[553768 274264 154000],[553760 274172 154000]
119420420,2021-03-09 20:14:58.183080+00:00,,True,437.61215,116.0,0.3572012,0.097451985,0.53457785,0.0030272221,0.0010789174,0.0066628815,True,79380341748061221,720575940638989219,79380341748075991,720575940628800207,[509036 289120 102000],[509044 288984 102000]
178868125,2021-03-09 20:14:58.183080+00:00,,True,115.9863,73.0,0.012941783,0.036650956,0.09003982,0.00023253636,0.073134296,0.78700066,True,80084166561687824,720575940643325581,80084166561696942,720575940615899622,[551536 296192  82000],[551560 296296  81960]
90302876,2021-03-09 20:14:58.183080+00:00,,True,321.87378,147.0,0.00066407607,0.9982992,8.291196e-06,7.838066e-06,5.5348696e-06,0.0010150247,True,80012629854849064,720575940637388004,80012629854867953,720575940615899622,[545292 226416 164280],[545228 226512 164240]
45897725,2021-03-09 20:14:58.183080+00:00,,True,279.25912,145.0,0.005693485,0.94107366,0.00012680955,7.823884e-06,0.007846548,0.04525171,True,80083685793312757,720575940624323110,80083685793303477,720575940615899622,[551564 265852 149720],[551676 265880 149720]
226518549,2021-03-09 20:14:58.183080+00:00,,True,514.3076,145.0,0.0010949585,0.37370905,0.0002379405,1.7336362e-06,0.62017304,0.0047832616,True,80083617007000947,720575940617330107,80083617006996044,720575940623222712,[551144 263640 137240],[551216 263712 137200]
205809729,2021-03-09 20:14:58.183080+00:00,,True,515.3596,0.0,0.028895274,0.6547288,0.038652766,3.4430843e-05,0.27117625,0.0065124636,True,79239398100623955,720575940616777024,79239398100624206,720575940653053601,[501096 276504  82880],[501128 276620  82880]
237827898,2021-03-09 20:14:58.183080+00:00,,True,250.07259,141.0,0.01324191,0.7004503,0.105333254,0.0005381227,0.08781161,0.09262482,True,79941917580147819,720575940646682676,79941917580146529,720575940615899622,[543156 206324 176160],[543288 206316 176200]
19864748,2021-03-09 20:14:58.183080+00:00,,True,67.90518,137.0,9.886933e-06,0.01582864,0.984139,6.239572e-10,2.3774624e-06,2.009479e-05,True,79309354796492953,720575940634714804,79309354796482631,720575940620328828,[504244 250828 167600],[504292 251024 167520]
19864759,2021-03-09 20:14:58.183080+00:00,,True,23.92777,149.0,4.7328012e-05,0.15211092,0.8473312,1.00043536e-07,2.154627e-05,0.00048886234,True,79309354796467917,720575940634714804,79309354796482631,720575940620328828,[504144 250768 167600],[504148 250876 167640]
19864746,2021-03-09 20:14:58.183080+00:00,,True,232.00044,153.0,4.5668407e-05,0.34367654,0.6554781,7.8965485e-08,3.1850326e-05,0.00076774665,True,79309354796486351,720575940634714804,79309354796482631,720575940620328828,[504136 250784 167600],[504140 250920 167600]
153158099,2021-03-09 20:14:58.183080+00:00,,True,31.844233,1.0,0.012303181,0.04331049,0.00378717,0.007062643,0.7983821,0.13515443,True,79239535539989730,720575940645878068,79239535539956722,720575940628800207,[500056 285056  94600],[500152 285140  94520]
47481234,2021-03-09 20:14:58.183080+00:00,,True,40.515945,89.0,0.31457523,0.4374209,0.15813734,0.0003015964,0.012526281,0.07703858,True,80434567441532688,720575940611982997,80434567441546097,720575940642027464,[571140 209560 150520],[571004 209540 150560]
88066114,2021-03-09 20:14:58.183080+00:00,,True,27.780584,152.0,0.017420013,0.7492008,6.880916e-05,5.118329e-06,0.0020726766,0.2312326,True,80223942245837784,720575940629026174,80223942245791349,720575940642027464,[560032 237504 163800],[560032 237668 163800]
135355528,2021-03-09 20:14:58.183080+00:00,,True,258.28394,143.0,0.4621182,0.0056723803,0.5292424,6.0263632e-05,3.8960927e-05,0.0028678372,True,80154466586197062,720575940646088068,80154466586217534,720575940615899622,[556184 290480  77280],[556136 290320  77280]
135361524,2021-03-09 20:14:58.183080+00:00,,True,76.16356,1.0,0.0006114592,0.039985854,0.54388744,3.551243e-07,0.3936115,0.021903377,True,80224835330413410,720575940642910152,80224835330411887,720575940615899622,[557580 291288  77240],[557524 291196  77280]
22206414,2021-03-09 20:14:58.183080+00:00,,True,31.57518,0.0,0.14826775,0.044865754,0.007268737,0.13326874,0.33069134,0.3356377,True,81351491486993362,720575940612142042,81351491486987583,720575940613998860,[625312 337776 176640],[625200 337632 176640]
242731498,2021-03-09 20:14:58.183080+00:00,,True,158.23393,144.0,0.0005174014,0.0020904536,0.98852473,0.00045805573,0.008247194,0.00016216263,True,80153436062445101,720575940628236554,80153436062439580,720575940613998860,[555640 228096 156960],[555532 228136 156960]
242731502,2021-03-09 20:14:58.183080+00:00,,True,60.018524,142.0,0.00085119286,0.002139883,0.9928731,0.00031582822,0.0036432766,0.00017670967,True,80153436062441214,720575940628236554,80153436062439580,720575940613998860,[555652 228132 156960],[555540 228164 157000]
103587605,2021-03-09 20:14:58.183080+00:00,,True,30.892305,141.0,1.7363976e-07,6.495078e-07,0.9999993,2.4228e-10,1.0462059e-09,1.8877613e-09,True,79097561302222912,720575940609915541,79097561302244411,720575940620328828,[495192 209076 152320],[495124 209008 152320]
84171897,2021-03-09 20:14:58.183080+00:00,,True,93.19167,53.0,0.0015682011,0.030080933,0.8445145,1.8306146e-06,0.12347269,0.0003619077,True,79379242437573376,720575940627447427,79379242437571969,720575940620328828,[508808 220928 158200],[508912 220996 158240]
31738002,2021-03-09 20:14:58.183080+00:00,,True,123.05408,0.0,0.11153405,0.51001084,0.04706924,0.07898496,0.23211053,0.020290444,True,78817254757728271,720575940630361088,78817254757727016,720575940636254810,[475116 279508 206360],[475056 279616 206360]
144474268,2021-03-09 20:14:58.183080+00:00,,True,100.397514,0.0,1.6539577e-13,3.483755e-17,4.942459e-21,1.0,2.6609548e-12,2.1700367e-11,True,79379860912823909,720575940622237466,79379860912822405,720575940636254810,[508040 260540 156080],[507980 260468 156120]
35012727,2021-03-09 20:14:58.183080+00:00,,True,258.35532,155.0,0.007738199,0.5209244,0.0007486388,7.0126343e-06,0.44540092,0.02518084,True,80574823826627662,720575940620745200,80574823826638779,720575940623222712,[580476 181392 135320],[580628 181372 135280]
103587632,2021-03-09 20:14:58.183080+00:00,,True,196.32465,136.0,0.00019969368,0.0002894262,0.99945694,1.8552895e-05,1.1118014e-05,2.427578e-05,True,79097561302238535,720575940609915541,79097561302244411,720575940620328828,[495120 209084 152400],[495080 209040 152440]
166520028,2021-03-09 20:14:58.183080+00:00,,True,12.382419,0.0,0.4147096,0.14061508,0.0020385843,0.079670556,0.18506894,0.17789721,True,77973516888795423,720575940624943084,77973516888825087,720575940636254810,[428696 320336 183560],[428680 320480 183560]
165711897,2021-03-09 20:14:58.183080+00:00,,True,321.54526,139.0,0.013305962,0.00014168391,0.98654884,2.3583589e-06,3.1279026e-07,9.0936106e-07,True,78887073612545404,720575940619866027,78887073612531530,720575940636254810,[482040 247828 183680],[482096 247720 183680]
238275125,2021-03-09 20:14:58.183080+00:00,,True,25.147144,124.0,0.007324346,0.7305065,0.009133682,0.0032411327,0.054619204,0.19517522,True,79027742381120204,720575940616907062,79027742381118913,720575940636254810,[489092 241588 176400],[489212 241584 176360]
189426956,2021-03-09 20:14:58.183080+00:00,,True,356.52435,2.0,0.0005284581,0.99192315,6.0088456e-07,0.0067967633,3.9171075e-05,0.0007118978,True,79379929631983314,720575940635591776,79379929631998270,720575940636254810,[508708 263248 147720],[508732 263336 147720]
230275850,2021-03-09 20:14:58.183080+00:00,,True,207.78937,146.0,0.003796338,0.9489384,0.016845835,5.8406113e-05,0.004485482,0.02587543,True,79379379943436947,720575940625119671,79379379943428806,720575940636254810,[508336 229896 172160],[508452 229832 172200]
165711989,2021-03-09 20:14:58.183080+00:00,,True,56.898117,163.0,0.014067996,0.92300135,0.0076386067,0.00014078517,0.0043446003,0.050806727,True,78887073612604232,720575940612316514,78887073612546823,720575940636254810,[480348 246752 184160],[480380 246760 184040]
228738399,2021-03-09 20:14:58.183080+00:00,,True,17.18414,36.0,0.011502839,0.5258453,0.31604454,5.584264e-05,0.08494539,0.061606124,True,79238711174560628,720575940623744236,79238711174558394,720575940636254810,[501984 233440 172440],[502560 233616 172400]
165712002,2021-03-09 20:14:58.183080+00:00,,True,82.95578,143.0,0.035742782,0.8583733,0.029388629,0.001915538,0.011864612,0.062715285,True,78887073612604232,720575940612316514,78887073612546823,720575940636254810,[480296 246684 184120],[480348 246680 184080]
165712053,2021-03-09 20:14:58.183080+00:00,,True,423.46255,140.0,0.013696374,0.7721585,0.008026494,0.0013389015,0.0029622435,0.20181757,True,78887073612560188,720575940612316514,78887073612561608,720575940636254810,[480608 246452 184320],[480520 246352 184320]
165712059,2021-03-09 20:14:58.183080+00:00,,True,28.912796,151.0,0.020738993,0.8795904,0.0114196325,0.002440902,0.0034421824,0.08236791,True,78887073612560188,720575940612316514,78887073612561608,720575940636254810,[480608 246416 184360],[480620 246312 184360]
229685690,2021-03-09 20:14:58.183080+00:00,,True,23.12732,143.0,0.0062620374,0.41920805,0.03194192,5.167935e-05,0.35455382,0.1879825,True,79168548588812871,720575940637637795,79168548588811491,720575940636254810,[497904 247012 171880],[497968 247096 171920]
166324528,2021-03-09 20:14:58.183080+00:00,,True,141.06845,0.0,0.32405466,0.064818576,0.005138795,0.009195309,0.027048193,0.5697444,True,78043954352450770,720575940622942196,78043954352447301,720575940636254810,[430116 325124 184480],[430192 324932 184440]
158999493,2021-03-09 20:14:58.183080+00:00,,True,84.912735,145.0,0.0177596,0.79314977,0.01598688,0.0019943651,0.022496114,0.14861324,True,79238917332771770,720575940623682195,79238917332776405,720575940636254810,[501256 246520 165720],[501368 246528 165720]
156189043,2021-03-09 20:14:58.183080+00:00,,True,78.2023,143.0,0.86010575,0.007300385,0.12779352,6.441003e-05,0.0003961345,0.0043398337,True,78887073612492448,720575940613080017,78887073612490870,720575940636254810,[481664 248072 182480],[481584 247944 182440]
156189045,2021-03-09 20:14:58.183080+00:00,,True,328.74402,137.0,0.6434545,0.025432618,0.31392035,0.0010099041,0.0023418288,0.01384078,True,78887073612492448,720575940613080017,78887073612490870,720575940636254810,[481680 248044 182520],[481548 247916 182520]
158999498,2021-03-09 20:14:58.183080+00:00,,True,6.670539,145.0,0.018314019,0.7987509,0.026528355,0.004405076,0.018579153,0.1334225,True,79238917332771770,720575940623682195,79238917332776405,720575940636254810,[501240 246536 165760],[501332 246552 165760]
87348178,2021-03-09 20:14:58.183080+00:00,,True,267.58398,144.0,0.035776112,0.54397964,0.065786585,0.00647352,0.294104,0.05388011,True,79238917266296852,720575940609695683,79238917266292625,720575940636254810,[502672 245676 163680],[502688 245792 163720]
110496879,2021-03-09 20:14:58.183080+00:00,,True,30.02901,18.0,0.0036089383,0.1691316,0.80883044,3.307501e-05,0.014388295,0.004007636,True,79027879820109913,720575940609695683,79027879820124582,720575940636254810,[490984 250128 178440],[490876 250120 178480]
47013714,2021-03-09 20:14:58.183080+00:00,,True,213.12079,110.0,0.003028499,0.9922097,2.9835177e-05,1.7436445e-05,0.0010659401,0.0036486422,True,79309629607383996,720575940611160930,79309629607369466,720575940636254810,[504700 267832 150040],[504204 267684 150080]
138999810,2021-03-09 20:14:58.183080+00:00,,True,491.8866,148.0,0.003021693,0.86869997,0.11067052,1.24236585e-05,0.0029166327,0.014678842,True,79309423449316660,720575940624323110,79309423449305978,720575940636254810,[505048 253016 160560],[504916 253024 160520]
117731847,2021-03-09 20:14:58.183080+00:00,,True,70.1571,63.0,0.03239846,0.88182276,0.018950738,0.00028751235,0.034105353,0.032435082,True,79379860845953583,720575940618725547,79379860845936242,720575940636254810,[508820 258968 142800],[508704 259048 142800]
103152792,2021-03-09 20:14:58.183080+00:00,,True,478.07812,118.0,0.014093057,0.9139904,0.030529667,0.0005011588,0.008094131,0.032791685,True,79309629607435020,720575940623992317,79309629607425215,720575940636254810,[505480 267800 151440],[505440 267616 151400]
103152898,2021-03-09 20:14:58.183080+00:00,,True,252.4396,146.0,0.0012531511,0.8314604,0.00013997394,0.00061175553,1.3248493e-05,0.16652147,True,79309629607464824,720575940623992317,79309629607457300,720575940636254810,[505588 267716 152560],[505512 267840 152520]
113010277,2021-03-09 20:14:58.183080+00:00,,True,45.38519,3.0,0.038122598,0.35638598,0.52271956,0.00018818011,0.06842035,0.01416329,True,79098042405735973,720575940626727301,79098042405737303,720575940636254810,[494848 238112 174000],[494788 238216 174000]
166324529,2021-03-09 20:14:58.183080+00:00,,True,9.538223,0.0,0.29159522,0.060724717,0.0007014121,0.19318944,0.079583,0.3742062,True,78043954352452514,720575940622942196,78043954352447301,720575940636254810,[430032 325040 184480],[430056 324856 184480]
166324530,2021-03-09 20:14:58.183080+00:00,,True,117.146736,0.0,0.55790585,0.12745301,0.0043421625,0.006420229,0.013658439,0.2902203,True,78043954352450770,720575940622942196,78043954352447301,720575940636254810,[430072 325068 184480],[430124 324892 184480]
62516059,2021-03-09 20:14:58.183080+00:00,,True,24.87663,142.0,0.04826123,0.77641714,0.022361143,0.0008234222,0.02567776,0.12645926,True,78887348557077238,720575940623682195,78887348557079617,720575940636254810,[481520 264040 191200],[481508 264168 191200]
166324531,2021-03-09 20:14:58.183080+00:00,,True,119.47331,0.0,0.22547774,0.07368588,0.0015136097,0.058001976,0.040865142,0.6004556,True,78043954352450770,720575940622942196,78043954352447301,720575940636254810,[430064 325040 184520],[430128 324856 184520]
165865792,2021-03-09 20:14:58.183080+00:00,,True,33.683853,0.0,0.18253174,0.0747006,0.0006857084,0.3152303,0.048936784,0.37791488,True,78043954352452493,720575940622942196,78043954352447301,720575940636254810,[430020 324980 184520],[430040 324780 184520]
42650682,2021-03-09 20:14:58.183080+00:00,,True,96.64473,12.0,0.007126529,0.0057117045,0.12831,0.30921215,0.4494693,0.10017032,True,79309560888063130,720575940622536888,79309560888056839,720575940636254810,[507396 264292 154200],[507456 264344 154240]
112990688,2021-03-09 20:14:58.183080+00:00,,True,5.7477465,135.0,0.017363222,0.719248,0.12058021,0.00026655392,0.02253609,0.12000591,True,79168411149911031,720575940622712979,79168411149913809,720575940636254810,[495924 239352 173600],[496020 239272 173640]
30729587,2021-03-09 20:14:58.183080+00:00,,True,73.64667,2.0,0.16044289,0.37552643,0.009938115,0.00026475263,0.45067954,0.003148204,True,78888241977158577,720575940620990829,78888241977107756,720575940636254810,[479024 315212 205720],[478924 315084 205720]
113010176,2021-03-09 20:14:58.183080+00:00,,True,316.9,144.0,0.012114556,0.6359145,0.13190687,6.78329e-05,0.036835026,0.18316123,True,79168411149911031,720575940622712979,79168411149913809,720575940636254810,[495872 239344 173560],[495976 239264 173520]
30503052,2021-03-09 20:14:58.183080+00:00,,True,149.53229,0.0,4.6743833e-05,1.3550287e-05,2.3191352e-07,0.10773254,0.8917505,0.00045639704,True,78888241910745957,720575940620990829,78888241910736028,720575940636254810,[479172 315936 205320],[479080 315800 205320]
109250800,2021-03-09 20:14:58.183080+00:00,,True,255.60413,112.0,0.042073708,0.42231575,0.41790608,0.000122898,0.053786796,0.06379488,True,79027742381193639,720575940617001024,79027742381174032,720575940636254810,[487812 241156 178320],[487712 241260 178240]
24129045,2021-03-09 20:14:58.183080+00:00,,True,253.26416,144.0,0.44512895,0.018012103,0.5367915,7.447605e-06,1.3251694e-05,4.675062e-05,True,79449611181833092,720575940610549060,79449611181857715,720575940636254810,[515000 223128 161640],[514936 223048 161640]
24129097,2021-03-09 20:14:58.183080+00:00,,True,8.597155,176.0,0.019386906,0.62463313,0.31146774,0.0027627957,0.0023811145,0.039368294,True,79449611181898181,720575940647977524,79449611181885922,720575940636254810,[514752 222856 162800],[514752 222920 162680]
30503045,2021-03-09 20:14:58.183080+00:00,,True,14.359089,0.0,0.0066510704,0.012177512,0.00066624593,0.007980725,0.9652204,0.00730403,True,78888241910721471,720575940630991567,78888241910712012,720575940636254810,[479260 316140 205240],[479176 316020 205240]
24129102,2021-03-09 20:14:58.183080+00:00,,True,30.8027,179.0,0.027992519,0.5423956,0.38078564,0.003417921,0.003679747,0.04172858,True,79449611181898181,720575940647977524,79449611181885922,720575940636254810,[514760 222852 162800],[514760 222976 162720]
21401644,2021-03-09 20:14:58.183080+00:00,,True,188.98569,150.0,0.0010023558,0.6900362,0.28704262,4.780524e-05,0.00028786965,0.021583186,True,79027742381129537,720575940618917953,79027742381122687,720575940636254810,[489672 241716 176760],[489536 241624 176720]
21401662,2021-03-09 20:14:58.183080+00:00,,True,102.702194,153.0,0.00042012995,0.6117623,0.3791991,5.742725e-06,8.867527e-05,0.008524123,True,79027742381129537,720575940618917953,79027742381122687,720575940636254810,[489680 241692 176760],[489536 241632 176760]
108347392,2021-03-09 20:14:58.183080+00:00,,True,25.135319,0.0,0.15995891,0.004305493,0.00011176858,0.24263568,0.43207705,0.16091104,True,79379860845968774,720575940644745120,79379860845978001,720575940636254810,[509228 259868 143720],[509324 259888 143680]
147551133,2021-03-09 20:14:58.183080+00:00,,True,10.518877,0.0,0.028004294,0.010274424,0.0014726146,0.0039845584,0.9089451,0.047319043,True,80647048198253233,720575940626400912,80647048198246322,720575940615899622,[584416 291232 203800],[584336 291380 203800]
133763535,2021-03-09 20:14:58.183080+00:00,,True,387.4184,32.0,8.333531e-12,3.4738234e-14,1.03928164e-14,0.9802514,0.019748515,6.5373854e-08,True,79872923023832519,720575940625489160,79872923023837624,720575940642027464,[536312 285756 105200],[536400 285832 105240]
136444656,2021-03-09 20:14:58.183080+00:00,,True,211.96388,0.0,0.61672807,0.31941885,0.035275344,0.0003427002,0.0136838,0.014551271,True,78815330411575755,720575940638868413,78815330411573177,720575940632409130,[478068 163696 160720],[478140 163652 160680]
71456611,2021-03-09 20:14:58.183080+00:00,,True,137.04112,109.0,0.3420803,0.4116073,0.13679187,0.0067668306,0.05766614,0.045087527,True,79801248743866294,720575940618635072,79801248743876511,720575940632409130,[534108 207520 147960],[534168 207624 148000]
225825795,2021-03-09 20:14:58.183080+00:00,,True,210.21216,147.0,0.013146071,0.005573663,0.9807922,2.990528e-05,4.301833e-05,0.0004150617,True,80645398729308338,720575940618635072,80645398729312612,720575940642027464,[581632 193496 137400],[581592 193616 137400]
209259216,2021-03-09 20:14:58.183080+00:00,,True,46.682747,148.0,0.0048248097,0.039432082,0.9445173,2.5536074e-05,0.004820365,0.0063798893,True,80083548287557073,720575940618635072,80083548287566985,720575940623222712,[552168 260128 138400],[552184 260244 138360]
209259214,2021-03-09 20:14:58.183080+00:00,,True,412.6741,154.0,0.0033124276,0.01019468,0.98437726,5.872745e-05,0.00073414954,0.0013227711,True,80083548287557045,720575940618635072,80083548287566985,720575940623222712,[552232 260048 138400],[552320 260184 138400]
238281970,2021-03-09 20:14:58.183080+00:00,,True,7.6228547,0.0,0.007095013,0.019381123,0.009479687,0.03803691,0.65633637,0.2696709,True,79098111125268397,720575940628353947,79098111125252720,720575940628800207,[493424 242784 175560],[493400 242708 175520]
47457786,2021-03-09 20:14:58.183080+00:00,,True,170.5702,2.0,0.9265658,0.06327889,0.0074795457,7.5240143e-07,4.9515478e-05,0.0026254335,True,80504936185710905,720575940618635072,80504936185713566,720575940625963432,[576172 208480 149840],[576128 208436 149800]
47457843,2021-03-09 20:14:58.183080+00:00,,True,82.73164,141.0,0.14845431,0.43972346,0.3429282,0.0010444227,0.00846563,0.059383918,True,80504936185733744,720575940618635072,80504936185731477,720575940625963432,[575472 208124 150120],[575352 208032 150080]
47457852,2021-03-09 20:14:58.183080+00:00,,True,144.7372,144.0,0.23992886,0.3690029,0.29831904,0.00082643103,0.011181521,0.080741234,True,80504936185733744,720575940618635072,80504936185731477,720575940625963432,[575460 208160 150120],[575352 208072 150120]
243266078,2021-03-09 20:14:58.183080+00:00,,True,238.25949,131.0,0.04969238,0.1450213,0.584786,0.0029647804,0.028027697,0.18950783,True,80223736087186434,720575940634038426,80223736087174079,720575940642027464,[559168 226904 157720],[559312 226868 157680]
88066121,2021-03-09 20:14:58.183080+00:00,,True,43.45658,152.0,0.029317401,0.7922498,9.204283e-05,8.9169026e-07,0.0036010921,0.17473866,True,80223942245795563,720575940629026174,80223942245798726,720575940642027464,[560012 237540 163800],[560020 237720 163840]
71436673,2021-03-09 20:14:58.183080+00:00,,True,551.95544,145.0,0.021683263,0.018476771,0.9514339,0.001285617,0.00083527516,0.006285164,True,80504936185702393,720575940618635072,80504936185706554,720575940625963432,[575960 208032 149320],[575920 207896 149320]
84001090,2021-03-09 20:14:58.183080+00:00,,True,271.46146,143.0,0.08104133,0.004259185,0.91289026,2.5819822e-05,0.00027688887,0.0015065016,True,78815330411531206,720575940619115398,78815330411535245,720575940632409130,[477988 162604 159480],[477992 162728 159480]
235366203,2021-03-09 20:14:58.183080+00:00,,True,259.114,144.0,0.09628531,0.6116325,0.24221164,0.0018361859,0.033194393,0.014839938,True,79943223049001529,720575940611782874,79943223049002680,720575940642027464,[541976 282552 119360],[541932 282436 119320]
235366212,2021-03-09 20:14:58.183080+00:00,,True,87.07161,149.0,0.01534779,0.36185157,0.20029745,8.418822e-05,0.41929665,0.0031224398,True,79943223049001529,720575940611782874,79943223049002680,720575940642027464,[541976 282520 119400],[541920 282400 119440]
167869911,2021-03-09 20:14:58.183080+00:00,,True,166.785,0.0,0.006026577,0.010810506,0.00013460884,0.009807292,0.95035964,0.022861425,True,80365779446895171,720575940453345870,80365779446882652,720575940642027464,[566264 303608 220080],[566184 303800 220040]
184468716,2021-03-09 20:14:58.183080+00:00,,True,46.291718,34.0,0.019421535,0.8523545,0.023026118,0.0062618973,0.0029421726,0.09599378,True,80505967111887124,720575940632639202,80505967111849080,720575940642027464,[576176 271136 185160],[576112 271024 185160]
148034324,2021-03-09 20:14:58.183080+00:00,,True,53.771595,0.0,0.019810783,0.0012493848,9.998319e-05,0.13987897,0.58440393,0.25455695,True,80717485661906580,720575940625863728,80717485661896493,720575940642027464,[585692 293628 204080],[585544 293632 204040]
148034346,2021-03-09 20:14:58.183080+00:00,,True,175.0972,2.0,0.012325616,0.0010289327,0.00012311201,0.46580955,0.4616125,0.059100214,True,80647116917739398,720575940607384242,80647116917722542,720575940642027464,[585100 294548 204560],[584912 294552 204520]
145200277,2021-03-09 20:14:58.183080+00:00,,True,9.554115,103.0,0.091795035,0.18849893,0.7011192,0.0011561423,0.0086310515,0.008799709,True,79943223048996840,720575940611782874,79943223049002680,720575940642027464,[541892 282576 119280],[541828 282480 119280]
158039591,2021-03-09 20:14:58.183080+00:00,,True,22.082283,7.0,0.37188044,0.38080457,0.07354109,0.0002530793,0.04060296,0.13291779,True,80294379776003318,720575940623682195,80294379775986255,720575940642027464,[562024 241644 166280],[562072 241580 166240]
101080760,2021-03-09 20:14:58.183080+00:00,,True,268.6814,4.0,0.0024460235,0.8990634,2.67939e-05,0.009429088,0.05462214,0.0344125,True,80223667367492021,720575940615378700,80223667367499174,720575940642027464,[560316 221248 151640],[560304 221128 151640]
117247034,2021-03-09 20:14:58.183080+00:00,,True,530.43085,141.0,0.00015815748,0.9700539,6.453479e-08,6.830325e-05,5.7974904e-07,0.029718952,True,80083891885046025,720575940623992317,80083891885044858,720575940642027464,[551452 279232 141200],[551320 279268 141160]
116499165,2021-03-09 20:14:58.183080+00:00,,True,36.86283,21.0,0.0037642168,0.69617075,0.00024535338,0.0012293294,0.00058797916,0.29800233,True,80083891885056294,720575940623992317,80083891885054893,720575940642027464,[551404 279148 141440],[551284 279120 141440]
103899383,2021-03-09 20:14:58.183080+00:00,,True,590.2873,145.0,0.00032999998,0.9898254,5.8397353e-07,0.00327246,2.5439188e-06,0.0065689227,True,80223736086994096,720575940636454136,80223736086996672,720575940642027464,[560632 224240 152320],[560560 224148 152320]
116499172,2021-03-09 20:14:58.183080+00:00,,True,161.67667,144.0,0.008814724,0.83731484,0.0064124623,0.009317523,0.0014565594,0.13668391,True,80083891885056316,720575940623992317,80083891885054893,720575940642027464,[551408 279144 141560],[551316 279080 141520]
116499204,2021-03-09 20:14:58.183080+00:00,,True,72.60646,143.0,0.0057500983,0.8867932,0.0027955777,0.0025915226,0.0010349381,0.10103468,True,80083891885063247,720575940623992317,80083891885054893,720575940642027464,[551408 279124 141560],[551296 279064 141600]
113955875,2021-03-09 20:14:58.183080+00:00,,True,55.76823,1.0,0.009968507,0.00084906036,5.5946406e-05,0.44071764,0.4477792,0.10062965,True,81351491486888493,720575940607880578,81351491486876594,720575940642027464,[623060 336300 173640],[622912 336232 173600]
102779238,2021-03-09 20:14:58.183080+00:00,,True,9.538916,0.0,0.0024785763,0.0024566636,0.0019778318,0.017390452,0.8862743,0.08942226,True,80223598648005465,720575940615160239,80223598648005529,720575940642027464,[559104 216016 151360],[558988 215972 151320]
113966033,2021-03-09 20:14:58.183080+00:00,,True,28.72439,0.0,0.4500149,0.059489444,9.610768e-05,0.36013538,0.049388893,0.0808752,True,81281122742680540,720575940628164612,81281122742680511,720575940642027464,[620560 337276 173720],[620664 337056 173760]
88066078,2021-03-09 20:14:58.183080+00:00,,True,91.514244,5.0,0.06251542,0.027331611,0.82062936,0.003284468,0.011663756,0.07457539,True,80223942245767869,720575940628236554,80223942245780223,720575940642027464,[559804 237992 163240],[559764 238072 163280]
88066085,2021-03-09 20:14:58.183080+00:00,,True,50.39136,0.0,0.0489483,0.054512516,0.61038893,0.048329342,0.091468915,0.14635201,True,80223942245784560,720575940628236554,80223942245780223,720575940642027464,[559800 237968 163280],[559784 238060 163320]
103718475,2021-03-09 20:14:58.183080+00:00,,True,306.84998,142.0,0.005290115,0.9585059,4.498995e-05,0.026713014,0.00033956274,0.009106434,True,80154191976502266,720575940617330107,80154191976522658,720575940642027464,[552804 274184 152200],[552916 274160 152200]
116499379,2021-03-09 20:14:58.183080+00:00,,True,25.91706,0.0,0.0027886322,0.0005823135,0.0003639673,0.9366582,0.005477079,0.054129723,True,80083891885086812,720575940630956345,80083891885085580,720575940642027464,[550984 278492 142160],[551000 278432 142240]
65462583,2021-03-09 20:14:58.183080+00:00,,True,6.6808867,0.0,0.09445185,0.036566958,0.051911276,0.15679644,0.57444686,0.08582662,True,80436079471339254,720575940612804606,80436079471337888,720575940642027464,[570872 297584 210840],[570828 297524 210880]
71614417,2021-03-09 20:14:58.183080+00:00,,True,22.299349,139.0,0.6477244,0.0027575803,0.34841338,5.4248644e-10,0.00107642,2.8172792e-05,True,80083823232256947,720575940610549060,80083823232254443,720575940642027464,[552320 275352 149360],[552384 275436 149320]
46826112,2021-03-09 20:14:58.183080+00:00,,True,728.00366,6.0,0.23889795,0.050617114,0.11669116,0.0029937304,0.08759458,0.5032055,True,80364198697365460,720575940618635072,80364198697364230,720575940642027464,[566452 210560 150000],[566428 210432 150040]
86673336,2021-03-09 20:14:58.183080+00:00,,True,35.54975,0.0,0.27718085,0.137275,0.22689745,0.033781458,0.08158521,0.24328002,True,80223736087180305,720575940609695683,80223736087187844,720575940642027464,[559340 227512 158160],[559432 227528 158160]
86673305,2021-03-09 20:14:58.183080+00:00,,True,406.5958,138.0,0.03318684,0.64452434,0.107083924,0.005760291,0.088304125,0.12114048,True,80223736087168558,720575940630546489,80223736087183888,720575940642027464,[559696 226844 158040],[559560 226896 158000]
47481244,2021-03-09 20:14:58.183080+00:00,,True,28.909729,5.0,0.07175498,0.053988524,0.8351977,0.002088478,0.008261431,0.028708948,True,80434567441542287,720575940611982997,80434567441544795,720575940642027464,[572308 209356 150600],[572340 209244 150600]
47481258,2021-03-09 20:14:58.183080+00:00,,True,22.04232,48.0,0.13421945,0.026242757,0.681277,0.0007992319,0.008603483,0.14885806,True,80434567441546102,720575940611982997,80434567441546097,720575940642027464,[571160 209616 150640],[571048 209552 150640]
47481272,2021-03-09 20:14:58.183080+00:00,,True,455.22833,153.0,0.24571015,0.1027691,0.5489845,0.00402835,0.01916235,0.079345524,True,80434567441551940,720575940611982997,80434567441555684,720575940642027464,[571216 209660 150720],[571112 209568 150720]
47469088,2021-03-09 20:14:58.183080+00:00,,True,180.45776,0.0,0.74799716,0.046041157,0.14466621,0.0013696114,0.012742688,0.04718312,True,80364198697366678,720575940618635072,80364198697367852,720575940642027464,[567500 210372 150200],[567500 210256 150240]
30729583,2021-03-09 20:14:58.183080+00:00,,True,50.871693,0.0,0.10219944,0.78003216,0.011749891,1.9567477e-05,0.103332125,0.0026667456,True,78888241977160979,720575940629780858,78888241977107756,720575940636254810,[479092 315368 205640],[479024 315268 205600]
46608650,2021-03-09 20:14:58.183080+00:00,,True,12.408424,0.0,0.027367206,0.012936846,0.01683585,0.03217556,0.062356405,0.8483281,True,80223529928472458,720575940633573836,80223529928488623,720575940642027464,[560768 213984 149920],[560812 213876 149960]
30729584,2021-03-09 20:14:58.183080+00:00,,True,176.5651,0.0,0.24575888,0.6584202,0.010448668,1.0307549e-05,0.07843904,0.0069228713,True,78888241977160957,720575940629780858,78888241977107756,720575940636254810,[479040 315344 205680],[478952 315228 205640]
137849611,2021-03-09 20:14:58.183080+00:00,,True,23.967339,151.0,0.004540163,0.6449111,0.3398596,5.0889834e-05,0.00086175447,0.009776409,True,80154123257334031,720575940627683588,80154123257322398,720575940642027464,[553132 272088 160280],[552912 272000 160200]
46842625,2021-03-09 20:14:58.183080+00:00,,True,302.1382,139.0,0.13264483,0.02292827,0.80483234,0.0023423282,0.016287927,0.020964334,True,80293898672685735,720575940618635072,80293898672675899,720575940642027464,[561848 212768 150840],[561944 212860 150800]
137849614,2021-03-09 20:14:58.183080+00:00,,True,76.88269,159.0,0.002399092,0.5415244,0.451524,2.2233506e-05,0.0005427696,0.003987522,True,80154123257323712,720575940627683588,80154123257322398,720575940642027464,[553116 272088 160280],[552944 272024 160240]
186042276,2021-03-09 20:14:58.183080+00:00,,True,5.7209873,0.0,0.18687996,0.13464977,0.045750063,0.0034448386,0.54668236,0.08259302,True,80647048198226578,720575940642027464,80647048198229169,720575940615899622,[584648 291336 203280],[584728 291248 203280]
71614377,2021-03-09 20:14:58.183080+00:00,,True,241.8652,86.0,0.003377185,0.0005205734,0.9960949,1.0269601e-11,6.9083617e-06,4.5235703e-07,True,80083823232260861,720575940610549060,80083823232246778,720575940642027464,[552168 275260 149160],[552192 275324 149120]
26741992,2021-03-09 20:14:58.183080+00:00,,True,57.366318,142.0,0.014235959,0.7825918,0.014546491,0.00010838509,0.10016785,0.08834946,True,80153985818402871,720575940622712979,80153985818405722,720575940642027464,[556448 262600 161640],[556484 262480 161640]
193506698,2021-03-09 20:14:58.183080+00:00,,True,195.27136,106.0,0.0032967422,0.99199975,0.00017138763,0.0004960736,0.00015642704,0.0038795548,True,78744961600308922,720575940620157093,78744961600290448,720575940653053601,[472120 164676 140920],[472088 164704 140840]
142977502,2021-03-09 20:14:58.183080+00:00,,True,326.4048,142.0,0.0063771284,0.007587453,0.011561323,0.007439861,0.93731505,0.02971917,True,80154123257167423,720575940620390054,80154123257172916,720575940623222712,[554660 270928 155680],[554712 270856 155680]
137094451,2021-03-09 20:14:58.183080+00:00,,True,6.683046,0.0,0.09223528,0.2215501,0.040342078,0.026931278,0.33515313,0.28378814,True,80223873526182911,720575940646682676,80223873526173500,720575940623222712,[559996 234988 160080],[560100 234872 160120]
147551124,2021-03-09 20:14:58.183080+00:00,,True,60.33764,0.0,0.15169795,0.13368903,0.03130603,0.0035670036,0.5007174,0.1790226,True,80647048198227772,720575940642027464,80647048198229169,720575940615899622,[584592 291336 203280],[584700 291260 203320]
147551128,2021-03-09 20:14:58.183080+00:00,,True,95.90471,0.0,0.62525153,0.16300306,0.07554026,0.0017853541,0.03853244,0.0958874,True,80647048198233098,720575940642027464,80647048198239320,720575940615899622,[584388 291452 203480],[584456 291364 203480]
239799693,2021-03-09 20:14:58.183080+00:00,,True,96.22423,0.0,0.007213873,0.014651547,0.017520605,0.017219428,0.47439176,0.4690027,True,80505760886752491,720575940619180551,80505760886744292,720575940623222712,[573464 260140 175360],[573560 260156 175400]
238853882,2021-03-09 20:14:58.183080+00:00,,True,21.043194,0.0,0.4821304,0.3475913,0.004836759,0.001416435,0.0056133666,0.1584117,True,81070153949144662,720575940623491987,81070153949144656,720575940623222712,[609428 344000 175240],[609360 343840 175240]
238853881,2021-03-09 20:14:58.183080+00:00,,True,22.032167,0.0,0.46982223,0.41340914,0.0070309197,0.0015788875,0.000899387,0.1072594,True,81070153949144662,720575940623491987,81070153949140792,720575940623222712,[609532 343952 175240],[609480 343780 175240]
208766526,2021-03-09 20:14:58.183080+00:00,,True,11.4745455,0.0,0.03947529,0.8667788,0.048052855,0.0023293253,0.003643052,0.039720617,True,80574892546189494,720575940624023539,80574892546189415,720575940623222712,[581216 186496 138000],[581228 186440 138080]
242991359,2021-03-09 20:14:58.183080+00:00,,True,43.610798,133.0,0.20139295,0.21466596,0.003435134,0.012577062,0.50999904,0.057929885,True,80153985818230313,720575940620390054,80153985818237320,720575940623222712,[553160 261552 156320],[553208 261648 156360]
207801790,2021-03-09 20:14:58.183080+00:00,,True,60.38179,18.0,0.23459405,0.20719056,0.5014486,0.0043816273,0.016144345,0.036240894,True,80645398729390854,720575940611982997,80645398729382341,720575940623222712,[582804 194316 139400],[582712 194416 139400]
241747010,2021-03-09 20:14:58.183080+00:00,,True,42.532036,75.0,0.007158752,0.94567794,0.0032434429,0.005912962,0.0017037006,0.03630314,True,80154191976680202,720575940598154653,80154191976685609,720575940623222712,[555880 276564 157000],[555912 276472 157000]
227592148,2021-03-09 20:14:58.183080+00:00,,True,40.02618,4.0,0.0687315,0.52312684,0.25655237,0.00077571365,0.008520516,0.14229305,True,80645261290335809,720575940616927724,80574892546150920,720575940623222712,[581320 186204 136680],[581248 186128 136680]
227592155,2021-03-09 20:14:58.183080+00:00,,True,75.58527,0.0,0.016021375,0.003216183,0.015292028,0.036096487,0.09011186,0.83926207,True,80574892546153665,720575940611982997,80574892546149385,720575940623222712,[581048 185084 136760],[580940 184948 136760]
207801791,2021-03-09 20:14:58.183080+00:00,,True,54.79078,66.0,0.17472522,0.044753402,0.74985135,0.0012096441,0.0031889824,0.026271466,True,80645398729390854,720575940611982997,80645398729382341,720575940623222712,[582828 194352 139440],[582740 194460 139440]
186453639,2021-03-09 20:14:58.183080+00:00,,True,7.6525846,0.0,0.00032236343,7.453919e-07,2.0437835e-06,0.9985783,0.000393432,0.00070314325,True,80717416942363718,720575940505806272,80717416942365493,720575940623222712,[587752 292312 202320],[587656 292456 202320]
227084344,2021-03-09 20:14:58.183080+00:00,,True,68.00575,167.0,0.04458021,0.017443705,0.89564437,0.000967401,0.0054928446,0.035871416,True,80645261290359255,720575940611982997,80645261290332731,720575940623222712,[581480 184412 136640],[581576 184388 136640]
186453635,2021-03-09 20:14:58.183080+00:00,,True,141.48566,0.0,0.00020129814,5.0526415e-07,1.8478656e-06,0.99968314,4.3448337e-05,6.970544e-05,True,80717416942368697,720575940616076917,80717416942357513,720575940623222712,[587752 292252 202320],[587728 292316 202200]
199894451,2021-03-09 20:14:58.183080+00:00,,True,26.935938,0.0,0.051350467,0.025803972,0.008594604,0.0063948664,0.86641735,0.04143867,True,80295410702830588,720575940616374667,80295410702837558,720575940623222712,[563024 304384 222840],[562896 304568 222800]
204638995,2021-03-09 20:14:58.183080+00:00,,True,175.27509,0.0,1.5339769e-05,3.595625e-09,1.7353379e-09,0.996799,0.002912472,0.0002731879,True,80154673281122556,720575940644166048,80154673281125181,720575940623222712,[556568 302928 229080],[556704 302848 229120]
204638998,2021-03-09 20:14:58.183080+00:00,,True,27.787598,0.0,1.5131084e-05,2.6147918e-08,3.6463976e-09,0.98459715,0.014953063,0.00043470162,True,80154673281130206,720575940644166048,80154673281125181,720575940623222712,[556568 302880 229120],[556696 302816 229160]
204639000,2021-03-09 20:14:58.183080+00:00,,True,24.05008,0.0,1.6472713e-05,1.9825684e-07,2.5152163e-09,0.7836958,0.2158607,0.0004268923,True,80154673281130206,720575940644166048,80154673281127674,720575940623222712,[556540 302852 229160],[556672 302780 229200]
139547792,2021-03-09 20:14:58.183080+00:00,,True,8.57908,120.0,0.7060684,0.026674366,0.24490973,0.0065007526,0.0024409355,0.013405807,True,80153917098891274,720575940628236554,80153917098899941,720575940623222712,[553472 257144 160200],[553496 257280 160200]
139547809,2021-03-09 20:14:58.183080+00:00,,True,25.90025,123.0,0.960305,0.0074342648,0.032113392,4.232072e-06,2.1305752e-05,0.00012181454,True,80153917098908618,720575940628236554,80153917098915554,720575940623222712,[553320 257040 160360],[553360 257144 160400]
243040759,2021-03-09 20:14:58.183080+00:00,,True,630.2608,138.0,0.3415874,0.20786528,0.17815427,0.0022284416,0.21998715,0.050177507,True,80154191976678465,720575940626727301,80154191976669061,720575940623222712,[555160 275160 156440],[555280 275128 156440]
159016916,2021-03-09 20:14:58.183080+00:00,,True,32.769608,128.0,0.24009894,0.020973086,0.71914065,0.0015096319,0.0025445465,0.015733164,True,80294448495456126,720575940627798910,80294448495458696,720575940623222712,[561376 246656 166320],[561328 246524 166280]
192854040,2021-03-09 20:14:58.183080+00:00,,True,29.00658,142.0,0.026737671,0.33901882,0.6077428,0.0028971783,0.0024308455,0.021172682,True,80645398729395871,720575940611982997,80645398729384745,720575940623222712,[582652 194716 139920],[582604 194776 139880]
117472665,2021-03-09 20:14:58.183080+00:00,,True,43.717834,0.0,0.060162075,0.16213371,0.30542085,0.034200605,0.36085114,0.07723163,True,80504455082692392,720575940616285253,80504455082672712,720575940623222712,[576200 181632 142360],[576208 181536 142360]
169352604,2021-03-09 20:14:58.183080+00:00,,True,48.231304,0.0,0.0037183757,0.000210116,2.5519257e-06,0.7037495,0.27469307,0.017626364,True,80717416942316468,720575940656144289,80717416942307966,720575940623222712,[586712 290448 200840],[586692 290716 200840]
169391271,2021-03-09 20:14:58.183080+00:00,,True,110.15969,19.0,0.0015794367,7.985575e-06,6.253334e-08,0.8627944,0.121489145,0.014128973,True,80717416942303887,720575940656144289,80717416942304993,720575940623222712,[586500 290308 200520],[586536 290504 200480]
169391272,2021-03-09 20:14:58.183080+00:00,,True,103.52866,2.0,1.8663417e-05,7.054978e-08,1.6408673e-10,0.88386,0.11457501,0.0015462914,True,80717416942305925,720575940656144289,80717416942304993,720575940623222712,[586376 290272 200560],[586356 290488 200520]
169391276,2021-03-09 20:14:58.183080+00:00,,True,38.339405,0.0,0.00040397263,3.5108747e-05,1.6111754e-07,0.5800379,0.36947736,0.050045565,True,80717416942303900,720575940656144289,80717416942304993,720575940623222712,[586436 290416 200680],[586472 290572 200680]
171019341,2021-03-09 20:14:58.183080+00:00,,True,13.3533125,0.0,0.0012395954,0.0007554318,0.00012247349,0.30077046,0.6826227,0.014489329,True,80646979478641597,720575940630139386,80646979478634930,720575940623222712,[582856 287888 200000],[582952 287964 200000]
192141473,2021-03-09 20:14:58.183080+00:00,,True,40.96119,0.0,0.83966285,0.15083006,0.0053378325,3.5737346e-06,0.0014599224,0.0027057733,True,80645398729395626,720575940611982997,80645398729390691,720575940623222712,[582520 193456 139880],[582512 193304 139880]
103686213,2021-03-09 20:14:58.183080+00:00,,True,417.76642,138.0,0.008463194,0.85535854,0.0012859906,0.00081991986,0.00085112016,0.1332212,True,80154191976492197,720575940625965374,80154191976495991,720575940623222712,[555876 273192 151360],[555776 273232 151360]
122888375,2021-03-09 20:14:58.183080+00:00,,True,36.413074,0.0,0.20456052,0.08897994,0.018443806,0.13477097,0.5302607,0.02298408,True,80225041958706203,720575940633201400,80225041958713231,720575940623222712,[560548 304872 225480],[560336 304820 225440]
46608674,2021-03-09 20:14:58.183080+00:00,,True,37.63286,9.0,0.01059828,0.9784898,0.0015468489,0.0032491614,0.00093310775,0.0051827207,True,80293898672653774,720575940632469964,80293898672663229,720575940623222712,[562080 215032 150080],[562080 215112 150080]
137082225,2021-03-09 20:14:58.183080+00:00,,True,103.986244,140.0,0.0014904973,0.82104814,0.0002926059,0.00023744404,0.00070866133,0.17622264,True,80294242270412231,720575940609695683,80294242270407288,720575940623222712,[561088 235848 160280],[561028 235768 160280]
47481224,2021-03-09 20:14:58.183080+00:00,,True,340.81155,0.0,0.16003662,0.20679992,0.610881,0.00065269,0.0036775384,0.017952297,True,80434567441547268,720575940611982997,80434567441541113,720575940623222712,[572448 209840 150600],[572560 209932 150600]
85291378,2021-03-09 20:14:58.183080+00:00,,True,215.67566,142.0,0.0017077175,0.994375,2.8169386e-05,2.3392113e-05,0.0033047085,0.00056102115,True,80154054537780501,720575940613403890,80154054537788647,720575940623222712,[553356 265316 158640],[553268 265372 158600]
85291410,2021-03-09 20:14:58.183080+00:00,,True,415.23257,144.0,0.008939938,0.827589,0.074015535,0.0007368015,0.018449152,0.07026964,True,80154054537787390,720575940628236554,80154054537788647,720575940623222712,[553200 265576 158960],[553264 265504 158960]
102105165,2021-03-09 20:14:58.183080+00:00,,True,226.51065,151.0,0.008206152,0.7617832,0.0069393297,6.445549e-05,0.01769483,0.205312,True,80083617073941864,720575940617569931,80083617073960636,720575940623222712,[551444 263052 152760],[551360 263136 152760]
47481235,2021-03-09 20:14:58.183080+00:00,,True,36.855095,1.0,0.22617546,0.087983705,0.6763028,0.0003081654,0.002010826,0.0072190887,True,80434567441547268,720575940611982997,80434567441541113,720575940623222712,[572444 209872 150560],[572536 209960 150560]
43036773,2021-03-09 20:14:58.183080+00:00,,True,343.7978,175.0,0.0025144329,0.65232676,0.3266589,0.000110531575,0.010378066,0.008011232,True,80154260696044028,720575940623682195,80154260696050358,720575940623222712,[555328 277276 153640],[555232 277328 153640]
102105170,2021-03-09 20:14:58.183080+00:00,,True,176.52502,151.0,0.004366696,0.6835732,0.0011969255,9.767553e-06,0.021114442,0.28973895,True,80083617073954771,720575940617569931,80083617073959397,720575940623222712,[551400 263000 152840],[551312 263084 152840]
46826104,2021-03-09 20:14:58.183080+00:00,,True,202.1896,138.0,0.094759814,0.007466893,0.8787459,0.00013133945,0.00040339492,0.018492626,True,80364198697369187,720575940618635072,80364198697348783,720575940623222712,[566556 211240 149920],[566608 211400 149920]
46826116,2021-03-09 20:14:58.183080+00:00,,True,7.6322403,0.0,0.32167545,0.24910942,0.03606781,0.030630838,0.3289555,0.03356099,True,80364267416840126,720575940636821616,80364267416837511,720575940623222712,[565500 212276 149920],[565340 212240 149920]
71457658,2021-03-09 20:14:58.183080+00:00,,True,92.55112,109.0,0.16239312,0.014076995,0.81099224,0.00014719678,0.002279023,0.010111324,True,80434567441506922,720575940611982997,80434567441499935,720575940623222712,[571484 209632 149080],[571460 209740 149040]
43730533,2021-03-09 20:14:58.183080+00:00,,True,28.79436,167.0,0.0170119,0.813858,0.008529938,0.007910491,0.04926983,0.10341991,True,80154123257118065,720575940626016911,80154123257116819,720575940623222712,[554596 269228 154320],[554608 269128 154320]
71436579,2021-03-09 20:14:58.183080+00:00,,True,15.373206,6.0,0.0067482386,0.0033693975,0.9888525,0.00023139214,4.5755718e-05,0.0007527529,True,80504936185681654,720575940618635072,80504936185678906,720575940623222712,[576280 208344 148960],[576160 208332 148840]
6543017,2021-03-09 20:14:58.183080+00:00,,True,165.15656,160.0,0.098435365,0.023570796,0.65487427,0.099362835,0.06256811,0.06118858,True,80645604954493008,720575940618635072,80645604954476721,720575940623222712,[582196 204544 146040],[582164 204644 146040]
34177639,2021-03-09 20:14:58.183080+00:00,,True,48.417534,133.0,2.102991e-11,2.4929841e-08,1.0,4.0210736e-21,8.435123e-15,4.9255674e-17,True,80574823826618364,720575940620745200,80574823826625177,720575940623222712,[579752 182140 134720],[579656 182128 134720]
34177649,2021-03-09 20:14:58.183080+00:00,,True,12.479257,79.0,2.199591e-18,2.9663673e-14,1.0,1.225987e-31,8.391723e-17,9.031316e-24,True,80574823826618364,720575940620745200,80574823826625177,720575940623222712,[579728 182040 134760],[579652 182092 134760]
34177626,2021-03-09 20:14:58.183080+00:00,,True,279.34842,142.0,5.705195e-08,0.00040573734,0.9995943,1.1831332e-14,8.422958e-11,1.9215974e-11,True,80574823826623887,720575940620745200,80574823826625177,720575940623222712,[579784 182212 134680],[579692 182180 134640]
43036897,2021-03-09 20:14:58.183080+00:00,,True,384.21918,147.0,0.004099077,0.87082964,0.0033977325,0.04651236,0.00030182573,0.07485932,True,80154260696058266,720575940609695683,80154260696062039,720575940623222712,[555412 277588 154240],[555312 277492 154240]
204015936,2021-03-09 20:14:58.183080+00:00,,True,61.673504,0.0,0.0083903335,0.0046468046,0.0007426298,0.025423238,0.92589706,0.03490001,True,80154673281141394,720575940623222712,80225042025300691,720575940613998860,[556704 302128 229560],[556848 302020 229560]
42744509,2021-03-09 20:14:58.183080+00:00,,True,50.47106,3.0,0.0019390925,0.0015356478,1.0080844e-05,0.0027431024,0.9427334,0.05103865,True,80154123257125206,720575940630460919,80154123257129074,720575940623222712,[555444 270264 154240],[555468 270356 154240]
159016682,2021-03-09 20:14:58.183080+00:00,,True,124.02936,111.0,0.028751587,0.9454418,0.0076192752,0.001587686,0.0038349775,0.01276467,True,80224079751178037,720575940617569931,80224079751175944,720575940613998860,[560408 247384 164720],[560512 247332 164760]
157267511,2021-03-09 20:14:58.183080+00:00,,True,64.57921,2.0,0.012205929,0.82550114,0.0017042604,0.00066228944,0.016513865,0.14341255,True,80294448495420108,720575940617569931,80294448495424571,720575940615899622,[561840 244460 165280],[561788 244628 165280]
157267520,2021-03-09 20:14:58.183080+00:00,,True,137.39465,145.0,0.025233785,0.8272597,0.01463435,0.0003855533,0.019382235,0.11310442,True,80294448495420108,720575940617569931,80294448495424571,720575940615899622,[561880 244412 165280],[561872 244560 165360]
10924757,2021-03-09 20:14:58.183080+00:00,,True,23.1017,0.0,0.0017049636,0.0007461779,0.0007089765,0.0012259242,0.8426366,0.15297736,True,79450160736248873,720575940631110095,79450160736246505,720575940620328828,[511828 253548  96680],[511768 253448  96720]
132338219,2021-03-09 20:14:58.183080+00:00,,True,28.702261,148.0,0.0016183219,0.7207724,3.0624483e-06,3.3447463e-07,0.0021079176,0.2754979,True,79943223048530715,720575940630658627,79943223048527958,720575940642027464,[541912 284016 104920],[541856 284176 104920]
87346451,2021-03-09 20:14:58.183080+00:00,,True,128.49602,16.0,0.053292062,0.85098445,0.020460306,0.0002729887,0.003902077,0.0710882,True,80294448495331485,720575940617569931,80294448495363565,720575940615899622,[561944 244352 164600],[561936 244264 164520]
87346454,2021-03-09 20:14:58.183080+00:00,,True,421.0078,61.0,0.073895335,0.78676933,0.047386374,0.00010698877,0.018242666,0.073599204,True,80294448495331485,720575940617569931,80294379775886729,720575940615899622,[561908 244320 164600],[561872 244200 164560]
87346462,2021-03-09 20:14:58.183080+00:00,,True,56.487396,17.0,0.06177912,0.8018758,0.016030703,0.00014461773,0.004673951,0.115495875,True,80294448495331485,720575940617569931,80294448495363820,720575940615899622,[561880 244348 164640],[561832 244240 164600]
87346463,2021-03-09 20:14:58.183080+00:00,,True,278.18005,138.0,0.087374,0.8048998,0.04868511,5.1330662e-05,0.017603109,0.041386705,True,80294448495379087,720575940617569931,80294448495371551,720575940615899622,[562436 244280 164720],[562468 244252 164600]
87346470,2021-03-09 20:14:58.183080+00:00,,True,148.69148,169.0,0.069892846,0.8143483,0.06533498,5.4028424e-05,0.014836799,0.03553304,True,80294448495379087,720575940617569931,80294448495371551,720575940615899622,[562444 244280 164720],[562552 244248 164640]
144477156,2021-03-09 20:14:58.183080+00:00,,True,353.73975,143.0,0.0012506156,0.98682505,2.6277172e-07,0.00048530605,5.056701e-06,0.011433661,True,80153985818233225,720575940617569931,80153985818223576,720575940623222712,[553568 261804 156040],[553464 261724 156040]
89366661,2021-03-09 20:14:58.183080+00:00,,True,37.890205,139.0,0.113518275,0.03954204,0.833636,0.0038186766,0.0033016137,0.006183387,True,78956136619474448,720575940634283616,78956136619512663,720575940632409130,[483600 167304 164080],[483568 167352 164040]
211193772,2021-03-09 20:14:58.183080+00:00,,True,873.1803,97.0,1.6396969e-05,0.0034735322,3.5214163e-07,3.2176575e-10,0.99648094,2.8756838e-05,True,79309835631619362,720575940629741051,79309835631592851,720575940628800207,[503984 280484 109600],[504052 280412 109600]
71407353,2021-03-09 20:14:58.183080+00:00,,True,16.240223,70.0,0.0036377541,0.76959276,0.00039633768,3.113943e-05,0.104905374,0.12143664,True,80504455149313156,720575940632193420,80504455149314418,720575940625963432,[576496 181144 147880],[576608 181168 147880]
44186226,2021-03-09 20:14:58.183080+00:00,,True,646.7599,145.0,0.0026703838,0.0010094005,0.9961481,7.898616e-06,9.055709e-05,7.360575e-05,True,79027192558110623,720575940624636505,79027192558122441,720575940620328828,[490600 209136 154200],[490656 209224 154240]
44221246,2021-03-09 20:14:58.183080+00:00,,True,166.17981,170.0,0.062336314,0.05262725,0.8606042,0.001127962,0.008756144,0.014548155,True,79097561302253595,720575940624636505,79097561302252266,720575940620328828,[495008 208960 153080],[494936 208848 153080]
85459096,2021-03-09 20:14:58.183080+00:00,,True,448.8584,174.0,0.00017086706,0.99794,5.90374e-09,1.4355794e-05,5.22492e-07,0.0018743156,True,80153436062501449,720575940637388004,80153436062509698,720575940615899622,[555824 230932 158800],[555756 230812 158800]
154319545,2021-03-09 20:14:58.183080+00:00,,True,1154.7458,152.0,0.008068504,0.45785812,0.000113259535,0.00019258831,0.008100423,0.5256671,True,79872922957093646,720575940626139420,79872922957088675,720575940642027464,[538256 288132  95480],[538344 288232  95440]
24137666,2021-03-09 20:14:58.183080+00:00,,True,84.33632,150.0,0.09374302,0.030747881,0.8740339,0.00017242446,0.00036303542,0.00093965785,True,79449611181858973,720575940610549060,79449611181857715,720575940636254810,[515128 223064 161800],[515064 222956 161800]
144443976,2021-03-09 20:14:58.183080+00:00,,True,96.66455,5.0,0.8770808,0.046690285,0.06794389,2.4078304e-07,0.0074231653,0.0008616354,True,80153985818207736,720575940635355804,80153985818237428,720575940615899622,[554736 262480 155800],[554768 262428 155800]
184400931,2021-03-09 20:14:58.183080+00:00,,True,307.9854,145.0,0.0015668675,0.93256295,0.00048239238,2.0925463e-05,0.00036671187,0.065000094,True,80646635880712478,720575940609695683,80646635880712164,720575940625963432,[582656 265000 185000],[582792 264948 184960]
193823719,2021-03-09 20:14:58.183080+00:00,,True,139.91187,145.0,0.0123157725,0.8584269,0.03038924,0.00019216382,0.0048044943,0.09387141,True,80083891885029651,720575940623992317,80083891885032363,720575940642027464,[551348 279896 140880],[551240 279904 140880]
69921141,2021-03-09 20:14:58.183080+00:00,,True,138.14815,163.0,0.010932546,0.90515137,0.061925735,0.013871066,0.00016543867,0.007953937,True,80083685793276906,720575940623992317,80083685793314240,720575940615899622,[552084 265732 149480],[552032 265760 149520]
20149828,2021-03-09 20:14:58.183080+00:00,,True,39.593346,15.0,0.0014636897,0.98975664,3.0841646e-05,0.002557911,1.3178881e-05,0.0061777364,True,80294654653928291,720575940637388004,80294654653941893,720575940625963432,[563608 259256 167320],[563564 259180 167360]
8048032,2021-03-09 20:14:58.183080+00:00,,True,67.42632,84.0,0.01137631,0.9294434,0.016742112,0.0074830595,0.0012543722,0.033700753,True,80715904979169912,720575940644753568,80715904979155957,720575940642027464,[586564 201368 146200],[586528 201304 146040]
156995677,2021-03-09 20:14:58.183080+00:00,,True,81.80858,0.0,4.0485156e-06,8.7465435e-10,8.651566e-11,0.9998404,7.6283404e-06,0.00014794688,True,79028017259243490,720575940628884496,79028017259238946,720575940653053601,[488128 260020 182480],[488032 260060 182440]
207841445,2021-03-09 20:14:58.183080+00:00,,True,10.499575,0.0,0.052701782,0.9310421,0.012519145,0.0006244223,0.000113224676,0.0029993101,True,80154123190199446,720575940605708478,80154123190196765,720575940623222712,[552904 272280 139080],[552928 272424 139080]
159253080,2021-03-09 20:14:58.183080+00:00,,True,38.621128,2.0,0.0032099131,0.0058365976,0.024286015,0.0044406727,0.2483942,0.7138326,True,79026505430186743,720575940643283872,79026505430186748,720575940632409130,[487684 168048 165960],[487676 168004 165960]
241105593,2021-03-09 20:14:58.183080+00:00,,True,81.94499,41.0,0.08199269,0.08353398,0.46937585,0.0015646188,0.08414111,0.2793918,True,79308804973905785,720575940633984851,79308804973906995,720575940653053601,[507144 218444 157440],[507100 218352 157520]
117731842,2021-03-09 20:14:58.183080+00:00,,True,59.831947,40.0,0.025893237,0.7142532,0.015607493,0.0005404645,0.21653743,0.027168257,True,79379860845961222,720575940618725547,79379860845936242,720575940636254810,[508800 258856 142760],[508692 259000 142760]
9282597,2021-03-09 20:14:58.183080+00:00,,True,123.96954,1.0,0.00019806442,0.0026838845,0.99664503,6.020296e-06,0.00044590133,2.0986103e-05,True,80083823232128591,720575940628939052,80083823232128610,720575940615899622,[551720 274368 145320],[551756 274476 145360]
224401691,2021-03-09 20:14:58.183080+00:00,,True,348.64914,0.0,0.28901726,0.39887294,0.11724936,0.0029136825,0.17103098,0.020915836,True,79943154329401231,720575940605708478,79943154329395942,720575940642027464,[542532 280500 115080],[542432 280556 115080]
10685444,2021-03-09 20:14:58.183080+00:00,,True,121.695984,152.0,0.0071069966,0.95924014,0.00022683016,5.312369e-06,0.021879677,0.011541093,True,79309904284215163,720575940618725547,79309904284230118,720575940653053601,[506208 281816  96720],[506304 281760  96680]
88126361,2021-03-09 20:14:58.183080+00:00,,True,81.66015,104.0,0.0012245271,0.99637467,2.7141297e-05,3.6073736e-05,3.3105487e-05,0.0023044385,True,79238848546799978,720575940609695683,79238848546815225,720575940620328828,[499672 241256 163440],[499672 241376 163400]
138649570,2021-03-09 20:14:58.183080+00:00,,True,27.004425,0.0,0.20809908,0.37250265,0.26839927,0.0066939117,0.059720505,0.084584646,True,79730948719583312,720575940616070283,79730948719575923,720575940625963432,[528584 213216 160320],[528584 213136 160320]
9282755,2021-03-09 20:14:58.183080+00:00,,True,248.24722,155.0,0.0032156783,0.96594226,1.3539395e-05,5.9484014e-06,0.00050638354,0.030316142,True,80083823232155326,720575940624280328,80083823232156582,720575940615899622,[551380 272928 146120],[551500 272952 146120]
242958484,2021-03-09 20:14:58.183080+00:00,,True,463.87735,145.0,0.055279978,0.41011426,0.26759386,0.00250058,0.25152782,0.0129834935,True,80153917098817745,720575940626727301,80153917098825110,720575940615899622,[556368 260556 157880],[556448 260592 157880]
138649542,2021-03-09 20:14:58.183080+00:00,,True,38.674812,58.0,0.041028913,0.8481192,0.039334584,0.001214925,0.04264849,0.027653884,True,79730948719577433,720575940616070283,79730948719575923,720575940625963432,[528728 213248 160120],[528708 213176 160200]
138649560,2021-03-09 20:14:58.183080+00:00,,True,32.93598,4.0,0.17668329,0.42563048,0.23160923,0.0009333944,0.06802493,0.097118676,True,79730948719583357,720575940616070283,79730948719575923,720575940625963432,[528556 213208 160280],[528556 213124 160280]
115369088,2021-03-09 20:14:58.183080+00:00,,True,149.19772,145.0,0.00089228206,0.99821424,9.4378e-06,0.00031355926,1.2822495e-06,0.0005691049,True,80645398729459605,720575940622791429,80645398729449558,720575940625963432,[582568 193024 141880],[582452 193008 141840]
205389041,2021-03-09 20:14:58.183080+00:00,,True,483.51382,20.0,0.0016982808,0.08282753,0.0006151798,2.1726467e-07,0.9076651,0.007193748,True,80154604091812631,720575940612664273,80224972835999176,720575940615899622,[556724 301188  83000],[556796 301264  83000]
79869709,2021-03-09 20:14:58.183080+00:00,,True,764.0496,143.0,0.0025536343,0.94869846,0.0010167997,2.658145e-07,0.00070595136,0.04702493,True,80295410233050858,720575940612664273,80295410233040959,720575940615899622,[561520 304636  78000],[561416 304560  77960]
227494388,2021-03-09 20:14:58.183080+00:00,,True,714.34656,124.0,0.0034706446,0.9781466,5.34197e-07,5.699267e-07,0.002808264,0.015573304,True,80083754445950676,720575940624402173,80083754445948195,720575940623222712,[550656 269308 137480],[550692 269192 137520]
237827879,2021-03-09 20:14:58.183080+00:00,,True,149.42688,29.0,0.034576096,0.31122017,0.113777995,0.00033660664,0.05889076,0.48119843,True,79941917580147810,720575940646682676,79941917580141341,720575940615899622,[542840 206160 176160],[542852 206088 176120]
99520754,2021-03-09 20:14:58.183080+00:00,,True,916.3013,166.0,0.016075408,0.45750517,0.19647795,0.00036486395,0.067442425,0.2621342,True,79942741945166099,720575940626139420,79942741945160996,720575940615899622,[541104 254220  86640],[541032 254320  86640]
98315597,2021-03-09 20:14:58.183080+00:00,,True,40.491516,148.0,0.0013383006,0.5232808,4.0823606e-06,5.8166305e-10,0.13894258,0.33643433,True,80154466652936915,720575940619846932,80154466652941385,720575940615899622,[554428 290448  85720],[554576 290464  85800]
102191682,2021-03-09 20:14:58.183080+00:00,,True,517.616,150.0,0.0014700064,0.047008637,0.94997555,1.519504e-05,0.00035887907,0.0011717068,True,80154123257065401,720575940609695683,80154123257069614,720575940623222712,[556036 272076 152560],[555932 271984 152560]
351938,2021-03-09 20:14:58.183080+00:00,,True,469.59702,143.0,1.1548448e-07,0.12794836,1.6408058e-10,1.5716416e-19,0.87199676,5.474455e-05,True,80365641538174103,720575940612664273,80365641538159125,720575940615899622,[566368 294376  75040],[566456 294444  75040]
24562657,2021-03-09 20:14:58.183080+00:00,,True,218.92651,142.0,0.018596703,0.027420562,0.93522924,0.00061824213,0.0093591,0.008776077,True,80153504782066785,720575940620524758,80153504782070836,720575940625963432,[555468 235000 161680],[555424 234936 161640]
24562684,2021-03-09 20:14:58.183080+00:00,,True,82.017784,146.0,0.03415463,0.008125349,0.95680547,0.00039244487,0.0001243725,0.00039775326,True,80153504782079631,720575940620524758,80153504782070783,720575940625963432,[555588 234732 161800],[555508 234708 161720]
231954520,2021-03-09 20:14:58.183080+00:00,,True,128.82043,144.0,0.065374106,0.16091281,0.74782765,0.00012474359,0.011259525,0.014501172,True,79308049126815405,720575940627869971,79308049126837705,720575940632409130,[505820 172716 180040],[505940 172704 180040]
209113879,2021-03-09 20:14:58.183080+00:00,,True,114.30722,142.0,0.0012937015,0.05045641,0.9432416,5.813354e-05,0.00057586527,0.004374286,True,80083548287557042,720575940618635072,80083548287563330,720575940623222712,[551592 260220 138320],[551620 260384 138320]
209113894,2021-03-09 20:14:58.183080+00:00,,True,94.86362,126.0,0.0038002406,0.027329665,0.96422565,0.00010665169,0.0010911503,0.0034466158,True,80083548287557042,720575940618635072,80083548287563330,720575940623222712,[551608 260208 138360],[551624 260356 138360]
238734181,2021-03-09 20:14:58.183080+00:00,,True,56.32436,0.0,0.1940602,0.34926996,0.31360748,0.0037375814,0.052237816,0.08708697,True,79307980407267222,720575940622334902,79307980407253533,720575940632409130,[504708 169132 176080],[504824 169096 176080]
228251704,2021-03-09 20:14:58.183080+00:00,,True,61.609127,132.0,0.0069115194,0.0024064644,0.9904828,1.3921425e-05,6.169591e-05,0.0001236244,True,79237474223941477,720575940627869971,79237474223945690,720575940632409130,[500596 162200 171640],[500500 162248 171680]
89366664,2021-03-09 20:14:58.183080+00:00,,True,5.712808,145.0,0.09424092,0.0253098,0.8629299,0.0025687574,0.007033833,0.00791685,True,78956136619474448,720575940634283616,78956136619512663,720575940632409130,[483600 167308 164080],[483568 167380 164080]
109484237,2021-03-09 20:14:58.183080+00:00,,True,54.878555,147.0,0.028469557,0.7858045,0.03580596,0.014997849,0.0050176866,0.12990433,True,79308049126805084,720575940627869971,79308049126807635,720575940632409130,[505872 172436 179440],[505960 172348 179440]
89366665,2021-03-09 20:14:58.183080+00:00,,True,54.002693,140.0,0.0769826,0.023275752,0.8903406,0.005021873,0.0011024551,0.0032766764,True,78956136619474448,720575940634283616,78956136619512663,720575940632409130,[483608 167344 164160],[483548 167424 164160]
184400939,2021-03-09 20:14:58.183080+00:00,,True,21.142557,30.0,0.0019238237,0.96107703,0.0298273,1.086583e-06,0.004123575,0.0030471755,True,80646635880779592,720575940609695683,80646635880759404,720575940625963432,[582616 264804 185120],[582732 264768 185120]
24499164,2021-03-09 20:14:58.183080+00:00,,True,50.046833,136.0,0.5660077,0.09874473,0.08685035,0.23344769,0.0051295077,0.009820016,True,79166967974074376,720575940619637056,79166967974072831,720575940632409130,[498960 153004 162200],[499024 152920 162200]
159232268,2021-03-09 20:14:58.183080+00:00,,True,28.834576,160.0,0.01825791,0.01948172,0.95698303,0.0006217922,0.0013882724,0.003267327,True,78956136685958902,720575940634283616,78956136685936594,720575940632409130,[483768 167444 164800],[483776 167564 164760]
159232269,2021-03-09 20:14:58.183080+00:00,,True,499.92242,165.0,0.015525427,0.016079355,0.9650894,0.00032030782,0.0015781989,0.0014073069,True,78956136685958902,720575940634283616,78956136685936594,720575940632409130,[483824 167444 164800],[483832 167544 164800]
117204398,2021-03-09 20:14:58.183080+00:00,,True,77.60536,135.0,0.00022386867,0.9895347,9.877257e-06,0.0100832805,6.489024e-07,0.00014760425,True,80574892546317910,720575940619896711,80574892546315050,720575940625963432,[581032 185164 141600],[580960 185080 141560]
46586913,2021-03-09 20:14:58.183080+00:00,,True,65.76755,21.0,0.09952857,0.42061043,0.23836915,0.01086874,0.19256236,0.03806072,True,80153229903800266,720575940628236554,80153229903801517,720575940625963432,[555680 215832 150680],[555680 215760 150680]
243270563,2021-03-09 20:14:58.183080+00:00,,True,254.77786,42.0,0.01783554,0.8172844,0.005777275,0.0018141585,0.026799303,0.13048935,True,80153367342953124,720575940603201452,80153367342977602,720575940625963432,[552852 224632 157240],[552904 224532 157240]
24495636,2021-03-09 20:14:58.183080+00:00,,True,131.43481,136.0,0.7981878,0.02178172,0.16567974,0.008251715,0.0021479214,0.0039511914,True,79166967974083304,720575940619637056,79166967974081721,720575940632409130,[499224 153308 162320],[499256 153256 162360]
24499163,2021-03-09 20:14:58.183080+00:00,,True,51.4228,126.0,0.6757729,0.12378139,0.09271871,0.09245974,0.0063471785,0.008920074,True,79166967974074376,720575940619637056,79166967974080147,720575940632409130,[498912 152960 162120],[498928 152856 162120]
46586827,2021-03-09 20:14:58.183080+00:00,,True,23.231125,0.0,0.55737275,0.38243026,0.0058183237,0.0064462395,0.0051055457,0.042826843,True,80153229903796605,720575940628236554,80153229903770971,720575940625963432,[556088 215824 150320],[556084 215832 150280]
46586841,2021-03-09 20:14:58.183080+00:00,,True,279.1307,0.0,0.6953671,0.0131468065,0.27735522,0.00014084211,0.0034743028,0.010515702,True,80153229903791311,720575940628236554,80153161184309392,720575940625963432,[555576 215636 150360],[555548 215548 150360]
46586842,2021-03-09 20:14:58.183080+00:00,,True,24.176748,0.0,0.99541277,0.0026719852,0.0014079594,1.8724585e-06,6.0385828e-05,0.00044511282,True,80153229903791311,720575940628236554,80153229903790068,720575940625963432,[555512 215656 150320],[555428 215604 150360]
46586906,2021-03-09 20:14:58.183080+00:00,,True,49.51261,17.0,0.09323822,0.57618505,0.119593576,0.022460062,0.027673379,0.16084972,True,80153229903800266,720575940628236554,80153229903801517,720575940625963432,[555760 215816 150640],[555852 215780 150640]
194884401,2021-03-09 20:14:58.183080+00:00,,True,96.09239,0.0,0.69496024,0.21785203,0.023414323,0.017193116,0.011657004,0.03492319,True,80436835318565260,720575940623431571,80436835318568604,720575940625963432,[571476 345856 193720],[571372 345760 193680]
158775210,2021-03-09 20:14:58.183080+00:00,,True,433.8864,157.0,0.0044843983,0.9303027,0.0001852935,6.989743e-06,0.053371508,0.011649095,True,80083892018719179,720575940621031006,80083892018716261,720575940625963432,[550432 277732 165720],[550504 277840 165720]
8093739,2021-03-09 20:14:58.183080+00:00,,True,65.69486,0.0,0.034111932,0.24331376,0.026744457,0.03796674,0.3915367,0.2663264,True,80645536234982414,720575940626102567,80645536234973737,720575940625963432,[583520 202000 145800],[583592 201804 145760]
233786413,2021-03-09 20:14:58.183080+00:00,,True,21.046669,7.0,5.9695587e-05,2.897681e-07,8.825599e-09,0.9345244,0.064766824,0.0006487513,True,80295410702731881,720575940619046267,80295410702733106,720575940625963432,[564712 303180 220240],[564808 303196 220280]
233786415,2021-03-09 20:14:58.183080+00:00,,True,81.96939,4.0,0.00027844857,7.652004e-06,1.0035823e-07,0.8419803,0.15649259,0.001241001,True,80295410702731881,720575940619046267,80295410702733106,720575940625963432,[564652 303200 220320],[564784 303236 220320]
137284967,2021-03-09 20:14:58.183080+00:00,,True,90.42426,74.0,0.0028121131,0.8631837,0.0009802924,0.0009686962,0.008077824,0.12397741,True,80224010965182164,720575940613235865,80224010965188354,720575940625963432,[558888 240136 161120],[558840 240220 161120]
233786411,2021-03-09 20:14:58.183080+00:00,,True,9.546903,0.0,0.025332678,0.010461102,0.0005507645,0.12278505,0.7879672,0.052903205,True,80365779446896291,720575940453345870,80365779446896224,720575940625963432,[565656 303156 220280],[565536 303100 220240]
86175031,2021-03-09 20:14:58.183080+00:00,,True,25.88979,146.0,0.15774058,0.005137311,0.83687615,3.42587e-05,2.358274e-05,0.00018814848,True,80644986479600482,720575940612291426,80644986479578942,720575940625963432,[584688 166592 159320],[584504 166600 159280]
86175039,2021-03-09 20:14:58.183080+00:00,,True,25.087612,145.0,0.2580141,0.08500987,0.6425501,0.0006683697,0.0037889637,0.009968538,True,80644986479600721,720575940612291426,80644986479603293,720575940625963432,[584528 166620 159400],[584416 166640 159360]
86175041,2021-03-09 20:14:58.183080+00:00,,True,184.8155,144.0,0.3254893,0.02570668,0.6469146,4.8204576e-05,0.00047754106,0.0013636444,True,80644986479603303,720575940612291426,80644986479600740,720575940625963432,[584672 166696 159440],[584592 166772 159400]
86175048,2021-03-09 20:14:58.183080+00:00,,True,8.597104,143.0,0.25029504,0.04927437,0.68151,0.00078293635,0.0057882094,0.01234941,True,80644986479600721,720575940612291426,80644986479600740,720575940625963432,[584520 166640 159440],[584424 166696 159440]
46586845,2021-03-09 20:14:58.183080+00:00,,True,42.503155,0.0,0.45801234,0.3123062,0.064653836,0.0062447772,0.0487085,0.11007428,True,80153161184313730,720575940616274619,80153161184306736,720575940625963432,[556444 215488 150440],[556408 215512 150400]
186957063,2021-03-09 20:14:58.183080+00:00,,True,108.70755,0.0,0.043568134,0.20539187,0.018472554,0.022930605,0.64742774,0.06220908,True,81209791993203049,720575940615484063,81209791993218771,720575940615899622,[616380 279080 203240],[616336 279248 203240]
102514443,2021-03-09 20:14:58.183080+00:00,,True,35.818783,143.0,0.776391,0.11297059,0.10945965,0.00011635984,0.00083490193,0.00022746027,True,80504386429976877,720575940623432918,80504386429972727,720575940625963432,[576980 178248 151800],[576884 178212 151760]
3242320,2021-03-09 20:14:58.183080+00:00,,True,144.9713,0.0,0.06648866,0.25644562,0.0023756814,0.0012722348,0.6402888,0.033129048,True,80577160490223144,720575940630139386,80577160490233387,720575940625963432,[579904 321196 198320],[579940 321044 198280]
242731510,2021-03-09 20:14:58.183080+00:00,,True,149.2636,146.0,0.024687642,0.017934928,0.95377785,0.00020125668,0.0018387546,0.0015595808,True,80153436062427259,720575940628236554,80153436062447276,720575940615899622,[555648 227920 157080],[555532 227944 157080]
240999474,2021-03-09 20:14:58.183080+00:00,,True,300.8766,143.0,0.02208689,0.9446834,0.002478702,0.00044533066,0.00789396,0.02241173,True,81421516566661386,720575940608646665,81421516566667186,720575940625963432,[626696 316712 157440],[626804 316772 157440]
144743366,2021-03-09 20:14:58.183080+00:00,,True,240.4772,150.0,0.007265877,0.06963089,0.9137529,0.00025148763,0.006896878,0.0022019478,True,80153367342912331,720575940628236554,80153367342924183,720575940615899622,[553632 224944 155520],[553572 225060 155520]
205243522,2021-03-09 20:14:58.183080+00:00,,True,384.00378,142.0,0.012097984,0.79284847,0.0015429577,0.001146126,0.011303338,0.18106116,True,80224697958025073,720575940623628509,80224697958025766,720575940615899622,[558756 283240  82560],[558668 283376  82560]
136594225,2021-03-09 20:14:58.183080+00:00,,True,416.88416,148.0,0.034453858,0.27550924,0.65413177,0.009449985,0.0023784814,0.024076674,True,79519979925994369,720575940628236554,79519979925995818,720575940636254810,[519676 220760 159880],[519560 220724 159880]
136594246,2021-03-09 20:14:58.183080+00:00,,True,185.2315,135.0,0.027170159,0.0680416,0.87239444,0.0065070996,0.005110526,0.020776102,True,79519979925994369,720575940628236554,79519979926004120,720575940636254810,[519644 220960 160000],[519544 220996 159960]
136594283,2021-03-09 20:14:58.183080+00:00,,True,338.6212,42.0,0.0004956095,0.0024009643,0.99703974,3.525741e-05,1.2159456e-05,1.6298172e-05,True,79519979926014276,720575940628236554,79519979926004120,720575940636254810,[519560 221392 160120],[519468 221436 160120]
136594214,2021-03-09 20:14:58.183080+00:00,,True,297.69806,137.0,0.08470796,0.24060123,0.6207211,0.0054231873,0.013499335,0.035047196,True,79519979926005348,720575940628236554,79519979925995818,720575940636254810,[519692 220708 159840],[519624 220612 159840]
188411291,2021-03-09 20:14:58.183080+00:00,,True,612.9017,2.0,0.012699265,0.9513452,0.0031068192,8.9500754e-05,0.021591742,0.011167469,True,79730811280203543,720575940618111889,79730811280203588,720575940636254810,[529584 205880 147760],[529524 205948 147720]
188411309,2021-03-09 20:14:58.183080+00:00,,True,188.74649,58.0,0.7724155,0.17340812,0.034197606,2.733841e-05,0.015604603,0.0043467768,True,79730811280213160,720575940633984851,79730811280208263,720575940636254810,[530912 205380 147760],[530996 205332 147760]
145200202,2021-03-09 20:14:58.183080+00:00,,True,29.803013,154.0,0.049095284,0.34396917,0.01700175,0.00024518662,0.5846348,0.005053776,True,79943223048961651,720575940611782874,79943223048969735,720575940615899622,[541744 284628 118640],[541724 284752 118680]
81866824,2021-03-09 20:14:58.183080+00:00,,True,481.8396,165.0,0.029986117,0.72566843,0.11145869,0.0023227544,0.010726643,0.1198374,True,80154329214193675,720575940634923700,80154329214196143,720575940615899622,[554956 282732  92320],[554896 282824  92280]
81879246,2021-03-09 20:14:58.183080+00:00,,True,32.630283,150.0,0.0197117,0.8042835,0.012493833,0.001133049,0.032886278,0.12949157,True,80154329214177983,720575940617358552,80154329214191413,720575940615899622,[553388 283856  92040],[553280 283952  92040]
90302831,2021-03-09 20:14:58.183080+00:00,,True,29.753754,152.0,0.0023839492,0.99539185,3.247824e-05,1.0591797e-06,0.0005357135,0.0016549062,True,80012629854832736,720575940635591776,80012629854854161,720575940615899622,[544976 226812 164000],[545072 226832 164000]
99300895,2021-03-09 20:14:58.183080+00:00,,True,287.44986,135.0,0.004091589,0.24644314,0.017414946,4.5114934e-06,0.67637855,0.055667277,True,80083960469856581,720575940631209519,80083960469852863,720575940615899622,[551432 281912  86760],[551380 281768  86760]
99540501,2021-03-09 20:14:58.183080+00:00,,True,183.0101,139.0,0.027030898,0.8332247,0.0004547081,0.0014842444,0.099059,0.038746458,True,79942741945154893,720575940623628509,79942741945152521,720575940615899622,[540376 253944  86600],[540492 253952  86560]
22209416,2021-03-09 20:14:58.183080+00:00,,True,59.91239,9.0,0.42073163,0.22638203,0.004601025,0.11369135,0.07576236,0.15883157,True,81421860231180248,720575940583167125,81421860231182599,720575940615899622,[626900 335936 177920],[626732 335804 177960]
81879256,2021-03-09 20:14:58.183080+00:00,,True,628.3109,144.0,0.017591072,0.95435137,0.0019425089,0.00031337127,0.0053314744,0.020470144,True,80154329214177983,720575940617358552,80154329214191413,720575940615899622,[553432 283836  92120],[553324 283908  92080]
14477362,2021-03-09 20:14:58.183080+00:00,,True,25.967506,0.0,0.1189385,0.1466143,0.10892327,0.10017786,0.27486223,0.2504839,True,80154604561698677,720575940647582585,80154604561702006,720575940615899622,[554304 297596 232440],[554088 297644 232440]
14477364,2021-03-09 20:14:58.183080+00:00,,True,6.678559,0.0,0.052032012,0.060184214,0.015408219,0.25490317,0.4897759,0.12769654,True,80154604561711458,720575940647582585,80154604561706954,720575940615899622,[553080 297796 232760],[553028 297668 232760]
3242331,2021-03-09 20:14:58.183080+00:00,,True,27.799675,0.0,0.34474805,0.3462017,0.13348398,0.004302647,0.012238714,0.15902497,True,80577160490246423,720575940640325429,80577160490243719,720575940615899622,[579964 320824 198720],[579992 320680 198720]
65462581,2021-03-09 20:14:58.183080+00:00,,True,60.98561,0.0,0.23952118,0.078310415,0.03176487,0.33520344,0.1679675,0.14723262,True,80436079471304579,720575940614758795,80436010751836883,720575940615899622,[572304 297500 210480],[572344 297384 210480]
65462582,2021-03-09 20:14:58.183080+00:00,,True,87.43689,0.0,0.12639077,0.019505419,0.071711175,0.059848104,0.31780624,0.40473825,True,80436079471322259,720575940610863310,80436010751834301,720575940615899622,[572068 297508 210480],[572032 297396 210480]
82910932,2021-03-09 20:14:58.183080+00:00,,True,429.13763,107.0,0.13457152,0.55121076,0.13374016,0.0021097176,0.026104944,0.15226291,True,80013523006345559,720575940643325581,80013523006340585,720575940615899622,[547588 279848  91280],[547688 279828  91280]
156995654,2021-03-09 20:14:58.183080+00:00,,True,364.47015,1.0,4.2940957e-08,2.7344262e-09,3.8109516e-12,0.9998666,9.910415e-05,3.428739e-05,True,79028017259233477,720575940628884496,79028017259225148,720575940653053601,[488528 260044 182080],[488388 259940 182080]
44861818,2021-03-09 20:14:58.183080+00:00,,True,64.94002,0.0,0.114031956,0.20911303,0.23291045,0.21602751,0.16536321,0.06255385,True,78815880167034319,720575940631584876,78815880167030574,720575940653053601,[476008 199064 150520],[475916 199020 150560]
44861827,2021-03-09 20:14:58.183080+00:00,,True,57.276234,0.0,0.19867246,0.07439372,0.4254515,0.06074856,0.17978048,0.060953323,True,78815948886520338,720575940631584876,78815880167034262,720575940653053601,[476080 199192 150640],[475968 199164 150640]
156995640,2021-03-09 20:14:58.183080+00:00,,True,100.783264,1.0,4.4406725e-06,2.4080744e-06,2.5588982e-09,0.9959061,0.0030961954,0.000990883,True,79028017259233477,720575940628884496,79028017259225148,720575940653053601,[488528 260036 182040],[488456 259940 182040]
225890919,2021-03-09 20:14:58.183080+00:00,,True,84.55955,142.0,0.045727868,0.20744872,0.30688375,0.0069350908,0.027184045,0.40582055,True,78604017953367475,720575940621947302,78604017953371271,720575940653053601,[465308 153628 136920],[465384 153680 136960]
242941084,2021-03-09 20:14:58.183080+00:00,,True,224.86032,142.0,0.027895669,0.41602293,0.4612143,0.0049625863,0.0065608867,0.0833436,True,79097561302373237,720575940618635072,79097561302373256,720575940653053601,[494268 209460 156840],[494312 209576 156840]
143569679,2021-03-09 20:14:58.183080+00:00,,True,76.35724,13.0,0.0069947294,0.9285717,0.00072866667,7.188609e-05,0.012530602,0.051102377,True,79238367510167307,720575940633640493,79238367510175863,720575940653053601,[502768 214312 155720],[502704 214384 155720]
242941109,2021-03-09 20:14:58.183080+00:00,,True,50.12337,146.0,0.048659842,0.34206593,0.51669425,0.0048734834,0.009161022,0.07854538,True,79097561302373237,720575940618635072,79097561302375956,720575940653053601,[494244 209468 156920],[494292 209576 156920]
225890893,2021-03-09 20:14:58.183080+00:00,,True,56.534794,13.0,5.2778887e-06,0.0054170196,0.9945767,2.557096e-13,9.596179e-07,7.585875e-09,True,78604086672851296,720575940624729774,78604086672851369,720575940653053601,[463940 154168 136800],[464056 154216 136840]
143569737,2021-03-09 20:14:58.183080+00:00,,True,68.21559,147.0,0.021734081,0.055892553,0.23170671,0.046070985,0.6328855,0.011710119,True,79238367510194091,720575940628236554,79238367510175863,720575940653053601,[502576 214496 156000],[502664 214500 156000]
241105602,2021-03-09 20:14:58.183080+00:00,,True,693.7816,144.0,0.001696679,0.0020586478,0.9961505,7.271916e-06,3.202963e-06,8.370766e-05,True,79379173718089866,720575940618635072,79379173718096688,720575940653053601,[508000 219508 157640],[507948 219564 157640]
194674422,2021-03-09 20:14:58.183080+00:00,,True,30.850624,1.0,0.0055017667,0.0069648577,0.0006468332,4.589545e-07,0.9743953,0.012490822,True,81280366895506942,720575940622248453,81280366895510849,720575940625963432,[620520 290720 193400],[620596 290664 193400]
193506639,2021-03-09 20:14:58.183080+00:00,,True,99.589325,146.0,0.0062993458,0.95275664,0.0015567637,1.5618547e-05,0.011778811,0.02759285,True,78744961600296057,720575940617613858,78744961600291863,720575940653053601,[470912 164776 140600],[470920 164652 140600]
89736317,2021-03-09 20:14:58.183080+00:00,,True,588.61554,164.0,0.0025132175,0.88276726,0.00013765313,9.97399e-05,0.00032550085,0.11415669,True,79168617241592726,720575940623682195,79168617241568001,720575940653053601,[497960 250084 163880],[497988 250196 163840]
160044063,2021-03-09 20:14:58.183080+00:00,,True,32.673943,0.0,0.10119891,0.5325754,0.2172665,0.0013470515,0.02213871,0.12547342,True,79239054771720276,720575940629026174,79239054771717653,720575940653053601,[503176 254640 165720],[503080 254672 165720]
160044064,2021-03-09 20:14:58.183080+00:00,,True,28.8931,0.0,0.028672207,0.43456256,0.4726492,0.0010221361,0.015862111,0.047231745,True,79239054771720276,720575940629026174,79239054771717653,720575940653053601,[503148 254628 165760],[503068 254680 165760]
160044053,2021-03-09 20:14:58.183080+00:00,,True,150.2895,0.0,0.041485403,0.85752195,0.034998298,0.004803853,0.003719623,0.057470832,True,79239054771727101,720575940629026174,79239054771712745,720575940653053601,[503256 254680 165640],[503208 254728 165600]
163894743,2021-03-09 20:14:58.183080+00:00,,True,69.77979,148.0,0.024191119,0.8318541,0.012269625,0.0010748429,0.006708175,0.12390219,True,79098866771222987,720575940625990500,79098866771224201,720575940653053601,[494732 287716  98080],[494596 287688  98080]
120937404,2021-03-09 20:14:58.183080+00:00,,True,36.797646,152.0,0.1062329,0.6753208,0.062405076,0.0016973012,0.11339198,0.04095189,True,79380135589617206,720575940639521902,79380135589610484,720575940653053601,[508116 273512 101800],[508264 273644 101760]
120937414,2021-03-09 20:14:58.183080+00:00,,True,32.637245,121.0,0.07904602,0.54079014,0.19410191,0.0005193932,0.09298792,0.09255462,True,79380135589617206,720575940639521902,79380135589610484,720575940653053601,[508104 273536 101880],[508248 273640 101840]
108028519,2021-03-09 20:14:58.183080+00:00,,True,6.6793623,0.0,0.73712456,0.10585112,0.10701553,0.002926926,0.02589791,0.021183938,True,79309835765566150,720575940630460919,79309835765564525,720575940653053601,[507208 280424 144040],[507184 280328 144000]
133886576,2021-03-09 20:14:58.183080+00:00,,True,13.409179,0.0,0.034369357,0.10086779,0.13275777,0.08977664,0.48808157,0.15414687,True,79380135656159447,720575940630697078,79380135656159436,720575940653053601,[510528 273616 104880],[510412 273576 104920]
139121019,2021-03-09 20:14:58.183080+00:00,,True,131.82468,3.0,0.036834266,0.06262148,0.43770918,0.028975224,0.31900883,0.11485104,True,79449748620812723,720575940610739406,79449748620826272,720575940653053601,[515024 227952 161240],[514968 228064 161240]
84172074,2021-03-09 20:14:58.183080+00:00,,True,11.509682,149.0,0.37955764,0.08843788,0.43027544,0.07775584,0.0074344007,0.016538693,True,79379242437598230,720575940628236554,79379242437606879,720575940653053601,[511276 222336 159400],[511252 222204 159400]
163894751,2021-03-09 20:14:58.183080+00:00,,True,10.538929,104.0,0.025194459,0.8853735,0.0038802724,0.0002705099,0.0036567796,0.08162455,True,79098866771222987,720575940625990500,79098866771224201,720575940653053601,[494708 287708  98120],[494584 287688  98120]
163894755,2021-03-09 20:14:58.183080+00:00,,True,169.70204,138.0,0.0029904575,0.9455153,3.0640815e-05,1.2090526e-05,0.00058265857,0.050868977,True,79169235515390101,720575940622348156,79169235515391355,720575940653053601,[495300 288636  98080],[495296 288532  98120]
89136476,2021-03-09 20:14:58.183080+00:00,,True,99.97202,57.0,0.03397704,0.8726755,0.010237083,0.00088651775,0.013076651,0.06914708,True,79168548522106757,720575940623682195,79168548522093816,720575940653053601,[498288 247604 163960],[498340 247576 163880]
139121043,2021-03-09 20:14:58.183080+00:00,,True,130.28201,20.0,0.038017612,0.069498315,0.62682647,0.007140524,0.10777965,0.15073746,True,79449748620827371,720575940610739406,79449748620826272,720575940653053601,[515008 227996 161280],[514964 228072 161280]
85017172,2021-03-09 20:14:58.183080+00:00,,True,218.55554,0.0,0.31973198,0.22941327,0.20580165,0.00034485967,0.066858426,0.1778498,True,79379173718131038,720575940611848874,79379173718110537,720575940653053601,[508064 218788 158280],[508088 218812 158160]
85017180,2021-03-09 20:14:58.183080+00:00,,True,10.522546,0.0,0.25626552,0.19646426,0.22946532,0.0011024385,0.073984936,0.24271753,True,79379173718115820,720575940623164515,79379173718110537,720575940653053601,[508092 218776 158240],[508112 218744 158200]
227690821,2021-03-09 20:14:58.183080+00:00,,True,507.83347,142.0,0.022376185,0.9187788,0.027855301,0.002059061,0.0025846716,0.026346086,True,78674524136505834,720575940621947302,78674524136503096,720575940653053601,[467520 161456 136640],[467424 161360 136600]
69136808,2021-03-09 20:14:58.183080+00:00,,True,249.87074,151.0,0.0017289064,0.9958786,4.0510346e-05,0.0008253765,8.3398954e-05,0.0014432651,True,78815811447531634,720575940624152051,78745442703320499,720575940653053601,[474932 193844 149240],[474804 193772 149240]
60039733,2021-03-09 20:14:58.183080+00:00,,True,158.03386,117.0,0.028841365,0.13468559,0.80680794,0.00062946236,0.015541932,0.013493699,True,78817117251995379,720575940619110683,78817117251989631,720575940653053601,[475024 269636 195280],[475040 269532 195320]
117350086,2021-03-09 20:14:58.183080+00:00,,True,44.48238,144.0,0.50202435,0.015698858,0.47504056,8.016521e-05,0.00082475954,0.006331287,True,78533443050912119,720575940633984851,78533443050932481,720575940653053601,[462308 138604 142320],[462408 138488 142320]
117350092,2021-03-09 20:14:58.183080+00:00,,True,6.689659,144.0,0.42950004,0.059394773,0.49807814,0.00030872048,0.0014838679,0.011234537,True,78533443050912119,720575940633984851,78533443050931198,720575940653053601,[462312 138580 142320],[462432 138460 142360]
9722049,2021-03-09 20:14:58.183080+00:00,,True,197.78719,147.0,0.0018928855,0.9946936,2.5014424e-07,2.8536478e-08,0.00040607998,0.0030071393,True,79098798051711013,720575940625990500,79098798051691398,720575940653053601,[493320 284192  96480],[493360 284296  96480]
242988253,2021-03-09 20:14:58.183080+00:00,,True,343.4604,149.0,7.981388e-06,0.9999783,1.8874616e-10,3.6826629e-07,1.0302597e-08,1.3385137e-05,True,79379929632345078,720575940621031006,79379929632332501,720575940653053601,[508732 261744 157600],[508852 261720 157600]
202350844,2021-03-09 20:14:58.183080+00:00,,True,214.18817,150.0,0.012376437,0.94370407,0.0019717347,0.011934875,0.0035783232,0.026434494,True,78744824161059274,720575940620617153,78744824161056475,720575940620328828,[472404 156964 132160],[472464 156852 132160]
209724955,2021-03-09 20:14:58.183080+00:00,,True,19.165022,0.0,0.09534029,0.12514234,0.1416665,0.011093031,0.06872705,0.5580308,True,79309904351094462,720575940619465200,79309904351099611,720575940628800207,[504940 282208 110600],[504920 282096 110600]
202382744,2021-03-09 20:14:58.183080+00:00,,True,22.033697,13.0,0.11114625,0.31864268,0.1943357,0.00030487176,0.24815436,0.12741615,True,78744824161053655,720575940643918103,78744824161068518,720575940620328828,[473424 156712 132320],[473468 156608 132360]
217983625,2021-03-09 20:14:58.183080+00:00,,True,7.6491776,54.0,0.042544477,0.8291438,0.08523046,0.011772147,0.0050204145,0.026288576,True,78322611629198284,720575940609834308,78322611629188351,720575940620328828,[448272 154904 121360],[448320 154992 121320]
190057515,2021-03-09 20:14:58.183080+00:00,,True,6.678526,0.0,0.00011555436,1.9979346e-07,1.1552108e-08,0.9957592,0.0013309026,0.0027942539,True,78815674008487068,720575940625184782,78815674008491219,720575940620328828,[476956 183416 146880],[476900 183332 146920]
217983713,2021-03-09 20:14:58.183080+00:00,,True,13.412252,143.0,0.009312898,0.77993673,0.17132162,0.007509174,0.0046404186,0.027279159,True,78322611629205281,720575940611077188,78322611629189833,720575940620328828,[448288 155404 121720],[448192 155236 121680]
205478802,2021-03-09 20:14:58.183080+00:00,,True,281.40814,143.0,0.010812873,0.9531932,0.006655157,0.000774748,0.0021318386,0.026432287,True,79098935490216749,720575940621031006,79098935490218100,720575940628800207,[492980 292720  83680],[492880 292708  83680]
143584832,2021-03-09 20:14:58.183080+00:00,,True,249.21492,148.0,0.9673827,0.012064707,0.01702664,1.5990122e-06,0.00031235535,0.003211947,True,79660579975237291,720575940626232153,79660579975234513,720575940628800207,[524380 215412 155120],[524328 215336 155120]
190057527,2021-03-09 20:14:58.183080+00:00,,True,225.53287,3.0,0.120430395,0.4532461,0.2926356,0.005764727,0.020739302,0.10718381,True,78815605289001538,720575940611982997,78815605289010346,720575940620328828,[477000 182512 147120],[477104 182584 147080]
190057556,2021-03-09 20:14:58.183080+00:00,,True,291.3532,149.0,0.019418815,0.06740164,0.2860982,0.0099845985,0.094201304,0.52289546,True,78815605289007510,720575940611982997,78815605289020749,720575940620328828,[476776 182328 147320],[476856 182416 147320]
190057562,2021-03-09 20:14:58.183080+00:00,,True,376.40527,109.0,0.55771416,0.03229448,0.2446383,0.0007976774,0.13601534,0.028540017,True,78815674008507643,720575940621665263,78815674008501393,720575940620328828,[476752 182960 147360],[476776 182928 147360]
211193480,2021-03-09 20:14:58.183080+00:00,,True,12.424483,0.0,0.06991075,0.3001847,0.009750322,0.06888255,0.371241,0.18003067,True,79380204375782068,720575940626556177,79380204375800361,720575940620328828,[510320 280456 109960],[510276 280320 109960]
190057531,2021-03-09 20:14:58.183080+00:00,,True,48.27421,2.0,0.69474125,0.12635311,0.15372086,0.0013788869,0.009010611,0.0147953015,True,78815605289028674,720575940633984851,78815605289017703,720575940620328828,[477104 181516 147200],[477064 181496 147160]
143286053,2021-03-09 20:14:58.183080+00:00,,True,301.96436,151.0,0.0005205659,0.99887484,1.9840875e-06,2.973453e-06,0.00024901106,0.00035064053,True,79309835765967710,720575940615378700,79309835765963826,720575940620328828,[506704 277460 155520],[506640 277548 155520]
82636484,2021-03-09 20:14:58.183080+00:00,,True,123.488,0.0,0.47881263,0.3692261,0.060151283,0.0019439228,0.05797281,0.031893257,True,79450092016583961,720575940623840202,79450092016589171,720575940620328828,[513332 249352  91160],[513416 249368  91160]
212237088,2021-03-09 20:14:58.183080+00:00,,True,6.676437,0.0,0.09678998,0.37816334,0.08042426,0.25684527,0.09454897,0.093228176,True,78744755374849289,720575940637341668,78744755374871436,720575940620328828,[471420 153464 122960],[471396 153616 123040]
154212302,2021-03-09 20:14:58.183080+00:00,,True,305.75555,150.0,0.0011146385,0.28434995,0.00051317277,6.634601e-11,0.6283799,0.085642286,True,79450092016736120,720575940624431460,79450092016709841,720575940620328828,[512108 251188  95400],[512100 251272  95360]
154212293,2021-03-09 20:14:58.183080+00:00,,True,149.31326,143.0,0.00039233261,0.07201521,0.00010959878,3.7443613e-13,0.90913117,0.018351736,True,79450092016716230,720575940624431460,79450092016708526,720575940620328828,[512060 251176  95320],[512048 251256  95280]
236244271,2021-03-09 20:14:58.183080+00:00,,True,11.511164,7.0,0.003063848,0.7853559,0.006840846,0.04669267,0.006209424,0.15183732,True,78392980373323970,720575940580161652,78463349117502655,720575940620328828,[454304 156180 120480],[454364 156056 120480]
241362554,2021-03-09 20:14:58.183080+00:00,,True,203.98508,0.0,0.082008176,0.01146659,0.00018101679,0.2624126,0.50931644,0.13461517,True,79379998351811039,720575940636232932,79379998351792947,720575940620328828,[510792 264788 157320],[510656 264904 157360]
126705738,2021-03-09 20:14:58.183080+00:00,,True,287.7022,144.0,0.0020219171,0.92409974,8.819098e-05,7.0326934e-07,0.0026375498,0.071151815,True,79169098076500046,720575940634923700,79169098076490837,720575940628800207,[497248 280504  99440],[497344 280580  99480]
102608192,2021-03-09 20:14:58.183080+00:00,,True,77.1353,0.0,0.023300499,0.0024166345,0.014455958,0.1128169,0.4131746,0.43383542,True,78886386350240993,720575940624323110,78886386350260146,720575940620328828,[479772 203864 152800],[479700 203860 152840]
104888907,2021-03-09 20:14:58.183080+00:00,,True,15.282168,140.0,0.0006903593,9.153623e-05,0.0020752645,0.00042169573,0.016645482,0.9800757,True,79380135656180926,720575940608368818,79380135656186601,720575940620328828,[508780 276736 106040],[508652 276800 105960]
154212305,2021-03-09 20:14:58.183080+00:00,,True,72.90638,145.0,0.015563848,0.7187825,0.004917977,7.5813135e-05,0.032278743,0.22838107,True,79450092016727904,720575940630439471,79450092016729275,720575940620328828,[513068 250096  95400],[512980 250156  95440]
70041590,2021-03-09 20:14:58.183080+00:00,,True,448.54,5.0,0.002730338,0.96015555,0.00011748587,3.5728692e-07,0.009747828,0.02724844,True,79380067071000713,720575940621680774,79380067071004387,720575940620328828,[508104 271952 149480],[508128 271764 149440]
81866302,2021-03-09 20:14:58.183080+00:00,,True,231.3584,151.0,0.21917376,0.10129527,0.61603165,0.030811638,0.013347007,0.01934063,True,79169235515180972,720575940611991830,79169235515184512,720575940628800207,[498188 285836  91680],[498140 285720  91680]
85017119,2021-03-09 20:14:58.183080+00:00,,True,210.11757,161.0,0.01586076,0.024920015,0.9581235,3.644285e-05,0.00041061873,0.0006486812,True,79379242437565878,720575940627447427,79379242437568843,720575940620328828,[507960 220104 158000],[507840 220052 158000]
7991063,2021-03-09 20:14:58.183080+00:00,,True,134.50613,120.0,0.13724028,0.013348737,0.8438665,0.00021591732,0.002062885,0.0032657047,True,78815536569510407,720575940611982997,78815536569509193,720575940620328828,[476564 176908 145960],[476644 177052 145960]
98323554,2021-03-09 20:14:58.183080+00:00,,True,125.34283,104.0,0.0665141,0.025687419,0.89780146,0.0019254702,0.0008992259,0.0071723117,True,79098935490289625,720575940646088068,79098935490280320,720575940628800207,[494072 291624  86000],[494088 291756  86040]
98592773,2021-03-09 20:14:58.183080+00:00,,True,70.98674,132.0,0.020800972,0.20430022,0.0070001422,0.000242553,0.7236232,0.04403291,True,79099004209792548,720575940613441689,79099004209798045,720575940628800207,[494804 293864  87000],[494680 293844  87000]
98323541,2021-03-09 20:14:58.183080+00:00,,True,197.28214,150.0,0.00089864817,0.8334159,1.110631e-05,2.5475358e-05,0.00066047785,0.16498843,True,79098935490290946,720575940625102692,79098935490290961,720575940628800207,[494856 289852  86000],[494936 289988  85960]
98323563,2021-03-09 20:14:58.183080+00:00,,True,443.46204,143.0,0.0029890437,0.8756936,0.00032383238,0.00031560523,0.0007658343,0.11991208,True,79098935490295289,720575940625102692,79098935490290961,720575940628800207,[494808 289852  86080],[494888 289968  86040]
238282025,2021-03-09 20:14:58.183080+00:00,,True,156.90756,141.0,0.030796727,0.845526,0.014166939,0.00017068254,0.03867112,0.07066849,True,79098111125269804,720575940629055227,79098111125276949,720575940628800207,[493348 243072 176000],[493240 243016 175960]
144253328,2021-03-09 20:14:58.183080+00:00,,True,47.386784,0.0,0.6350559,0.09372302,0.10046857,0.011359949,0.036104206,0.12328839,True,79449748620625939,720575940649591673,79449748620620845,720575940628800207,[512536 228564 155320],[512592 228512 155320]
209717977,2021-03-09 20:14:58.183080+00:00,,True,32.630478,140.0,0.002174017,0.9759595,4.7590143e-05,1.4022072e-06,0.0042000418,0.017617594,True,79380273095292068,720575940627555590,79380273095293386,720575940628800207,[508092 283060 110560],[508072 283140 110560]
209717980,2021-03-09 20:14:58.183080+00:00,,True,170.02716,146.0,0.0012760748,0.9909882,5.0427943e-06,6.0164217e-07,0.00069773255,0.0070323935,True,79380273095292068,720575940627555590,79380273095293386,720575940628800207,[508144 283072 110600],[508120 283140 110600]
175001996,2021-03-09 20:14:58.183080+00:00,,True,155.81961,0.0,0.18275948,0.09246909,0.0017779603,0.0014008947,0.04729442,0.67429817,True,78184829346331736,720575940614466478,78184829346331731,720575940628800207,[441356 331992 189240],[441424 331768 189280]
175001995,2021-03-09 20:14:58.183080+00:00,,True,39.321594,0.0,0.87718374,0.102320224,1.635888e-05,0.0010237838,0.00013580114,0.019320065,True,78184829346331229,720575940620328828,78184829346328840,720575940628800207,[440500 330372 189200],[440536 330512 189160]
63298791,2021-03-09 20:14:58.183080+00:00,,True,19.13717,77.0,0.011963784,0.85635424,0.011482827,0.00063652196,0.012946647,0.106615975,True,78957786020681598,720575940625962312,78957786020692552,720575940628800207,[485276 265604 190360],[485304 265600 190400]
68454511,2021-03-09 20:14:58.183080+00:00,,True,21.033411,0.0,0.07600785,0.07018425,0.69762665,0.00031242715,0.13631408,0.019554708,True,78957579862133550,720575940451434805,78957579862136502,720575940628800207,[483792 253028 186600],[483916 252984 186600]
132924614,2021-03-09 20:14:58.183080+00:00,,True,73.11541,6.0,0.0074352995,0.9625141,0.00049122097,2.5787606e-06,0.029045396,0.0005112695,True,79309698192510934,720575940616777024,79309698192503475,720575940628800207,[505044 270888 105360],[505016 270748 105400]
52581523,2021-03-09 20:14:58.183080+00:00,,True,25.785633,55.0,0.003799116,0.68614334,1.48022245e-05,9.61631e-07,0.126686,0.18335575,True,79450710558701232,720575940628386295,79450710558716697,720575940628800207,[512672 289212 103640],[512676 289128 103640]
124007763,2021-03-09 20:14:58.183080+00:00,,True,422.63895,154.0,0.0006098647,0.24675673,2.4896124e-06,1.0322586e-10,0.7173806,0.03525035,True,80154466652952226,720575940619846932,80154466652941385,720575940615899622,[554448 290488  85640],[554584 290492  85640]
211178862,2021-03-09 20:14:58.183080+00:00,,True,62.9948,153.0,0.0005264486,0.9798982,4.640702e-07,7.317066e-06,0.016662328,0.0029052703,True,79943223048693150,720575940617330107,79943223048688092,720575940642027464,[542844 281104 109920],[542976 281128 109840]
97102844,2021-03-09 20:14:58.183080+00:00,,True,282.8511,142.0,0.044338807,0.89750266,0.011520694,0.00040527887,0.034507476,0.011725087,True,80154466653025665,720575940620833901,80154466653023054,720575940615899622,[553832 291484  88080],[553740 291408  88080]
221936467,2021-03-09 20:14:58.183080+00:00,,True,10.537146,0.0,0.42589363,0.20015705,0.05542936,0.102871455,0.15841272,0.057235774,True,79943223048647214,720575940419080399,79943223048657044,720575940642027464,[543600 281604 108520],[543572 281720 108600]
197359169,2021-03-09 20:14:58.183080+00:00,,True,188.67596,142.0,0.056203827,0.34836435,0.52262527,8.052185e-05,0.027134394,0.045591597,True,78606217244893471,720575940626417997,78606217244877361,720575940636254810,[465212 281216 213240],[465068 281328 213240]
124005124,2021-03-09 20:14:58.183080+00:00,,True,106.03908,56.0,0.008533738,0.814859,0.0017749361,0.00019388614,0.025294138,0.14934434,True,80013729164589074,720575940631327021,80013729164593743,720575940615899622,[545196 291888  85240],[545340 291928  85240]
124005133,2021-03-09 20:14:58.183080+00:00,,True,14.359943,86.0,0.014580341,0.8091322,0.009737759,0.0023501727,0.016447723,0.14775182,True,80013729164589074,720575940631327021,80013729164592219,720575940615899622,[545168 291872  85280],[545320 291872  85280]
104178490,2021-03-09 20:14:58.183080+00:00,,True,25.945656,81.0,0.0072876844,0.8308681,0.0057972968,0.009394973,0.091231905,0.055420026,True,79943223048571610,720575940639242303,79943223048570315,720575940642027464,[542088 283496 106160],[542012 283536 106200]
124005163,2021-03-09 20:14:58.183080+00:00,,True,184.358,130.0,0.11553068,0.5313163,0.12057451,0.0008281715,0.100912035,0.1308383,True,80013729164604465,720575940487598636,80013729164601724,720575940615899622,[546964 290544  85520],[546920 290448  85520]
42744510,2021-03-09 20:14:58.183080+00:00,,True,87.169785,0.0,0.015119107,0.014718865,0.00031791307,0.0026073793,0.7208673,0.24636939,True,80154123257125206,720575940630460919,80154123257129074,720575940623222712,[555428 270252 154280],[555464 270320 154280]
84188121,2021-03-09 20:14:58.183080+00:00,,True,184.46515,126.0,0.04083541,0.10774052,0.7998106,0.008153758,0.010660937,0.032798767,True,79590348670148795,720575940611982997,79590348670158612,720575940632409130,[522144 220512 159560],[522144 220392 159560]
119451737,2021-03-09 20:14:58.183080+00:00,,True,290.18835,142.0,0.39303634,0.00014572512,0.60681677,3.23079e-10,2.4826494e-07,9.813509e-07,True,80013591726152184,720575940629509948,80013591726154600,720575940642027464,[545736 281840 101840],[545644 281832 101840]
196367512,2021-03-09 20:14:58.183080+00:00,,True,16.312912,131.0,0.9944061,0.0044794963,0.0009770375,4.2829234e-07,1.0547436e-06,0.00013581292,True,77831886113955944,720575940645742884,77831886113952148,720575940632409130,[420516 267148 193560],[420432 267160 193600]
136594489,2021-03-09 20:14:58.183080+00:00,,True,131.11475,146.0,0.009670581,0.03253882,0.773202,0.0065683224,0.14705843,0.030961847,True,79590348670199156,720575940628236554,79590348670231545,720575940632409130,[520520 220644 161200],[520612 220556 161160]
84188120,2021-03-09 20:14:58.183080+00:00,,True,252.46942,147.0,0.013852771,0.006443602,0.9767248,7.3042254e-05,0.0007119621,0.0021938311,True,79590348670148676,720575940633984851,79590348670151364,720575940632409130,[522020 220024 159600],[522104 220168 159560]
228842567,2021-03-09 20:14:58.183080+00:00,,True,237.24693,143.0,0.0040700776,0.89704275,0.05305426,5.2080287e-07,0.008351165,0.03748124,True,81421310475148612,720575940623936304,81421310475152626,720575940625963432,[628428 304772 172160],[628264 304708 172160]
196367526,2021-03-09 20:14:58.183080+00:00,,True,22.017143,141.0,0.9918521,0.006569006,0.0014404982,6.7092475e-07,2.1449657e-06,0.00013557849,True,77831886113963998,720575940645742884,77831886113950851,720575940632409130,[420536 267124 193600],[420464 267156 193640]
174175814,2021-03-09 20:14:58.183080+00:00,,True,33.615974,0.0,0.087198086,0.00042413035,7.878655e-07,0.8401155,0.06613883,0.0061225966,True,78114391882637422,720575940628800207,78114391882638882,720575940632409130,[436204 327756 188320],[436172 327568 188280]
228842575,2021-03-09 20:14:58.183080+00:00,,True,51.07275,147.0,0.0030968476,0.6504536,0.26108468,0.00010664349,0.009140726,0.07611745,True,81421310475162404,720575940623936304,81421310475152626,720575940625963432,[628396 304732 172160],[628240 304676 172200]
196367533,2021-03-09 20:14:58.183080+00:00,,True,109.898346,106.0,0.9876236,0.010175655,0.0019773392,3.1907641e-06,4.088763e-06,0.00021616822,True,77831886113955944,720575940645742884,77831886113950851,720575940632409130,[420576 267096 193640],[420480 267136 193680]
214493516,2021-03-09 20:14:58.183080+00:00,,True,488.6454,116.0,0.00032779406,0.00012902335,0.99954295,1.6056097e-08,9.68809e-08,1.18555576e-07,True,78111436743725824,720575940616429825,78111436743717191,720575940620328828,[437020 151664 124160],[437064 151548 124200]
160082959,2021-03-09 20:14:58.183080+00:00,,True,13.427096,94.0,0.023483803,0.7420628,0.07041838,0.0019293292,0.042593222,0.119512476,True,80224285909640325,720575940628911671,80224285909664903,720575940615899622,[560448 258292 165160],[560548 258400 165120]
228842528,2021-03-09 20:14:58.183080+00:00,,True,18.156744,141.0,0.0030147727,0.8885645,0.04035871,1.6517282e-06,0.00064036157,0.06741997,True,81421310475148612,720575940623936304,81421310475141387,720575940625963432,[628496 304696 171920],[628308 304660 171880]
228842532,2021-03-09 20:14:58.183080+00:00,,True,90.22238,147.0,0.018233547,0.7587772,0.0307337,4.3315013e-06,0.0009619172,0.19128932,True,81421310475148612,720575940623936304,81421310475141387,720575940625963432,[628508 304704 171960],[628344 304648 171920]
189877986,2021-03-09 20:14:58.183080+00:00,,True,303.21213,144.0,7.2762676e-05,0.9999156,6.2772614e-09,4.9264264e-07,2.6796164e-07,1.08409295e-05,True,79380204509863734,720575940621031006,79380204509878983,720575940653053601,[508348 278184 146960],[508404 278304 146960]
86981563,2021-03-09 20:14:58.183080+00:00,,True,37.376984,144.0,0.058142446,0.8563147,0.053097565,0.00059573096,0.0050045014,0.026845092,True,79309767046639820,720575940630431225,79309767046633916,720575940632409130,[504092 274712 158920],[504164 274788 158840]
153776566,2021-03-09 20:14:58.183080+00:00,,True,5.721419,152.0,6.4679756e-05,0.99921787,5.4167565e-10,0.00023347273,0.000100159246,0.0003838178,True,80013523006465215,720575940621031006,80013523006466392,720575940615899622,[545276 277584  95200],[545344 277524  95200]
8783313,2021-03-09 20:14:58.183080+00:00,,True,271.79752,149.0,0.0004826057,0.99942744,1.2348748e-07,6.531036e-07,9.4187124e-07,8.827e-05,True,80083891951594484,720575940621031006,80083960671086773,720575940623222712,[549384 281052 145560],[549376 281160 145560]
242940994,2021-03-09 20:14:58.183080+00:00,,True,158.1415,147.0,0.043910366,0.033764496,0.8992489,0.0006358942,0.010445635,0.011994696,True,79097561302372026,720575940611982997,79097561302364984,720575940653053601,[495212 209324 156640],[495204 209304 156560]
228126432,2021-03-09 20:14:58.183080+00:00,,True,196.80556,136.0,0.074496426,0.0112292515,0.9088619,0.00024829194,0.0005899892,0.004574224,True,78604017953382301,720575940611982997,78604017953373442,720575940653053601,[464764 151884 137240],[464896 151840 137200]
242941001,2021-03-09 20:14:58.183080+00:00,,True,14.336106,4.0,0.11970652,0.097421326,0.7244521,0.0007184493,0.03238282,0.02531886,True,79097561302368609,720575940611982997,79097561302360121,720575940653053601,[495112 209624 156560],[495032 209740 156560]
117349920,2021-03-09 20:14:58.183080+00:00,,True,38.591305,5.0,0.58864146,0.006671747,0.39529085,4.366309e-05,0.0018781904,0.0074741147,True,78603743075606713,720575940611982997,78603743075596924,720575940653053601,[463168 136560 141320],[463056 136512 141280]
154188179,2021-03-09 20:14:58.183080+00:00,,True,507.66635,149.0,0.0058651636,0.52460045,0.4665275,0.0007170653,0.0008441072,0.001445662,True,79309904284158983,720575940643325581,79309904284163717,720575940653053601,[505312 282412  94840],[505376 282488  94880]
70840911,2021-03-09 20:14:58.183080+00:00,,True,206.80441,18.0,0.13880494,0.00601647,0.85482097,2.7128004e-05,4.4980174e-05,0.00028549082,True,80293829953158741,720575940611982997,80293829953155868,720575940613998860,[562920 211036 149160],[563004 211212 149160]
190700541,2021-03-09 20:14:58.183080+00:00,,True,173.3787,138.0,0.20495391,0.023337817,0.7458514,0.0022574575,0.0028714382,0.020727966,True,78745373983802996,720575940611982997,78745373983808425,720575940653053601,[473880 186936 147560],[473992 186984 147560]
190700557,2021-03-09 20:14:58.183080+00:00,,True,173.89293,144.0,0.25281438,0.021024497,0.71242803,0.0015076356,0.0018995072,0.010325954,True,78745373983802996,720575940611982997,78745373983808425,720575940653053601,[473912 186936 147600],[474072 186964 147640]
153776554,2021-03-09 20:14:58.183080+00:00,,True,32.790527,149.0,0.0006510081,0.9987638,1.024024e-07,1.3756804e-06,9.5464515e-05,0.00048827444,True,80013523006465215,720575940621031006,80013523006466392,720575940615899622,[545288 277580  95000],[545364 277508  95040]
101503748,2021-03-09 20:14:58.183080+00:00,,True,204.05252,48.0,0.01803367,0.10259302,0.65953416,0.038782634,0.01752708,0.1635295,True,79379448595840308,720575940611982997,79379448595832950,720575940628800207,[510088 234508 152760],[510144 234436 152760]
86893578,2021-03-09 20:14:58.183080+00:00,,True,68.01432,26.0,0.033025153,0.6610546,0.0014286591,0.011205032,0.29065245,0.0026340364,True,79379929632361549,720575940633943136,79379929632352140,720575940653053601,[509132 261316 158240],[509228 261384 158160]
225888984,2021-03-09 20:14:58.183080+00:00,,True,630.34326,146.0,0.0051196064,0.9106645,0.0015759348,0.07750287,5.3124866e-05,0.005083909,True,78674455417006846,720575940646821252,78674386697525471,720575940653053601,[468016 154156 136200],[467932 154016 136200]
205469415,2021-03-09 20:14:58.183080+00:00,,True,146.97488,162.0,0.031293966,0.93842894,0.015957924,0.005650945,0.0013885365,0.007279717,True,79098935490208609,720575940621031006,79098935490204096,720575940628800207,[492248 293332  83200],[492252 293216  83160]
6544113,2021-03-09 20:14:58.183080+00:00,,True,139.2307,149.0,0.18930052,0.07604898,0.32921475,0.022162555,0.015453796,0.36781937,True,80645604954474259,720575940611982997,80645604954470381,720575940623222712,[582776 204480 145960],[582636 204472 145960]
38981358,2021-03-09 20:14:58.183080+00:00,,True,28.968872,69.0,0.005662865,0.9810955,1.3416782e-05,2.945614e-05,0.0027967407,0.010402028,True,79450641906549970,720575940621031006,79450641906548589,720575940628800207,[514388 283512 130480],[514456 283400 130480]
26063028,2021-03-09 20:14:58.183080+00:00,,True,1044.4268,146.0,0.02188969,0.698365,0.0056843064,0.00018690461,0.19666809,0.07720603,True,78885699155777277,720575940646821252,78885699155775002,720575940632409130,[480916 165868 162240],[480856 165956 162200]
87040749,2021-03-09 20:14:58.183080+00:00,,True,168.2031,17.0,0.007661003,0.9671536,6.318441e-05,9.649336e-06,0.023996504,0.0011159931,True,79379792193438909,720575940621031006,79379792193434877,720575940628800207,[508564 254324 159240],[508432 254312 159240]
221442363,2021-03-09 20:14:58.183080+00:00,,True,25.95837,139.0,0.001048286,0.98949754,1.104645e-05,0.00023174037,0.00017273393,0.009038703,True,79309766912075756,720575940621031006,79309766912069785,720575940628800207,[506872 276912 108120],[506704 276884 108160]
221442371,2021-03-09 20:14:58.183080+00:00,,True,123.62783,133.0,0.0026291995,0.99666566,1.0244959e-05,0.00015132355,3.9414335e-06,0.00053962844,True,79309835631569416,720575940621031006,79309835631561611,720575940628800207,[506828 277120 108240],[506732 277176 108240]
8783299,2021-03-09 20:14:58.183080+00:00,,True,54.886616,135.0,0.00024418463,0.99970335,5.3598438e-08,1.7873397e-06,8.434839e-08,5.0483464e-05,True,80083891951604268,720575940621031006,80083960671086773,720575940623222712,[549384 281080 145480],[549372 281168 145480]
191068147,2021-03-09 20:14:58.183080+00:00,,True,242.31006,137.0,0.00047433403,0.9989158,5.5611173e-09,9.355586e-08,7.237919e-05,0.0005373489,True,79730811280183304,720575940621031006,79730811280195524,720575940632409130,[530752 207052 147360],[530820 206988 147360]
191068152,2021-03-09 20:14:58.183080+00:00,,True,11.453554,69.0,0.0022129235,0.9889052,4.7611408e-07,1.0926734e-05,0.0006282963,0.008242138,True,79730811280183304,720575940621031006,79730811280195524,720575940632409130,[530744 207072 147360],[530768 206992 147440]
153902873,2021-03-09 20:14:58.183080+00:00,,True,249.1767,161.0,0.06003076,0.74759126,0.008357029,6.146674e-05,0.018932557,0.16502695,True,79450092016710724,720575940630460975,79450092016698689,720575940620328828,[513556 248928  94840],[513640 248808  94840]
70029979,2021-03-09 20:14:58.183080+00:00,,True,121.12178,28.0,0.010378496,0.9817293,0.0032741523,2.658983e-08,0.0018987999,0.002719241,True,79380067071011779,720575940621680774,79380067071005607,720575940620328828,[508488 271716 149480],[508336 271708 149440]
106195056,2021-03-09 20:14:58.183080+00:00,,True,110.5206,29.0,2.6366119e-05,0.9999194,7.28183e-10,7.822903e-08,6.1765713e-09,5.40848e-05,True,79450641973387487,720575940621031006,79450641973388094,720575940620328828,[512480 282752 144040],[512400 282772 144000]
115320248,2021-03-09 20:14:58.183080+00:00,,True,379.237,149.0,0.0004026021,0.8593081,1.6032428e-06,7.2776596e-10,0.012648919,0.12763873,True,79450641906903752,720575940618725547,79450641906903700,720575940628800207,[512320 284148 141240],[512220 284136 141240]
126029700,2021-03-09 20:14:58.183080+00:00,,True,474.37216,112.0,0.011080835,0.7692545,0.0030799683,9.095477e-06,0.04187229,0.17470333,True,79379929431157099,720575940622905383,79379929431151059,720575940653053601,[509048 262756 100240],[509080 262908 100280]
120010822,2021-03-09 20:14:58.183080+00:00,,True,88.67737,68.0,0.008574324,0.9232942,7.3435425e-05,1.5248372e-05,0.0027320844,0.06531075,True,79380066870170640,720575940632998114,79379998150704051,720575940620328828,[510608 268928 101880],[510632 268796 101880]
132924586,2021-03-09 20:14:58.183080+00:00,,True,164.65988,6.0,0.0019277872,0.12770125,0.00028155468,5.2416258e-08,0.87007076,1.8647814e-05,True,79309698192499392,720575940616777024,79309698192494230,720575940628800207,[506124 271648 105120],[505984 271692 105080]
224418345,2021-03-09 20:14:58.183080+00:00,,True,5.7228575,0.0,0.28760022,0.38740498,0.18076406,8.5632586e-05,0.11862292,0.02552221,True,79380204375935567,720575940618111889,79380204375951946,720575940653053601,[510628 280904 114840],[510624 280820 114840]
224418348,2021-03-09 20:14:58.183080+00:00,,True,61.736412,2.0,0.0779408,0.41892987,0.088882685,8.546473e-06,0.41141713,0.0028209833,True,79380204375935567,720575940618111889,79380204375951946,720575940653053601,[510596 280920 114920],[510548 280812 114920]
242991353,2021-03-09 20:14:58.183080+00:00,,True,278.61157,133.0,0.22135434,0.6819891,0.0074304347,0.0019404348,0.07755198,0.009733759,True,80153985818230313,720575940620390054,80153985818237320,720575940623222712,[553208 261572 156280],[553276 261640 156280]
132917144,2021-03-09 20:14:58.183080+00:00,,True,396.5522,140.0,0.009977696,0.8355625,0.0009618158,0.00019553785,0.0088494485,0.144453,True,79380066936657159,720575940632998114,79380066936667286,720575940653053601,[510144 269552 104920],[510180 269448 104960]
45099806,2021-03-09 20:14:58.183080+00:00,,True,13.367025,0.0,0.26066336,0.34403232,0.016094057,0.06223223,0.16764903,0.149329,True,78745442703355833,720575940630210375,78745442703373726,720575940620328828,[473944 193484 150520],[473936 193464 150560]
95262236,2021-03-09 20:14:58.183080+00:00,,True,103.23616,64.0,0.020219982,0.8104499,0.022774484,0.0017567773,0.0069434526,0.13785537,True,78674455416929843,720575940636524777,78674455416926290,720575940620328828,[469820 156532 133880],[469796 156424 133880]
139011028,2021-03-09 20:14:58.183080+00:00,,True,41.709896,173.0,0.045398187,0.30220187,0.6114479,0.004179402,0.0050537745,0.031718932,True,79379792193479953,720575940623112119,79309423449284146,720575940628800207,[507628 252484 160200],[507504 252452 160120]
196461675,2021-03-09 20:14:58.183080+00:00,,True,345.15884,143.0,0.015730249,0.0047998712,0.0017718407,0.11607693,0.8313588,0.03026238,True,81491266969622355,720575940622474868,81491266969619764,720575940615899622,[632308 280568 193920],[632224 280516 193920]
43326851,2021-03-09 20:14:58.183080+00:00,,True,79.18002,10.0,0.00017310158,0.0006194996,0.999196,2.0700401e-08,9.357827e-06,2.1231695e-06,True,79942123671364118,720575940628939052,79942123671355449,720575940625963432,[543232 216500 153680],[543144 216396 153640]
69708924,2021-03-09 20:14:58.183080+00:00,,True,133.50833,151.0,0.081216,0.1203407,0.7937457,0.0011295847,0.0011907667,0.0023772323,True,78815742727994876,720575940628236554,78815742728002217,720575940620328828,[475344 187424 148080],[475268 187344 148120]
116921728,2021-03-09 20:14:58.183080+00:00,,True,158.09482,80.0,0.0153995035,0.5591037,0.42418426,9.7109105e-06,0.0005618653,0.0007408824,True,78815399063962892,720575940621947302,78815399063983006,720575940653053601,[475288 167512 141560],[475396 167480 141560]
116921730,2021-03-09 20:14:58.183080+00:00,,True,13.374945,106.0,0.025453197,0.64947504,0.32359406,1.6775037e-05,0.0005764638,0.0008844876,True,78815399063962892,720575940621947302,78815399063983006,720575940653053601,[475280 167520 141560],[475368 167496 141600]
227690901,2021-03-09 20:14:58.183080+00:00,,True,333.06622,145.0,0.0019124213,0.9776314,0.00017298934,0.0013303597,0.00016745353,0.018785438,True,78674524136507159,720575940621947302,78674524136503088,720575940653053601,[466840 161340 136720],[466876 161240 136720]
